CustomerID,purchase_frequency,purchase_value,customer_activity_days,hierarchical_cluster,customer_segment
12346.0,1,77183.6,325,3,Loyal / High-Value Customers
12347.0,7,4310.0,1,1,Regular Customers
12348.0,4,1797.24,74,1,Regular Customers
12349.0,1,1757.55,18,1,Regular Customers
12350.0,1,334.40000000000003,309,2,At-Risk / Fading Customers
12352.0,8,2506.04,35,1,Regular Customers
12353.0,1,89.0,203,2,At-Risk / Fading Customers
12354.0,1,1079.4,231,2,At-Risk / Fading Customers
12355.0,1,459.4,213,2,At-Risk / Fading Customers
12356.0,3,2811.43,22,1,Regular Customers
12357.0,1,6207.67,32,1,Regular Customers
12358.0,2,1168.06,1,1,Regular Customers
12359.0,4,6310.03,57,1,Regular Customers
12360.0,3,2662.06,51,1,Regular Customers
12361.0,1,189.9,286,2,At-Risk / Fading Customers
12362.0,10,5226.2300000000005,2,1,Regular Customers
12363.0,2,552.0,109,1,Regular Customers
12364.0,4,1313.1,7,1,Regular Customers
12365.0,2,641.38,290,2,At-Risk / Fading Customers
12367.0,1,168.9,3,1,Regular Customers
12370.0,4,3541.94,50,1,Regular Customers
12371.0,2,1887.96,44,1,Regular Customers
12372.0,3,1298.04,71,1,Regular Customers
12373.0,1,364.6,310,2,At-Risk / Fading Customers
12374.0,1,742.9300000000001,24,1,Regular Customers
12375.0,2,457.5,10,1,Regular Customers
12377.0,2,1628.12,314,2,At-Risk / Fading Customers
12378.0,1,4008.62,129,1,Regular Customers
12379.0,2,852.24,81,1,Regular Customers
12380.0,4,2724.81,21,1,Regular Customers
12381.0,5,1845.31,4,1,Regular Customers
12383.0,5,1850.56,184,2,At-Risk / Fading Customers
12384.0,2,585.27,28,1,Regular Customers
12386.0,2,401.9,337,2,At-Risk / Fading Customers
12388.0,6,2780.6600000000003,15,1,Regular Customers
12390.0,1,549.84,79,1,Regular Customers
12391.0,1,439.66,21,1,Regular Customers
12393.0,4,1582.6,71,1,Regular Customers
12394.0,2,1272.48,63,1,Regular Customers
12395.0,12,3018.63,18,1,Regular Customers
12397.0,2,2409.9,35,1,Regular Customers
12398.0,1,1635.66,45,1,Regular Customers
12399.0,4,1108.65,118,1,Regular Customers
12401.0,1,84.3,302,2,At-Risk / Fading Customers
12402.0,1,225.6,322,2,At-Risk / Fading Customers
12403.0,1,427.7,49,1,Regular Customers
12405.0,1,1710.39,148,2,At-Risk / Fading Customers
12406.0,2,3415.3,21,1,Regular Customers
12407.0,5,1708.12,49,1,Regular Customers
12408.0,5,2888.55,32,1,Regular Customers
12409.0,3,11072.67,78,1,Regular Customers
12410.0,2,693.33,308,2,At-Risk / Fading Customers
12412.0,3,1226.88,74,1,Regular Customers
12413.0,3,758.1,66,1,Regular Customers
12414.0,3,562.4100000000001,216,2,At-Risk / Fading Customers
12415.0,21,124914.53,23,0,VIP Customers
12417.0,9,3649.1,2,1,Regular Customers
12418.0,1,668.58,112,1,Regular Customers
12420.0,1,600.39,63,1,Regular Customers
12421.0,4,807.04,15,1,Regular Customers
12422.0,3,803.5600000000001,95,1,Regular Customers
12423.0,8,1859.31,0,1,Regular Customers
12424.0,2,1760.96,162,2,At-Risk / Fading Customers
12425.0,1,777.2,77,1,Regular Customers
12426.0,1,582.73,194,2,At-Risk / Fading Customers
12427.0,3,825.8000000000001,21,1,Regular Customers
12428.0,9,7956.46,25,1,Regular Customers
12429.0,4,3750.4,8,1,Regular Customers
12430.0,1,256.4,42,1,Regular Customers
12431.0,15,6419.95,35,1,Regular Customers
12432.0,5,5059.32,42,1,Regular Customers
12433.0,7,13375.87,0,1,Regular Customers
12434.0,2,806.14,84,1,Regular Customers
12435.0,2,7829.89,79,1,Regular Customers
12436.0,1,509.01,99,1,Regular Customers
12437.0,18,4951.41,1,3,Loyal / High-Value Customers
12438.0,2,2906.85,13,1,Regular Customers
12441.0,1,173.55,366,2,At-Risk / Fading Customers
12442.0,1,172.06,2,1,Regular Customers
12444.0,5,5005.46,20,1,Regular Customers
12445.0,1,133.4,21,1,Regular Customers
12446.0,1,1002.31,57,1,Regular Customers
12447.0,1,476.49,242,2,At-Risk / Fading Customers
12448.0,1,449.45,43,1,Regular Customers
12449.0,4,4067.29,21,1,Regular Customers
12450.0,2,197.88,155,2,At-Risk / Fading Customers
12451.0,5,9035.52,10,1,Regular Customers
12452.0,2,430.5700000000001,16,1,Regular Customers
12453.0,1,707.09,133,1,Regular Customers
12454.0,1,3528.34,55,1,Regular Customers
12455.0,6,2466.86,72,1,Regular Customers
12456.0,3,3181.04,43,1,Regular Customers
12457.0,7,2363.23,65,1,Regular Customers
12458.0,2,947.4,70,1,Regular Customers
12461.0,2,826.88,93,1,Regular Customers
12462.0,2,1189.59,18,1,Regular Customers
12463.0,4,1344.78,52,1,Regular Customers
12464.0,8,1212.05,9,1,Regular Customers
12465.0,2,742.19,16,1,Regular Customers
12468.0,2,729.54,187,2,At-Risk / Fading Customers
12471.0,30,19788.65,1,3,Loyal / High-Value Customers
12472.0,7,6572.11,31,1,Regular Customers
12473.0,5,3928.05,28,1,Regular Customers
12474.0,18,7324.09,16,3,Loyal / High-Value Customers
12475.0,1,723.38,53,1,Regular Customers
12476.0,11,6816.42,15,1,Regular Customers
12477.0,6,13219.74,22,1,Regular Customers
12478.0,1,680.99,3,1,Regular Customers
12479.0,1,527.2,10,1,Regular Customers
12480.0,4,3281.63,27,1,Regular Customers
12481.0,10,5579.82,22,1,Regular Customers
12483.0,8,2484.98,16,1,Regular Customers
12484.0,6,4527.32,32,1,Regular Customers
12488.0,3,1298.66,9,1,Regular Customers
12489.0,1,334.93,335,2,At-Risk / Fading Customers
12490.0,10,5417.93,4,1,Regular Customers
12491.0,1,460.4,38,1,Regular Customers
12492.0,2,263.21000000000004,62,1,Regular Customers
12493.0,2,433.74,165,2,At-Risk / Fading Customers
12494.0,7,1246.1,15,1,Regular Customers
12497.0,1,1043.1,81,1,Regular Customers
12498.0,3,403.7000000000001,20,1,Regular Customers
12500.0,11,4257.82,22,1,Regular Customers
12501.0,1,2169.39,336,2,At-Risk / Fading Customers
12502.0,5,3723.87,95,1,Regular Customers
12504.0,2,482.05,17,1,Regular Customers
12506.0,1,73.5,232,2,At-Risk / Fading Customers
12507.0,3,1304.81,133,2,At-Risk / Fading Customers
12508.0,2,397.88,25,1,Regular Customers
12509.0,1,176.5,283,2,At-Risk / Fading Customers
12510.0,2,982.57,142,2,At-Risk / Fading Customers
12512.0,2,132.18,65,1,Regular Customers
12513.0,1,612.29,112,1,Regular Customers
12514.0,1,1017.68,266,2,At-Risk / Fading Customers
12515.0,1,383.7,352,2,At-Risk / Fading Customers
12516.0,2,1312.06,77,1,Regular Customers
12517.0,5,2481.6,27,1,Regular Customers
12518.0,5,2056.89,0,1,Regular Customers
12519.0,1,330.84000000000003,63,1,Regular Customers
12520.0,5,2634.26,78,1,Regular Customers
12521.0,1,599.68,142,2,At-Risk / Fading Customers
12522.0,2,192.72,38,1,Regular Customers
12523.0,11,1789.77,18,1,Regular Customers
12524.0,8,4485.72,8,1,Regular Customers
12526.0,3,1316.66,0,1,Regular Customers
12527.0,3,348.71000000000004,81,1,Regular Customers
12528.0,6,1933.48,8,1,Regular Customers
12530.0,4,1662.28,59,1,Regular Customers
12531.0,1,125.22,14,1,Regular Customers
12532.0,1,349.83000000000004,29,1,Regular Customers
12534.0,1,1089.18,130,1,Regular Customers
12535.0,2,716.35,91,1,Regular Customers
12536.0,3,12601.830000000002,42,1,Regular Customers
12538.0,1,363.95,28,1,Regular Customers
12539.0,4,5568.35,21,1,Regular Customers
12540.0,17,13400.24,19,3,Loyal / High-Value Customers
12541.0,3,981.18,29,1,Regular Customers
12544.0,1,372.7,35,1,Regular Customers
12545.0,2,1000.39,74,1,Regular Customers
12546.0,2,1161.5,46,1,Regular Customers
12547.0,2,207.8,197,2,At-Risk / Fading Customers
12548.0,1,95.2,165,2,At-Risk / Fading Customers
12550.0,1,964.83,78,1,Regular Customers
12551.0,1,168.0,357,2,At-Risk / Fading Customers
12552.0,2,437.82,38,1,Regular Customers
12553.0,10,3692.28,7,1,Regular Customers
12556.0,2,599.56,49,1,Regular Customers
12557.0,5,11990.96,15,1,Regular Customers
12558.0,1,269.96,7,1,Regular Customers
12559.0,2,561.71,310,2,At-Risk / Fading Customers
12560.0,3,2134.01,4,1,Regular Customers
12561.0,1,238.85,302,2,At-Risk / Fading Customers
12562.0,7,3781.74,7,1,Regular Customers
12564.0,1,456.9,260,2,At-Risk / Fading Customers
12565.0,1,145.92000000000002,288,2,At-Risk / Fading Customers
12566.0,1,351.65,85,1,Regular Customers
12567.0,10,9401.28,22,1,Regular Customers
12569.0,32,4124.6900000000005,1,3,Loyal / High-Value Customers
12571.0,2,519.61,39,1,Regular Customers
12572.0,2,1020.42,8,1,Regular Customers
12573.0,1,160.54000000000002,226,2,At-Risk / Fading Customers
12574.0,1,218.45,315,2,At-Risk / Fading Customers
12576.0,5,1315.83,35,1,Regular Customers
12577.0,3,626.6,34,1,Regular Customers
12578.0,2,2794.51,20,1,Regular Customers
12579.0,1,440.42,77,1,Regular Customers
12580.0,1,415.7,246,2,At-Risk / Fading Customers
12581.0,1,197.71,39,1,Regular Customers
12582.0,2,511.36,238,2,At-Risk / Fading Customers
12583.0,15,7281.38,2,1,Regular Customers
12584.0,9,2338.15,3,1,Regular Customers
12585.0,2,2040.1,233,2,At-Risk / Fading Customers
12586.0,1,196.94000000000003,16,1,Regular Customers
12587.0,1,144.0,7,1,Regular Customers
12588.0,1,214.9,38,1,Regular Customers
12589.0,2,646.68,28,1,Regular Customers
12590.0,2,9864.26,210,2,At-Risk / Fading Customers
12591.0,1,452.85,316,2,At-Risk / Fading Customers
12592.0,2,437.6,91,1,Regular Customers
12593.0,3,418.1,108,1,Regular Customers
12594.0,10,3338.2200000000003,37,1,Regular Customers
12596.0,2,618.27,50,1,Regular Customers
12597.0,4,3811.22,18,1,Regular Customers
12598.0,8,3023.08,9,1,Regular Customers
12599.0,7,1032.58,28,1,Regular Customers
12600.0,10,2599.04,28,1,Regular Customers
12601.0,5,577.0600000000001,189,2,At-Risk / Fading Customers
12602.0,1,153.12,58,1,Regular Customers
12603.0,1,739.1999999999999,21,1,Regular Customers
12604.0,2,254.18,78,1,Regular Customers
12607.0,1,1579.51,59,1,Regular Customers
12609.0,3,1126.85,77,1,Regular Customers
12610.0,5,2099.54,22,1,Regular Customers
12611.0,1,1193.32,51,1,Regular Customers
12612.0,1,704.04,73,1,Regular Customers
12613.0,5,3344.38,56,1,Regular Customers
12614.0,1,315.6,277,2,At-Risk / Fading Customers
12615.0,4,2291.19,1,1,Regular Customers
12616.0,2,713.3,94,1,Regular Customers
12617.0,1,352.98,28,1,Regular Customers
12618.0,1,177.31,21,1,Regular Customers
12619.0,9,3641.24,15,1,Regular Customers
12620.0,3,1339.41,14,1,Regular Customers
12621.0,20,13689.67,1,3,Loyal / High-Value Customers
12622.0,1,180.1,231,2,At-Risk / Fading Customers
12623.0,1,305.1,275,2,At-Risk / Fading Customers
12624.0,2,641.13,105,1,Regular Customers
12625.0,2,2683.82,211,2,At-Risk / Fading Customers
12626.0,9,6620.4800000000005,22,1,Regular Customers
12627.0,7,4478.53,10,1,Regular Customers
12628.0,3,786.46,3,1,Regular Customers
12630.0,2,1270.88,9,1,Regular Customers
12631.0,1,640.5,56,1,Regular Customers
12633.0,4,2163.98,58,1,Regular Customers
12635.0,2,1689.18,89,1,Regular Customers
12637.0,8,6002.9,66,1,Regular Customers
12638.0,1,671.69,32,1,Regular Customers
12639.0,1,486.1,238,2,At-Risk / Fading Customers
12640.0,3,1174.58,23,1,Regular Customers
12641.0,1,185.9,114,1,Regular Customers
12642.0,3,1013.26,24,1,Regular Customers
12643.0,6,3344.64,127,2,At-Risk / Fading Customers
12644.0,1,477.91,129,1,Regular Customers
12645.0,4,1775.18,33,1,Regular Customers
12646.0,2,1346.97,4,1,Regular Customers
12647.0,12,3722.82,21,1,Regular Customers
12648.0,1,318.05,154,2,At-Risk / Fading Customers
12649.0,3,623.51,106,1,Regular Customers
12650.0,1,314.44,2,1,Regular Customers
12651.0,1,114.0,334,2,At-Risk / Fading Customers
12652.0,1,919.98,330,2,At-Risk / Fading Customers
12653.0,2,2209.85,148,2,At-Risk / Fading Customers
12654.0,5,601.98,10,1,Regular Customers
12656.0,5,4051.17,16,1,Regular Customers
12657.0,4,1643.18,10,1,Regular Customers
12658.0,1,686.05,18,1,Regular Customers
12659.0,1,91.68,29,1,Regular Customers
12660.0,1,245.1,10,1,Regular Customers
12662.0,11,3849.78,0,1,Regular Customers
12664.0,9,4881.88,7,1,Regular Customers
12665.0,1,63.0,324,2,At-Risk / Fading Customers
12667.0,1,620.13,57,1,Regular Customers
12668.0,4,3807.15,11,1,Regular Customers
12669.0,3,2744.03,150,2,At-Risk / Fading Customers
12670.0,5,2996.05,9,1,Regular Customers
12672.0,1,225.9,329,2,At-Risk / Fading Customers
12673.0,2,610.52,4,1,Regular Customers
12674.0,4,1970.6,38,1,Regular Customers
12676.0,6,1331.39,24,1,Regular Customers
12678.0,12,17628.46,41,1,Regular Customers
12679.0,4,1113.02,58,1,Regular Customers
12680.0,4,862.81,0,1,Regular Customers
12681.0,22,13787.54,14,3,Loyal / High-Value Customers
12682.0,31,12279.82,3,3,Loyal / High-Value Customers
12683.0,15,8476.57,3,1,Regular Customers
12684.0,7,2283.63,7,1,Regular Customers
12685.0,6,2863.08,27,1,Regular Customers
12686.0,1,89.14,371,2,At-Risk / Fading Customers
12688.0,1,4873.81,113,1,Regular Customers
12689.0,2,1247.61,25,1,Regular Customers
12690.0,1,389.01,205,2,At-Risk / Fading Customers
12691.0,6,1035.8,27,1,Regular Customers
12693.0,4,855.91,126,1,Regular Customers
12694.0,2,869.67,69,1,Regular Customers
12695.0,4,582.1,6,1,Regular Customers
12697.0,3,957.59,28,1,Regular Customers
12700.0,4,4939.99,7,1,Regular Customers
12701.0,2,797.71,79,1,Regular Customers
12702.0,1,219.0,19,1,Regular Customers
12703.0,1,283.55,70,1,Regular Customers
12704.0,8,2340.84,6,1,Regular Customers
12705.0,9,6868.29,14,1,Regular Customers
12707.0,1,603.42,291,2,At-Risk / Fading Customers
12708.0,10,2712.91,29,1,Regular Customers
12709.0,15,9706.52,14,1,Regular Customers
12710.0,3,1149.02,96,1,Regular Customers
12712.0,13,4396.13,28,1,Regular Customers
12713.0,1,848.55,0,1,Regular Customers
12714.0,5,4708.86,8,1,Regular Customers
12715.0,1,343.36,105,1,Regular Customers
12716.0,2,1053.49,3,1,Regular Customers
12717.0,2,1030.98,150,2,At-Risk / Fading Customers
12718.0,1,238.25,70,1,Regular Customers
12719.0,2,644.95,4,1,Regular Customers
12720.0,25,5781.7300000000005,2,3,Loyal / High-Value Customers
12721.0,6,2656.13,31,1,Regular Customers
12722.0,4,997.63,84,1,Regular Customers
12723.0,5,725.07,3,1,Regular Customers
12724.0,4,1031.41,4,1,Regular Customers
12725.0,1,427.8,370,2,At-Risk / Fading Customers
12726.0,7,2609.1,27,1,Regular Customers
12727.0,7,3980.7,10,1,Regular Customers
12728.0,4,836.33,70,1,Regular Customers
12729.0,1,453.01,113,1,Regular Customers
12731.0,12,18895.91,23,1,Regular Customers
12732.0,1,236.26,179,2,At-Risk / Fading Customers
12733.0,1,383.95,233,2,At-Risk / Fading Customers
12734.0,1,110.4,352,2,At-Risk / Fading Customers
12735.0,2,779.5699999999999,314,2,At-Risk / Fading Customers
12736.0,1,234.0,332,2,At-Risk / Fading Customers
12738.0,1,155.35,371,2,At-Risk / Fading Customers
12739.0,2,1013.04,77,1,Regular Customers
12740.0,1,427.6,63,1,Regular Customers
12743.0,2,540.13,133,2,At-Risk / Fading Customers
12744.0,7,21279.29,51,1,Regular Customers
12747.0,11,4196.01,1,1,Regular Customers
12748.0,209,33053.19,0,0,VIP Customers
12749.0,5,4090.88,3,1,Regular Customers
12750.0,1,275.88,128,1,Regular Customers
12752.0,1,4366.78,80,1,Regular Customers
12753.0,6,21429.39,22,1,Regular Customers
12754.0,3,3010.74,235,2,At-Risk / Fading Customers
12755.0,2,3811.95,280,2,At-Risk / Fading Customers
12756.0,1,112.08,86,1,Regular Customers
12757.0,13,7834.650000000001,15,1,Regular Customers
12758.0,2,2791.59,116,2,At-Risk / Fading Customers
12759.0,3,1531.44,51,1,Regular Customers
12762.0,2,1898.52,7,1,Regular Customers
12763.0,2,494.08,137,2,At-Risk / Fading Customers
12764.0,1,1693.88,316,2,At-Risk / Fading Customers
12766.0,7,6989.63,3,1,Regular Customers
12769.0,1,1143.6,238,2,At-Risk / Fading Customers
12770.0,1,1351.45,210,2,At-Risk / Fading Customers
12772.0,1,892.47,59,1,Regular Customers
12775.0,5,1386.04,16,1,Regular Customers
12778.0,6,822.23,19,1,Regular Customers
12779.0,8,3981.36,37,1,Regular Customers
12781.0,2,826.74,63,1,Regular Customers
12782.0,5,2330.92,4,1,Regular Customers
12783.0,6,2225.91,1,1,Regular Customers
12784.0,2,532.82,8,1,Regular Customers
12785.0,1,311.95,363,2,At-Risk / Fading Customers
12787.0,3,463.66,9,1,Regular Customers
12789.0,1,91.85,64,1,Regular Customers
12790.0,1,324.92,191,2,At-Risk / Fading Customers
12791.0,1,192.6,373,2,At-Risk / Fading Customers
12792.0,1,400.54,256,2,At-Risk / Fading Customers
12793.0,2,545.48,334,2,At-Risk / Fading Customers
12794.0,2,860.41,52,1,Regular Customers
12795.0,1,430.48,18,1,Regular Customers
12797.0,1,254.03,365,2,At-Risk / Fading Customers
12798.0,3,6977.04,9,1,Regular Customers
12802.0,1,427.58,186,2,At-Risk / Fading Customers
12808.0,3,483.65,36,1,Regular Customers
12809.0,1,489.31,177,2,At-Risk / Fading Customers
12811.0,3,514.85,260,2,At-Risk / Fading Customers
12812.0,1,229.64,44,1,Regular Customers
12814.0,1,125.92,101,1,Regular Customers
12815.0,2,1063.46,147,2,At-Risk / Fading Customers
12816.0,2,572.2,95,1,Regular Customers
12817.0,1,166.04000000000002,280,2,At-Risk / Fading Customers
12818.0,1,1542.08,261,2,At-Risk / Fading Customers
12820.0,4,942.34,2,1,Regular Customers
12821.0,1,92.72,213,2,At-Risk / Fading Customers
12822.0,2,948.88,70,1,Regular Customers
12823.0,5,1759.5,74,1,Regular Customers
12824.0,1,397.12,59,1,Regular Customers
12826.0,7,1474.72,2,1,Regular Customers
12827.0,3,430.15,5,1,Regular Customers
12828.0,6,1018.71,2,1,Regular Customers
12829.0,2,293.0,336,2,At-Risk / Fading Customers
12830.0,6,6814.64,37,1,Regular Customers
12831.0,1,215.05,261,2,At-Risk / Fading Customers
12832.0,2,383.03,31,1,Regular Customers
12833.0,1,417.38,144,2,At-Risk / Fading Customers
12834.0,1,312.38,282,2,At-Risk / Fading Customers
12836.0,4,2610.36,58,1,Regular Customers
12837.0,1,134.1,172,2,At-Risk / Fading Customers
12838.0,2,671.95,33,1,Regular Customers
12839.0,14,5591.42,2,1,Regular Customers
12840.0,4,2726.77,143,2,At-Risk / Fading Customers
12841.0,25,3991.58,4,3,Loyal / High-Value Customers
12842.0,2,1118.99,69,1,Regular Customers
12843.0,8,1702.26,65,1,Regular Customers
12844.0,2,325.96000000000004,28,1,Regular Customers
12845.0,4,354.09000000000003,266,2,At-Risk / Fading Customers
12847.0,1,843.64,21,1,Regular Customers
12849.0,2,1010.29,30,1,Regular Customers
12851.0,1,131.81,96,1,Regular Customers
12852.0,1,311.55,294,2,At-Risk / Fading Customers
12853.0,6,1957.1,134,2,At-Risk / Fading Customers
12854.0,3,1316.25,78,1,Regular Customers
12855.0,1,38.1,372,2,At-Risk / Fading Customers
12856.0,6,2170.78,7,1,Regular Customers
12857.0,2,1106.4,210,2,At-Risk / Fading Customers
12863.0,1,521.2,51,1,Regular Customers
12864.0,1,147.12,137,1,Regular Customers
12865.0,2,1568.23,25,1,Regular Customers
12866.0,1,559.12,282,2,At-Risk / Fading Customers
12867.0,7,4009.34,25,1,Regular Customers
12868.0,6,1607.0600000000002,185,2,At-Risk / Fading Customers
12871.0,2,380.64,83,1,Regular Customers
12872.0,2,599.97,326,2,At-Risk / Fading Customers
12873.0,1,374.0,281,2,At-Risk / Fading Customers
12875.0,2,343.2300000000001,142,2,At-Risk / Fading Customers
12876.0,2,2218.02,57,1,Regular Customers
12877.0,12,1535.77,3,1,Regular Customers
12878.0,2,854.99,235,2,At-Risk / Fading Customers
12879.0,3,573.22,44,1,Regular Customers
12881.0,1,298.0,275,2,At-Risk / Fading Customers
12882.0,2,1463.04,8,1,Regular Customers
12883.0,4,703.47,24,1,Regular Customers
12884.0,1,309.05,87,1,Regular Customers
12885.0,3,1175.22,62,1,Regular Customers
12886.0,2,1378.4,67,1,Regular Customers
12888.0,2,354.12,213,2,At-Risk / Fading Customers
12890.0,1,376.72,23,1,Regular Customers
12891.0,3,331.0,185,2,At-Risk / Fading Customers
12893.0,1,176.55,30,1,Regular Customers
12895.0,2,372.8,41,1,Regular Customers
12897.0,2,216.5,204,2,At-Risk / Fading Customers
12901.0,28,17654.54,8,3,Loyal / High-Value Customers
12902.0,1,138.68,264,2,At-Risk / Fading Customers
12904.0,2,496.06,17,1,Regular Customers
12906.0,5,2919.81,11,1,Regular Customers
12908.0,2,750.0,175,2,At-Risk / Fading Customers
12909.0,5,2178.67,39,1,Regular Customers
12910.0,8,3075.04,22,1,Regular Customers
12912.0,5,1662.3,2,1,Regular Customers
12913.0,5,2483.63,4,1,Regular Customers
12915.0,2,363.65,148,2,At-Risk / Fading Customers
12916.0,4,2944.95,138,2,At-Risk / Fading Customers
12917.0,1,594.0,127,1,Regular Customers
12919.0,6,1335.19,7,1,Regular Customers
12920.0,1,162.78,16,1,Regular Customers
12921.0,37,16587.09,8,3,Loyal / High-Value Customers
12922.0,1,405.38,160,2,At-Risk / Fading Customers
12923.0,1,172.82,63,1,Regular Customers
12924.0,4,933.7,87,1,Regular Customers
12925.0,2,694.05,4,1,Regular Customers
12928.0,5,2062.7,34,1,Regular Customers
12929.0,1,117.85,311,2,At-Risk / Fading Customers
12930.0,2,415.8,77,1,Regular Customers
12931.0,15,42055.96,21,3,Loyal / High-Value Customers
12933.0,3,607.53,23,1,Regular Customers
12935.0,7,2160.7,1,1,Regular Customers
12936.0,4,1063.9,16,1,Regular Customers
12937.0,4,1504.27,14,1,Regular Customers
12938.0,1,114.14,25,1,Regular Customers
12939.0,8,11581.8,63,1,Regular Customers
12940.0,2,899.69,54,1,Regular Customers
12942.0,3,675.6,130,2,At-Risk / Fading Customers
12944.0,2,604.51,35,1,Regular Customers
12945.0,1,462.95,287,2,At-Risk / Fading Customers
12947.0,6,1603.99,143,2,At-Risk / Fading Customers
12948.0,7,2064.95,15,1,Regular Customers
12949.0,8,4167.22,30,1,Regular Customers
12950.0,3,1843.0,1,1,Regular Customers
12951.0,6,1064.07,8,1,Regular Customers
12952.0,4,1387.79,5,1,Regular Customers
12953.0,1,329.85,9,1,Regular Customers
12955.0,11,4757.16,0,1,Regular Customers
12956.0,1,108.07,305,2,At-Risk / Fading Customers
12957.0,8,4017.54,9,1,Regular Customers
12962.0,2,266.39,6,1,Regular Customers
12963.0,8,1856.63,7,1,Regular Customers
12965.0,1,769.8100000000001,88,1,Regular Customers
12966.0,1,160.18,9,1,Regular Customers
12967.0,2,1660.9,357,2,At-Risk / Fading Customers
12968.0,1,135.95,111,1,Regular Customers
12970.0,4,405.47,6,1,Regular Customers
12971.0,86,11189.91,3,0,VIP Customers
12974.0,1,144.8,197,2,At-Risk / Fading Customers
12976.0,1,738.6,211,2,At-Risk / Fading Customers
12977.0,1,39.24,155,2,At-Risk / Fading Customers
12980.0,9,7374.900000000001,157,1,Regular Customers
12981.0,2,372.22,29,1,Regular Customers
12982.0,1,390.54,242,2,At-Risk / Fading Customers
12984.0,1,97.5,18,1,Regular Customers
12985.0,2,1239.38,0,1,Regular Customers
12987.0,2,558.7,73,1,Regular Customers
12988.0,1,505.82,291,2,At-Risk / Fading Customers
12989.0,15,6924.11,2,1,Regular Customers
12990.0,3,409.5,30,1,Regular Customers
12991.0,2,503.76,22,1,Regular Customers
12993.0,4,414.76,22,1,Regular Customers
12994.0,3,974.42,3,1,Regular Customers
12995.0,1,211.32,84,1,Regular Customers
12997.0,4,1226.89,21,1,Regular Customers
12999.0,3,455.88,195,2,At-Risk / Fading Customers
13000.0,3,534.85,106,1,Regular Customers
13001.0,13,9785.97,3,1,Regular Customers
13002.0,1,120.95,317,2,At-Risk / Fading Customers
13003.0,3,149.05,105,1,Regular Customers
13004.0,18,5655.91,11,3,Loyal / High-Value Customers
13005.0,2,513.7,173,2,At-Risk / Fading Customers
13006.0,1,81.57,55,1,Regular Customers
13008.0,1,229.47,322,2,At-Risk / Fading Customers
13011.0,1,50.55,371,2,At-Risk / Fading Customers
13012.0,8,1646.84,8,1,Regular Customers
13013.0,13,4810.9400000000005,0,1,Regular Customers
13014.0,10,3466.28,10,1,Regular Customers
13015.0,5,3339.64,52,1,Regular Customers
13016.0,3,789.89,72,1,Regular Customers
13017.0,1,204.0,6,1,Regular Customers
13018.0,28,7277.7,15,3,Loyal / High-Value Customers
13021.0,9,2616.38,3,1,Regular Customers
13023.0,2,689.9,63,1,Regular Customers
13026.0,5,975.36,0,1,Regular Customers
13027.0,6,6912.0,113,1,Regular Customers
13028.0,2,661.3199999999999,22,1,Regular Customers
13029.0,3,1247.5,30,1,Regular Customers
13030.0,2,752.44,10,1,Regular Customers
13032.0,2,1010.18,51,1,Regular Customers
13033.0,1,190.55,356,2,At-Risk / Fading Customers
13034.0,2,642.77,54,1,Regular Customers
13035.0,2,921.88,73,1,Regular Customers
13037.0,3,881.07,137,2,At-Risk / Fading Customers
13038.0,3,908.46,79,1,Regular Customers
13040.0,2,676.99,8,1,Regular Customers
13043.0,1,516.42,272,2,At-Risk / Fading Customers
13044.0,1,560.47,290,2,At-Risk / Fading Customers
13045.0,1,305.28000000000003,98,1,Regular Customers
13046.0,2,629.31,30,1,Regular Customers
13047.0,10,3237.54,31,1,Regular Customers
13048.0,4,1819.41,13,1,Regular Customers
13049.0,2,656.6800000000001,63,1,Regular Customers
13050.0,17,5836.86,14,3,Loyal / High-Value Customers
13052.0,1,348.15000000000003,211,2,At-Risk / Fading Customers
13055.0,3,1214.41,77,1,Regular Customers
13058.0,3,271.40000000000003,24,1,Regular Customers
13059.0,1,183.4,249,2,At-Risk / Fading Customers
13060.0,1,307.53000000000003,253,2,At-Risk / Fading Customers
13061.0,1,248.61,71,1,Regular Customers
13062.0,1,346.98,190,2,At-Risk / Fading Customers
13064.0,4,1105.59,12,1,Regular Customers
13065.0,1,205.86,372,2,At-Risk / Fading Customers
13066.0,2,470.8,23,1,Regular Customers
13067.0,1,115.46,81,1,Regular Customers
13068.0,2,344.0,9,1,Regular Customers
13069.0,24,4431.44,0,3,Loyal / High-Value Customers
13070.0,1,228.8,191,2,At-Risk / Fading Customers
13072.0,1,177.15,266,2,At-Risk / Fading Customers
13075.0,1,919.61,129,1,Regular Customers
13077.0,4,728.02,0,1,Regular Customers
13078.0,26,12627.94,2,3,Loyal / High-Value Customers
13079.0,5,220.1,3,1,Regular Customers
13080.0,1,58.08,178,2,At-Risk / Fading Customers
13081.0,11,28337.38,11,3,Loyal / High-Value Customers
13082.0,9,3613.63,125,1,Regular Customers
13083.0,2,303.75,3,1,Regular Customers
13085.0,2,416.08,157,2,At-Risk / Fading Customers
13089.0,97,58762.08,2,0,VIP Customers
13090.0,14,8910.82,8,1,Regular Customers
13091.0,1,345.82,27,1,Regular Customers
13092.0,5,477.83,70,1,Regular Customers
13093.0,8,7832.47,275,2,At-Risk / Fading Customers
13094.0,12,1927.32,20,1,Regular Customers
13095.0,1,74.39999999999999,70,1,Regular Customers
13097.0,10,6003.22,32,1,Regular Customers
13098.0,28,28882.44,0,3,Loyal / High-Value Customers
13099.0,1,207.36,98,1,Regular Customers
13101.0,1,101.19,233,2,At-Risk / Fading Customers
13102.0,24,6424.09,0,3,Loyal / High-Value Customers
13103.0,1,243.94,39,1,Regular Customers
13104.0,6,1098.48,2,1,Regular Customers
13106.0,1,76.5,132,1,Regular Customers
13107.0,4,1531.62,43,1,Regular Customers
13108.0,1,350.06,372,2,At-Risk / Fading Customers
13109.0,2,786.54,59,1,Regular Customers
13110.0,7,1488.67,30,1,Regular Customers
13113.0,24,12245.96,0,3,Loyal / High-Value Customers
13115.0,4,2294.78,11,1,Regular Customers
13116.0,1,501.14,137,1,Regular Customers
13117.0,8,984.91,21,1,Regular Customers
13118.0,5,1197.81,19,1,Regular Customers
13120.0,1,30.6,238,2,At-Risk / Fading Customers
13121.0,1,283.73,268,2,At-Risk / Fading Customers
13122.0,2,922.39,93,1,Regular Customers
13124.0,3,3756.33,89,1,Regular Customers
13126.0,8,2099.64,4,1,Regular Customers
13127.0,1,259.17,77,1,Regular Customers
13130.0,1,64.0,93,1,Regular Customers
13131.0,3,1073.3,22,1,Regular Customers
13132.0,1,77.3,261,2,At-Risk / Fading Customers
13133.0,2,109.8,273,2,At-Risk / Fading Customers
13134.0,4,1793.58,85,1,Regular Customers
13135.0,1,3096.0,196,2,At-Risk / Fading Customers
13136.0,5,2607.61,55,1,Regular Customers
13137.0,8,3603.29,10,1,Regular Customers
13138.0,6,962.39,21,1,Regular Customers
13139.0,7,5064.9400000000005,15,1,Regular Customers
13140.0,3,422.47,107,1,Regular Customers
13141.0,5,2388.75,84,1,Regular Customers
13142.0,1,307.09000000000003,18,1,Regular Customers
13144.0,1,110.95,332,2,At-Risk / Fading Customers
13145.0,4,618.52,39,1,Regular Customers
13146.0,1,228.91,25,1,Regular Customers
13147.0,4,712.8,9,1,Regular Customers
13148.0,12,3683.26,28,1,Regular Customers
13149.0,4,1676.06,13,1,Regular Customers
13151.0,1,1257.87,295,2,At-Risk / Fading Customers
13153.0,1,486.22,5,1,Regular Customers
13155.0,4,971.76,32,1,Regular Customers
13157.0,4,1741.22,48,1,Regular Customers
13158.0,4,1201.06,94,1,Regular Customers
13159.0,4,1429.35,8,1,Regular Customers
13160.0,1,91.8,21,1,Regular Customers
13161.0,1,112.75,312,2,At-Risk / Fading Customers
13162.0,4,1688.29,121,1,Regular Customers
13165.0,2,1021.48,45,1,Regular Customers
13166.0,1,417.2,282,2,At-Risk / Fading Customers
13167.0,4,791.33,18,1,Regular Customers
13168.0,4,1299.59,35,1,Regular Customers
13169.0,2,712.88,63,1,Regular Customers
13170.0,1,108.81,26,1,Regular Customers
13171.0,3,468.41,21,1,Regular Customers
13173.0,2,353.65000000000003,3,1,Regular Customers
13174.0,3,2742.82,15,1,Regular Customers
13176.0,1,481.49,45,1,Regular Customers
13177.0,1,282.45,64,1,Regular Customers
13178.0,11,5725.47,25,1,Regular Customers
13182.0,1,121.18,44,1,Regular Customers
13183.0,9,3957.78,7,1,Regular Customers
13184.0,10,1668.95,14,1,Regular Customers
13185.0,1,71.4,267,2,At-Risk / Fading Customers
13186.0,3,1575.89,39,1,Regular Customers
13187.0,1,236.02,336,2,At-Risk / Fading Customers
13188.0,1,114.6,10,1,Regular Customers
13189.0,2,260.68,18,1,Regular Customers
13192.0,2,911.94,94,1,Regular Customers
13193.0,1,112.08,60,1,Regular Customers
13194.0,1,60.7,135,1,Regular Customers
13196.0,4,1797.78,10,1,Regular Customers
13198.0,6,3401.24,9,1,Regular Customers
13199.0,38,9817.12,3,3,Loyal / High-Value Customers
13200.0,4,870.09,18,1,Regular Customers
13203.0,4,869.46,9,1,Regular Customers
13207.0,2,250.26,14,1,Regular Customers
13208.0,6,1217.65,58,1,Regular Customers
13209.0,8,5891.61,29,1,Regular Customers
13210.0,1,353.48,93,1,Regular Customers
13211.0,3,1095.42,9,1,Regular Customers
13212.0,3,786.83,19,1,Regular Customers
13213.0,5,1520.58,56,1,Regular Customers
13216.0,1,333.74,267,2,At-Risk / Fading Customers
13217.0,3,533.98,121,1,Regular Customers
13218.0,1,62.64,126,1,Regular Customers
13220.0,4,819.2900000000001,77,1,Regular Customers
13221.0,2,847.41,239,2,At-Risk / Fading Customers
13223.0,2,163.2,199,2,At-Risk / Fading Customers
13224.0,2,2155.95,59,1,Regular Customers
13225.0,7,6463.84,2,1,Regular Customers
13226.0,1,108.21,272,2,At-Risk / Fading Customers
13227.0,1,257.7,201,2,At-Risk / Fading Customers
13228.0,1,358.0,80,1,Regular Customers
13229.0,1,160.95,225,2,At-Risk / Fading Customers
13230.0,14,2755.63,3,1,Regular Customers
13232.0,7,1328.35,12,1,Regular Customers
13233.0,2,605.12,73,1,Regular Customers
13235.0,1,1031.07,211,2,At-Risk / Fading Customers
13236.0,2,744.85,24,1,Regular Customers
13238.0,4,700.73,16,1,Regular Customers
13239.0,1,329.56,261,2,At-Risk / Fading Customers
13240.0,4,663.65,95,1,Regular Customers
13242.0,3,270.40000000000003,111,1,Regular Customers
13243.0,1,585.12,202,2,At-Risk / Fading Customers
13244.0,1,121.74,92,1,Regular Customers
13245.0,1,430.5,50,1,Regular Customers
13246.0,6,1961.52,17,1,Regular Customers
13247.0,4,501.12,17,1,Regular Customers
13248.0,2,465.68,124,1,Regular Customers
13249.0,3,711.41,91,1,Regular Customers
13253.0,2,1030.4,156,2,At-Risk / Fading Customers
13255.0,2,399.51,8,1,Regular Customers
13258.0,3,672.83,11,1,Regular Customers
13259.0,1,283.18,61,1,Regular Customers
13260.0,1,557.62,60,1,Regular Customers
13261.0,2,944.1,268,2,At-Risk / Fading Customers
13262.0,1,200.29,262,2,At-Risk / Fading Customers
13263.0,35,7436.93,0,3,Loyal / High-Value Customers
13265.0,5,2092.66,52,1,Regular Customers
13266.0,12,3834.26,10,1,Regular Customers
13267.0,19,4521.49,2,3,Loyal / High-Value Customers
13268.0,11,3174.75,17,1,Regular Customers
13269.0,15,5343.28,0,1,Regular Customers
13270.0,1,590.0,365,2,At-Risk / Fading Customers
13271.0,1,211.49,36,1,Regular Customers
13272.0,2,276.56,30,1,Regular Customers
13273.0,1,138.98,112,1,Regular Customers
13276.0,2,590.9300000000001,63,1,Regular Customers
13277.0,4,258.4,15,1,Regular Customers
13278.0,1,542.73,40,1,Regular Customers
13279.0,1,137.75,77,1,Regular Customers
13280.0,3,798.46,121,1,Regular Customers
13282.0,3,1132.14,17,1,Regular Customers
13283.0,2,93.66,59,1,Regular Customers
13284.0,1,201.19,330,2,At-Risk / Fading Customers
13285.0,4,2709.12,22,1,Regular Customers
13291.0,1,361.11,155,2,At-Risk / Fading Customers
13292.0,2,578.94,38,1,Regular Customers
13294.0,2,873.74,189,2,At-Risk / Fading Customers
13295.0,1,201.2,359,2,At-Risk / Fading Customers
13296.0,1,87.4,136,1,Regular Customers
13297.0,4,2089.85,7,1,Regular Customers
13298.0,1,360.0,0,1,Regular Customers
13299.0,1,142.5,267,2,At-Risk / Fading Customers
13300.0,1,371.89,168,2,At-Risk / Fading Customers
13301.0,4,618.09,103,1,Regular Customers
13302.0,1,63.75,154,2,At-Risk / Fading Customers
13304.0,1,300.42,350,2,At-Risk / Fading Customers
13305.0,10,2000.86,3,1,Regular Customers
13307.0,1,15.0,119,1,Regular Customers
13308.0,3,1385.51,22,1,Regular Customers
13309.0,5,1456.79,6,1,Regular Customers
13310.0,3,1132.03,27,1,Regular Customers
13311.0,2,598.57,3,1,Regular Customers
13313.0,5,1555.3200000000002,21,1,Regular Customers
13314.0,3,775.94,1,1,Regular Customers
13316.0,4,5732.93,36,1,Regular Customers
13317.0,6,2273.68,65,1,Regular Customers
13318.0,3,640.76,0,1,Regular Customers
13319.0,26,10845.55,4,3,Loyal / High-Value Customers
13320.0,4,1532.2,77,1,Regular Customers
13321.0,2,567.36,71,1,Regular Customers
13322.0,1,199.48,16,1,Regular Customers
13323.0,5,787.85,2,1,Regular Customers
13324.0,10,7121.95,35,1,Regular Customers
13325.0,1,675.3,81,1,Regular Customers
13327.0,8,3627.77,38,1,Regular Customers
13328.0,1,1308.48,315,2,At-Risk / Fading Customers
13329.0,2,789.0,31,1,Regular Customers
13330.0,3,1140.93,92,1,Regular Customers
13332.0,1,350.90000000000003,13,1,Regular Customers
13334.0,3,3502.32,81,1,Regular Customers
13336.0,1,795.12,76,1,Regular Customers
13338.0,1,487.02,157,2,At-Risk / Fading Customers
13339.0,1,860.12,200,2,At-Risk / Fading Customers
13340.0,7,10736.48,44,1,Regular Customers
13341.0,1,775.85,260,2,At-Risk / Fading Customers
13343.0,1,353.43,177,2,At-Risk / Fading Customers
13344.0,3,2511.69,67,1,Regular Customers
13345.0,1,389.5,287,2,At-Risk / Fading Customers
13347.0,1,341.36,69,1,Regular Customers
13348.0,1,233.76,63,1,Regular Customers
13349.0,1,247.32,10,1,Regular Customers
13350.0,2,979.12,15,1,Regular Customers
13351.0,1,373.94,65,1,Regular Customers
13352.0,1,397.98,59,1,Regular Customers
13354.0,1,743.53,70,1,Regular Customers
13355.0,1,674.7,121,1,Regular Customers
13356.0,1,768.24,79,1,Regular Customers
13357.0,1,609.4,256,2,At-Risk / Fading Customers
13358.0,1,439.03,268,2,At-Risk / Fading Customers
13359.0,1,439.56,63,1,Regular Customers
13362.0,4,3090.74,8,1,Regular Customers
13363.0,2,992.5,17,1,Regular Customers
13364.0,1,134.96,70,1,Regular Customers
13365.0,2,2225.37,33,1,Regular Customers
13366.0,1,56.16,49,1,Regular Customers
13368.0,2,623.4,256,2,At-Risk / Fading Customers
13369.0,1,308.28000000000003,365,2,At-Risk / Fading Customers
13370.0,1,754.87,371,2,At-Risk / Fading Customers
13372.0,1,378.64,89,1,Regular Customers
13373.0,3,3312.25,60,1,Regular Customers
13375.0,1,778.65,88,1,Regular Customers
13376.0,3,1019.76,98,1,Regular Customers
13379.0,3,572.56,25,1,Regular Customers
13381.0,6,3639.31,31,1,Regular Customers
13382.0,1,222.99,280,2,At-Risk / Fading Customers
13384.0,7,4151.93,30,1,Regular Customers
13385.0,1,534.57,329,2,At-Risk / Fading Customers
13388.0,2,677.1,130,2,At-Risk / Fading Customers
13389.0,3,797.96,10,1,Regular Customers
13390.0,1,544.08,74,1,Regular Customers
13391.0,1,59.8,203,2,At-Risk / Fading Customers
13394.0,8,2520.02,1,1,Regular Customers
13395.0,1,307.72,184,2,At-Risk / Fading Customers
13396.0,2,1360.99,28,1,Regular Customers
13397.0,5,1544.13,72,1,Regular Customers
13398.0,1,457.34,191,2,At-Risk / Fading Customers
13402.0,2,621.23,126,1,Regular Customers
13403.0,1,75.0,17,1,Regular Customers
13404.0,2,252.49,0,1,Regular Customers
13405.0,3,572.451,73,1,Regular Customers
13408.0,62,28117.04,1,3,Loyal / High-Value Customers
13410.0,5,1003.06,23,1,Regular Customers
13411.0,1,213.55,106,1,Regular Customers
13414.0,3,1390.5,133,2,At-Risk / Fading Customers
13416.0,2,712.5,43,1,Regular Customers
13417.0,2,640.83,4,1,Regular Customers
13418.0,18,6127.43,11,3,Loyal / High-Value Customers
13419.0,1,221.06,63,1,Regular Customers
13420.0,2,159.85,149,2,At-Risk / Fading Customers
13421.0,2,1833.71,39,1,Regular Customers
13422.0,1,2626.3,63,1,Regular Customers
13425.0,3,1624.21,107,1,Regular Customers
13426.0,10,3641.32,0,1,Regular Customers
13427.0,3,582.6,18,1,Regular Customers
13428.0,1,201.78,9,1,Regular Customers
13429.0,4,1006.8,10,1,Regular Customers
13430.0,2,679.45,18,1,Regular Customers
13431.0,2,1269.1,66,1,Regular Customers
13434.0,2,534.24,73,1,Regular Customers
13435.0,7,3809.89,4,1,Regular Customers
13436.0,1,196.89,1,1,Regular Customers
13437.0,7,3408.06,13,1,Regular Customers
13439.0,1,283.71,254,2,At-Risk / Fading Customers
13441.0,1,296.64,91,1,Regular Customers
13447.0,3,1129.14,22,1,Regular Customers
13448.0,6,3534.69,16,1,Regular Customers
13449.0,1,291.88,23,1,Regular Customers
13450.0,6,2043.72,26,1,Regular Customers
13451.0,5,2898.26,25,1,Regular Customers
13452.0,2,590.0,258,2,At-Risk / Fading Customers
13453.0,2,356.98,165,2,At-Risk / Fading Customers
13455.0,2,1058.34,24,1,Regular Customers
13456.0,6,1766.72,17,1,Regular Customers
13458.0,14,9646.57,6,1,Regular Customers
13460.0,2,183.44,28,1,Regular Customers
13461.0,3,1445.0,38,1,Regular Customers
13462.0,1,151.5,252,2,At-Risk / Fading Customers
13464.0,1,674.68,57,1,Regular Customers
13466.0,1,307.90000000000003,183,2,At-Risk / Fading Customers
13467.0,2,1071.91,10,1,Regular Customers
13468.0,37,5704.97,1,3,Loyal / High-Value Customers
13470.0,2,165.0,98,1,Regular Customers
13471.0,4,2501.84,0,1,Regular Customers
13473.0,2,422.64,60,1,Regular Customers
13474.0,1,226.84,235,2,At-Risk / Fading Customers
13475.0,4,1431.78,190,2,At-Risk / Fading Customers
13476.0,2,1238.47,178,2,At-Risk / Fading Customers
13477.0,6,1454.58,37,1,Regular Customers
13479.0,2,300.95,200,2,At-Risk / Fading Customers
13481.0,5,1804.56,45,1,Regular Customers
13482.0,1,184.64,231,2,At-Risk / Fading Customers
13483.0,1,140.34,65,1,Regular Customers
13484.0,1,313.8,240,2,At-Risk / Fading Customers
13485.0,1,454.24,232,2,At-Risk / Fading Customers
13486.0,3,1122.41,77,1,Regular Customers
13487.0,3,575.4,57,1,Regular Customers
13488.0,13,8968.31,16,1,Regular Customers
13489.0,4,449.52,104,1,Regular Customers
13491.0,10,1215.82,51,1,Regular Customers
13492.0,3,1269.84,135,2,At-Risk / Fading Customers
13493.0,2,618.63,274,2,At-Risk / Fading Customers
13494.0,1,316.26000000000005,311,2,At-Risk / Fading Customers
13495.0,5,2044.87,7,1,Regular Customers
13496.0,2,653.33,10,1,Regular Customers
13497.0,2,348.05,282,2,At-Risk / Fading Customers
13499.0,5,1159.11,17,1,Regular Customers
13500.0,3,1166.77,22,1,Regular Customers
13501.0,1,1340.32,287,2,At-Risk / Fading Customers
13502.0,3,292.0,16,1,Regular Customers
13503.0,1,216.85,70,1,Regular Customers
13504.0,1,295.93,63,1,Regular Customers
13505.0,4,4393.63,72,1,Regular Customers
13506.0,2,458.52,315,2,At-Risk / Fading Customers
13507.0,4,2479.16,2,1,Regular Customers
13508.0,1,110.97,243,2,At-Risk / Fading Customers
13509.0,7,979.72,8,1,Regular Customers
13510.0,4,1791.56,0,1,Regular Customers
13512.0,1,251.21,260,2,At-Risk / Fading Customers
13513.0,1,205.1,126,1,Regular Customers
13514.0,1,152.20000000000002,73,1,Regular Customers
13515.0,4,891.12,72,1,Regular Customers
13516.0,3,1389.41,20,1,Regular Customers
13517.0,3,2128.42,59,1,Regular Customers
13518.0,1,627.16,85,1,Regular Customers
13519.0,1,122.75,77,1,Regular Customers
13520.0,6,3624.35,58,1,Regular Customers
13521.0,3,1071.73,0,1,Regular Customers
13522.0,1,125.8,29,1,Regular Customers
13523.0,5,3964.88,32,1,Regular Customers
13524.0,5,680.1800000000001,40,1,Regular Customers
13525.0,2,628.78,14,1,Regular Customers
13527.0,7,2242.36,33,1,Regular Customers
13529.0,2,307.76,78,1,Regular Customers
13531.0,2,483.8,204,2,At-Risk / Fading Customers
13532.0,1,210.31,33,1,Regular Customers
13533.0,3,269.09,182,2,At-Risk / Fading Customers
13534.0,25,5870.08,1,3,Loyal / High-Value Customers
13536.0,7,3444.39,0,1,Regular Customers
13538.0,7,1280.85,42,1,Regular Customers
13539.0,3,631.34,85,1,Regular Customers
13544.0,2,276.06,39,1,Regular Customers
13546.0,3,621.09,11,1,Regular Customers
13548.0,2,678.16,95,1,Regular Customers
13549.0,7,918.2,25,1,Regular Customers
13551.0,1,91.8,318,2,At-Risk / Fading Customers
13552.0,12,3740.07,65,1,Regular Customers
13555.0,4,4098.88,73,1,Regular Customers
13557.0,2,584.0600000000001,27,1,Regular Customers
13558.0,4,594.52,5,1,Regular Customers
13560.0,1,171.42000000000002,6,1,Regular Customers
13561.0,1,141.86,215,2,At-Risk / Fading Customers
13562.0,3,1799.3300000000002,81,1,Regular Customers
13563.0,2,777.53,83,1,Regular Customers
13564.0,3,1724.67,143,2,At-Risk / Fading Customers
13565.0,2,240.22,18,1,Regular Customers
13566.0,2,856.84,40,1,Regular Customers
13568.0,1,187.05,172,2,At-Risk / Fading Customers
13569.0,2,338.62,16,1,Regular Customers
13570.0,1,239.49,242,2,At-Risk / Fading Customers
13571.0,12,2088.94,12,1,Regular Customers
13572.0,1,1384.25,205,2,At-Risk / Fading Customers
13573.0,2,290.25,49,1,Regular Customers
13575.0,5,732.07,22,1,Regular Customers
13576.0,18,6717.34,9,3,Loyal / High-Value Customers
13577.0,4,1687.6,24,1,Regular Customers
13579.0,2,467.04,14,1,Regular Customers
13581.0,1,118.0,308,2,At-Risk / Fading Customers
13583.0,1,781.03,155,2,At-Risk / Fading Customers
13584.0,1,142.4,306,2,At-Risk / Fading Customers
13587.0,1,712.4,63,1,Regular Customers
13588.0,9,2478.95,15,1,Regular Customers
13589.0,2,379.65,14,1,Regular Customers
13590.0,6,1981.92,10,1,Regular Customers
13591.0,3,1117.13,64,1,Regular Customers
13592.0,4,247.96,35,1,Regular Customers
13593.0,5,2011.88,107,1,Regular Customers
13594.0,1,396.97,52,1,Regular Customers
13596.0,2,664.11,5,1,Regular Customers
13598.0,1,160.04,46,1,Regular Customers
13599.0,21,5149.92,0,3,Loyal / High-Value Customers
13600.0,1,219.52,311,2,At-Risk / Fading Customers
13601.0,2,693.32,44,1,Regular Customers
13602.0,1,428.89,64,1,Regular Customers
13603.0,1,164.34,25,1,Regular Customers
13606.0,3,276.75,28,1,Regular Customers
13607.0,1,675.51,39,1,Regular Customers
13610.0,7,1082.33,11,1,Regular Customers
13611.0,3,1154.4,88,1,Regular Customers
13614.0,4,1585.46,23,1,Regular Customers
13615.0,1,417.69,318,2,At-Risk / Fading Customers
13617.0,3,544.18,39,1,Regular Customers
13618.0,1,177.34,173,2,At-Risk / Fading Customers
13621.0,1,213.85,116,1,Regular Customers
13623.0,5,727.74,30,1,Regular Customers
13626.0,1,257.23,252,2,At-Risk / Fading Customers
13627.0,5,1638.47,58,1,Regular Customers
13629.0,11,7792.36,22,1,Regular Customers
13630.0,7,2031.78,4,1,Regular Customers
13631.0,11,3070.42,99,1,Regular Customers
13632.0,5,2118.93,24,1,Regular Customers
13634.0,5,1547.36,32,1,Regular Customers
13635.0,1,1071.03,67,1,Regular Customers
13636.0,5,949.12,36,1,Regular Customers
13637.0,3,804.3,51,1,Regular Customers
13638.0,1,122.64,15,1,Regular Customers
13639.0,1,1033.34,73,1,Regular Customers
13642.0,1,312.28,215,2,At-Risk / Fading Customers
13643.0,3,519.44,30,1,Regular Customers
13644.0,4,2624.26,15,1,Regular Customers
13645.0,1,252.1,119,1,Regular Customers
13647.0,4,1648.12,9,1,Regular Customers
13649.0,2,346.6,256,2,At-Risk / Fading Customers
13650.0,6,1836.34,16,1,Regular Customers
13651.0,2,94.2,34,1,Regular Customers
13652.0,3,1095.08,45,1,Regular Customers
13654.0,6,2707.33,42,1,Regular Customers
13655.0,2,932.97,113,1,Regular Customers
13656.0,2,379.65,164,2,At-Risk / Fading Customers
13657.0,2,382.14,10,1,Regular Customers
13658.0,5,2639.17,9,1,Regular Customers
13659.0,2,1563.0,205,2,At-Risk / Fading Customers
13662.0,3,881.26,85,1,Regular Customers
13663.0,1,189.47,178,2,At-Risk / Fading Customers
13666.0,3,84.65,59,1,Regular Customers
13667.0,1,299.05,148,2,At-Risk / Fading Customers
13668.0,21,6309.83,2,3,Loyal / High-Value Customers
13669.0,2,218.55,50,1,Regular Customers
13670.0,1,349.7,74,1,Regular Customers
13672.0,2,186.39,300,2,At-Risk / Fading Customers
13673.0,2,387.44,18,1,Regular Customers
13675.0,2,486.8200000000001,150,2,At-Risk / Fading Customers
13678.0,1,232.6,151,2,At-Risk / Fading Customers
13680.0,4,3719.12,0,1,Regular Customers
13681.0,4,827.83,17,1,Regular Customers
13682.0,1,59.5,186,2,At-Risk / Fading Customers
13684.0,1,65.13,285,2,At-Risk / Fading Customers
13685.0,7,3119.44,2,1,Regular Customers
13686.0,1,72.0,182,2,At-Risk / Fading Customers
13689.0,1,910.0,62,1,Regular Customers
13690.0,1,172.25,58,1,Regular Customers
13692.0,3,1488.32,24,1,Regular Customers
13694.0,50,65039.62,3,3,Loyal / High-Value Customers
13695.0,15,2504.13,30,1,Regular Customers
13697.0,1,151.3,38,1,Regular Customers
13699.0,1,308.58000000000004,154,2,At-Risk / Fading Customers
13700.0,10,2248.63,25,1,Regular Customers
13703.0,1,99.5,317,2,At-Risk / Fading Customers
13704.0,9,2308.06,4,1,Regular Customers
13705.0,3,711.86,7,1,Regular Customers
13706.0,1,330.79,302,2,At-Risk / Fading Customers
13707.0,2,806.41,266,2,At-Risk / Fading Customers
13708.0,1,285.33,270,2,At-Risk / Fading Customers
13709.0,13,6307.650000000001,3,1,Regular Customers
13710.0,1,180.48,31,1,Regular Customers
13711.0,2,252.06,218,2,At-Risk / Fading Customers
13712.0,1,228.84,246,2,At-Risk / Fading Customers
13715.0,5,1077.39,280,2,At-Risk / Fading Customers
13716.0,1,138.28,268,2,At-Risk / Fading Customers
13717.0,6,1445.01,31,1,Regular Customers
13718.0,2,306.55,245,2,At-Risk / Fading Customers
13719.0,5,1041.68,14,1,Regular Customers
13720.0,4,799.9,116,1,Regular Customers
13721.0,1,524.14,35,1,Regular Customers
13722.0,3,2375.41,131,2,At-Risk / Fading Customers
13723.0,1,199.85,216,2,At-Risk / Fading Customers
13725.0,8,1980.56,49,1,Regular Customers
13726.0,2,1079.66,38,1,Regular Customers
13727.0,2,333.48,28,1,Regular Customers
13728.0,6,1016.14,36,1,Regular Customers
13730.0,2,752.6,135,2,At-Risk / Fading Customers
13731.0,2,610.59,218,2,At-Risk / Fading Customers
13732.0,1,491.86,27,1,Regular Customers
13735.0,4,2883.54,24,1,Regular Customers
13736.0,2,729.8,4,1,Regular Customers
13737.0,1,339.6,199,2,At-Risk / Fading Customers
13739.0,1,216.9,17,1,Regular Customers
13740.0,1,350.75,240,2,At-Risk / Fading Customers
13741.0,3,668.4300000000001,71,1,Regular Customers
13742.0,12,3107.87,16,1,Regular Customers
13743.0,7,1341.6,2,1,Regular Customers
13744.0,2,1080.52,94,1,Regular Customers
13745.0,1,300.04,161,2,At-Risk / Fading Customers
13747.0,1,79.6,373,2,At-Risk / Fading Customers
13748.0,5,948.25,95,1,Regular Customers
13750.0,5,1647.26,53,1,Regular Customers
13751.0,1,296.25,287,2,At-Risk / Fading Customers
13752.0,6,1175.38,123,2,At-Risk / Fading Customers
13753.0,1,741.26,287,2,At-Risk / Fading Customers
13754.0,2,282.6,151,2,At-Risk / Fading Customers
13755.0,9,2108.06,3,1,Regular Customers
13756.0,14,5189.52,1,1,Regular Customers
13758.0,7,3190.55,11,1,Regular Customers
13759.0,2,659.4100000000001,32,1,Regular Customers
13760.0,2,286.79,53,1,Regular Customers
13761.0,2,1070.65,49,1,Regular Customers
13762.0,1,306.72,218,2,At-Risk / Fading Customers
13763.0,1,1714.96,62,1,Regular Customers
13764.0,3,1519.42,70,1,Regular Customers
13767.0,37,17220.36,1,3,Loyal / High-Value Customers
13769.0,10,2796.51,1,1,Regular Customers
13771.0,4,2634.45,63,1,Regular Customers
13772.0,3,1122.63,33,1,Regular Customers
13774.0,1,345.0,81,1,Regular Customers
13777.0,33,25977.16,0,3,Loyal / High-Value Customers
13778.0,1,178.7,102,1,Regular Customers
13780.0,2,360.01,6,1,Regular Customers
13781.0,1,127.84,250,2,At-Risk / Fading Customers
13782.0,6,908.86,12,1,Regular Customers
13784.0,11,2462.79,9,1,Regular Customers
13786.0,1,230.4,366,2,At-Risk / Fading Customers
13787.0,2,309.04,75,1,Regular Customers
13790.0,1,348.79999999999995,3,1,Regular Customers
13791.0,2,1516.0,127,2,At-Risk / Fading Customers
13792.0,2,195.55,65,1,Regular Customers
13798.0,57,37153.85,0,3,Loyal / High-Value Customers
13799.0,2,688.86,116,1,Regular Customers
13800.0,1,558.32,309,2,At-Risk / Fading Customers
13801.0,1,324.8,66,1,Regular Customers
13802.0,3,4599.42,138,2,At-Risk / Fading Customers
13803.0,1,277.07,254,2,At-Risk / Fading Customers
13804.0,7,2588.39,30,1,Regular Customers
13805.0,2,924.6,51,1,Regular Customers
13806.0,1,256.38,63,1,Regular Customers
13807.0,1,112.6,366,2,At-Risk / Fading Customers
13808.0,5,1747.66,5,1,Regular Customers
13809.0,1,155.05,304,2,At-Risk / Fading Customers
13810.0,3,1499.01,28,1,Regular Customers
13811.0,3,814.5,183,2,At-Risk / Fading Customers
13812.0,3,539.0,41,1,Regular Customers
13813.0,4,1366.86,39,1,Regular Customers
13814.0,2,1579.12,91,1,Regular Customers
13815.0,4,4027.36,21,1,Regular Customers
13816.0,2,571.6700000000001,23,1,Regular Customers
13817.0,2,382.98,28,1,Regular Customers
13819.0,3,1140.35,301,2,At-Risk / Fading Customers
13821.0,2,385.64,144,2,At-Risk / Fading Customers
13822.0,2,632.0,5,1,Regular Customers
13823.0,2,957.66,18,1,Regular Customers
13824.0,5,1698.94,32,1,Regular Customers
13826.0,1,189.5,175,2,At-Risk / Fading Customers
13827.0,3,409.8,57,1,Regular Customers
13828.0,1,209.49,21,1,Regular Customers
13831.0,6,2198.45,15,1,Regular Customers
13832.0,1,52.2,18,1,Regular Customers
13833.0,1,383.85,158,2,At-Risk / Fading Customers
13835.0,4,834.57,24,1,Regular Customers
13837.0,2,266.59000000000003,211,2,At-Risk / Fading Customers
13838.0,4,674.82,5,1,Regular Customers
13841.0,1,85.0,252,2,At-Risk / Fading Customers
13842.0,9,3385.62,58,1,Regular Customers
13844.0,1,361.62,10,1,Regular Customers
13845.0,1,312.98,64,1,Regular Customers
13846.0,3,865.0600000000001,24,1,Regular Customers
13848.0,3,1255.0,91,1,Regular Customers
13849.0,2,1537.95,51,1,Regular Customers
13850.0,1,1595.48,128,1,Regular Customers
13851.0,3,2651.46,95,1,Regular Customers
13853.0,1,1090.14,56,1,Regular Customers
13854.0,25,8109.519999999999,8,3,Loyal / High-Value Customers
13856.0,3,388.5,168,2,At-Risk / Fading Customers
13858.0,1,216.17,56,1,Regular Customers
13859.0,1,201.16,325,2,At-Risk / Fading Customers
13860.0,5,1245.9,0,1,Regular Customers
13862.0,8,2209.36,17,1,Regular Customers
13863.0,1,305.78,247,2,At-Risk / Fading Customers
13865.0,4,501.56,57,1,Regular Customers
13866.0,1,145.67,73,1,Regular Customers
13867.0,3,1005.09,30,1,Regular Customers
13868.0,2,3192.54,6,1,Regular Customers
13869.0,4,3083.65,122,2,At-Risk / Fading Customers
13870.0,8,2770.94,1,1,Regular Customers
13871.0,13,6403.25,22,1,Regular Customers
13873.0,3,389.6,119,1,Regular Customers
13874.0,1,540.45,357,2,At-Risk / Fading Customers
13875.0,5,1786.79,53,1,Regular Customers
13876.0,1,122.7,63,1,Regular Customers
13877.0,1,117.24,85,1,Regular Customers
13878.0,1,1271.57,54,1,Regular Customers
13880.0,13,3219.77,20,1,Regular Customers
13881.0,20,17159.52,3,3,Loyal / High-Value Customers
13882.0,5,1191.13,2,1,Regular Customers
13883.0,5,2674.48,10,1,Regular Customers
13884.0,5,787.6,6,1,Regular Customers
13885.0,2,506.8,188,2,At-Risk / Fading Customers
13886.0,1,243.56,70,1,Regular Customers
13887.0,1,349.55,203,2,At-Risk / Fading Customers
13888.0,2,595.67,119,1,Regular Customers
13889.0,1,416.9,92,1,Regular Customers
13890.0,10,1883.81,0,1,Regular Customers
13892.0,4,632.97,26,1,Regular Customers
13893.0,1,821.1,297,2,At-Risk / Fading Customers
13894.0,3,564.62,23,1,Regular Customers
13895.0,4,2593.07,27,1,Regular Customers
13897.0,1,311.16,49,1,Regular Customers
13898.0,1,155.93,325,2,At-Risk / Fading Customers
13899.0,2,388.52,15,1,Regular Customers
13900.0,3,740.95,182,2,At-Risk / Fading Customers
13901.0,5,2867.2000000000003,71,1,Regular Customers
13904.0,2,332.64,36,1,Regular Customers
13908.0,4,2369.55,79,1,Regular Customers
13911.0,9,2580.91,56,1,Regular Customers
13914.0,2,626.45,11,1,Regular Customers
13917.0,2,272.04,49,1,Regular Customers
13918.0,2,1212.84,49,1,Regular Customers
13919.0,2,384.81,58,1,Regular Customers
13922.0,1,172.25,351,2,At-Risk / Fading Customers
13923.0,1,351.13,53,1,Regular Customers
13924.0,6,1838.85,1,1,Regular Customers
13925.0,4,678.25,92,1,Regular Customers
13926.0,1,223.85,22,1,Regular Customers
13927.0,1,348.99,74,1,Regular Customers
13928.0,4,464.57,10,1,Regular Customers
13929.0,2,842.65,168,2,At-Risk / Fading Customers
13930.0,2,337.34,57,1,Regular Customers
13931.0,2,1237.53,95,1,Regular Customers
13932.0,1,307.4,294,2,At-Risk / Fading Customers
13933.0,2,608.79,108,1,Regular Customers
13934.0,1,922.1,263,2,At-Risk / Fading Customers
13936.0,1,376.58,179,2,At-Risk / Fading Customers
13937.0,1,158.85,168,2,At-Risk / Fading Customers
13938.0,1,71.66,34,1,Regular Customers
13939.0,3,568.55,22,1,Regular Customers
13940.0,4,839.14,16,1,Regular Customers
13941.0,5,5112.96,21,1,Regular Customers
13946.0,3,561.57,78,1,Regular Customers
13947.0,1,90.6,64,1,Regular Customers
13948.0,1,102.0,360,2,At-Risk / Fading Customers
13949.0,6,2427.32,2,1,Regular Customers
13950.0,4,745.0600000000001,10,1,Regular Customers
13951.0,3,674.45,175,2,At-Risk / Fading Customers
13952.0,2,3251.071,217,2,At-Risk / Fading Customers
13953.0,7,3515.68,6,1,Regular Customers
13954.0,2,439.92,1,1,Regular Customers
13955.0,2,322.96,153,2,At-Risk / Fading Customers
13956.0,5,1019.27,4,1,Regular Customers
13959.0,3,594.04,78,1,Regular Customers
13960.0,2,230.22,20,1,Regular Customers
13962.0,2,169.54999999999998,21,1,Regular Customers
13963.0,4,664.54,307,2,At-Risk / Fading Customers
13967.0,1,80.7,145,2,At-Risk / Fading Customers
13969.0,18,9024.17,6,3,Loyal / High-Value Customers
13971.0,8,2758.26,18,1,Regular Customers
13972.0,2,190.25,70,1,Regular Customers
13973.0,1,264.7,286,2,At-Risk / Fading Customers
13974.0,1,413.59,48,1,Regular Customers
13975.0,6,2461.24,30,1,Regular Customers
13976.0,1,357.98,206,2,At-Risk / Fading Customers
13978.0,2,196.79,14,1,Regular Customers
13979.0,1,869.87,72,1,Regular Customers
13980.0,1,200.14,59,1,Regular Customers
13982.0,4,1871.81,38,1,Regular Customers
13983.0,12,2603.43,29,1,Regular Customers
13984.0,5,920.51,26,1,Regular Customers
13985.0,15,7060.13,3,1,Regular Customers
13986.0,1,320.46,16,1,Regular Customers
13988.0,6,4147.96,19,1,Regular Customers
13989.0,2,1266.08,65,1,Regular Customers
13990.0,1,311.3,212,2,At-Risk / Fading Customers
13991.0,6,852.88,11,1,Regular Customers
13992.0,1,76.8,29,1,Regular Customers
13993.0,9,3466.36,42,1,Regular Customers
13994.0,6,2274.14,3,1,Regular Customers
13995.0,5,1393.69,14,1,Regular Customers
13999.0,12,3901.81,9,1,Regular Customers
14000.0,1,635.66,210,2,At-Risk / Fading Customers
14001.0,3,2043.08,45,1,Regular Customers
14002.0,2,529.73,133,2,At-Risk / Fading Customers
14004.0,7,4582.64,42,1,Regular Customers
14005.0,5,2874.72,9,1,Regular Customers
14006.0,3,962.19,115,1,Regular Customers
14009.0,2,695.61,197,2,At-Risk / Fading Customers
14012.0,1,328.8,277,2,At-Risk / Fading Customers
14013.0,3,473.02,109,1,Regular Customers
14014.0,1,505.18,76,1,Regular Customers
14015.0,1,917.34,52,1,Regular Customers
14016.0,4,4341.21,161,2,At-Risk / Fading Customers
14019.0,3,1421.61,46,1,Regular Customers
14020.0,2,642.8,16,1,Regular Customers
14021.0,3,631.9,154,2,At-Risk / Fading Customers
14022.0,1,440.0,224,2,At-Risk / Fading Customers
14023.0,2,584.07,6,1,Regular Customers
14024.0,2,327.7,121,1,Regular Customers
14027.0,1,104.82,60,1,Regular Customers
14029.0,2,467.66,62,1,Regular Customers
14030.0,8,2358.84,17,1,Regular Customers
14031.0,19,17286.86,6,3,Loyal / High-Value Customers
14032.0,11,2975.59,1,1,Regular Customers
14034.0,3,648.89,21,1,Regular Customers
14035.0,5,1428.02,28,1,Regular Customers
14036.0,1,626.65,284,2,At-Risk / Fading Customers
14037.0,2,147.20000000000002,175,2,At-Risk / Fading Customers
14038.0,3,1560.38,77,1,Regular Customers
14039.0,1,152.2,32,1,Regular Customers
14040.0,12,3560.32,40,1,Regular Customers
14041.0,1,141.41,265,2,At-Risk / Fading Customers
14044.0,4,646.42,26,1,Regular Customers
14045.0,4,1659.75,108,1,Regular Customers
14046.0,1,154.99,283,2,At-Risk / Fading Customers
14047.0,5,1308.61,8,1,Regular Customers
14048.0,1,409.93,304,2,At-Risk / Fading Customers
14049.0,4,5578.72,16,1,Regular Customers
14050.0,2,746.36,31,1,Regular Customers
14051.0,23,15610.39,0,3,Loyal / High-Value Customers
14052.0,1,225.36,19,1,Regular Customers
14053.0,2,260.25,123,1,Regular Customers
14054.0,1,92.46,64,1,Regular Customers
14055.0,1,725.6400000000001,105,1,Regular Customers
14056.0,23,8152.71,0,3,Loyal / High-Value Customers
14057.0,17,6211.66,23,3,Loyal / High-Value Customers
14059.0,1,183.6,266,2,At-Risk / Fading Customers
14060.0,19,6140.42,4,3,Loyal / High-Value Customers
14062.0,12,10464.85,9,1,Regular Customers
14064.0,5,1334.34,28,1,Regular Customers
14066.0,1,152.55,266,2,At-Risk / Fading Customers
14067.0,2,374.7,63,1,Regular Customers
14068.0,1,265.85,319,2,At-Risk / Fading Customers
14071.0,8,1437.57,3,1,Regular Customers
14073.0,1,151.04,31,1,Regular Customers
14075.0,3,942.26,4,1,Regular Customers
14076.0,1,118.67,128,1,Regular Customers
14077.0,5,499.42,40,1,Regular Customers
14078.0,6,1049.37,101,1,Regular Customers
14079.0,1,375.1,124,1,Regular Customers
14080.0,1,45.6,32,1,Regular Customers
14081.0,2,921.62,301,2,At-Risk / Fading Customers
14082.0,1,182.25,364,2,At-Risk / Fading Customers
14083.0,9,1002.9,3,1,Regular Customers
14085.0,18,4421.29,1,3,Loyal / High-Value Customers
14087.0,1,191.47,2,1,Regular Customers
14088.0,13,50491.81,9,3,Loyal / High-Value Customers
14089.0,1,158.75,56,1,Regular Customers
14090.0,1,76.32000000000001,324,2,At-Risk / Fading Customers
14092.0,14,4076.91,7,1,Regular Customers
14093.0,1,433.86,11,1,Regular Customers
14096.0,17,65164.79,3,3,Loyal / High-Value Customers
14098.0,1,147.35,36,1,Regular Customers
14099.0,11,3104.17,15,1,Regular Customers
14100.0,1,191.95,137,1,Regular Customers
14101.0,6,5976.79,73,1,Regular Customers
14102.0,5,1105.88,4,1,Regular Customers
14104.0,2,216.21,154,2,At-Risk / Fading Customers
14105.0,1,1266.23,238,2,At-Risk / Fading Customers
14107.0,7,2703.23,51,1,Regular Customers
14108.0,2,597.91,30,1,Regular Customers
14109.0,1,144.2,72,1,Regular Customers
14110.0,12,5683.15,3,1,Regular Customers
14111.0,4,692.85,13,1,Regular Customers
14112.0,7,2915.15,22,1,Regular Customers
14113.0,4,1840.42,3,1,Regular Customers
14114.0,2,386.53,273,2,At-Risk / Fading Customers
14116.0,5,1382.74,19,1,Regular Customers
14117.0,1,90.0,143,2,At-Risk / Fading Customers
14121.0,4,2780.15,3,1,Regular Customers
14124.0,1,419.58,83,1,Regular Customers
14125.0,3,2720.63,10,1,Regular Customers
14126.0,3,706.1300000000001,7,1,Regular Customers
14127.0,3,709.71,122,1,Regular Customers
14128.0,2,637.5,60,1,Regular Customers
14129.0,5,1123.86,1,1,Regular Customers
14130.0,1,480.91,318,2,At-Risk / Fading Customers
14132.0,11,3586.03,1,1,Regular Customers
14133.0,3,605.64,129,2,At-Risk / Fading Customers
14135.0,15,4690.31,1,1,Regular Customers
14138.0,2,965.88,1,1,Regular Customers
14139.0,1,415.82,45,1,Regular Customers
14140.0,2,935.05,3,1,Regular Customers
14141.0,4,915.13,2,1,Regular Customers
14142.0,1,311.81,372,2,At-Risk / Fading Customers
14143.0,1,115.8,133,1,Regular Customers
14145.0,4,3742.2,46,1,Regular Customers
14146.0,5,4191.0,8,1,Regular Customers
14147.0,2,483.4,77,1,Regular Customers
14148.0,1,157.2,233,2,At-Risk / Fading Customers
14149.0,1,446.62,220,2,At-Risk / Fading Customers
14150.0,2,658.64,35,1,Regular Customers
14152.0,2,621.29,74,1,Regular Customers
14154.0,2,1345.62,238,2,At-Risk / Fading Customers
14155.0,1,118.75,265,2,At-Risk / Fading Customers
14156.0,55,117210.08,9,0,VIP Customers
14157.0,2,424.89,19,1,Regular Customers
14158.0,1,507.66,39,1,Regular Customers
14159.0,11,4630.35,19,1,Regular Customers
14161.0,3,1097.62,215,2,At-Risk / Fading Customers
14162.0,2,289.36,173,2,At-Risk / Fading Customers
14163.0,4,2445.91,86,1,Regular Customers
14164.0,2,1631.77,70,1,Regular Customers
14165.0,1,120.44,275,2,At-Risk / Fading Customers
14167.0,4,562.59,38,1,Regular Customers
14171.0,1,363.79,97,1,Regular Customers
14173.0,4,450.84,10,1,Regular Customers
14174.0,1,134.46,32,1,Regular Customers
14175.0,3,3222.3,59,1,Regular Customers
14176.0,4,576.9000000000001,296,2,At-Risk / Fading Customers
14177.0,4,549.46,85,1,Regular Customers
14178.0,7,1600.26,8,1,Regular Customers
14179.0,2,701.57,40,1,Regular Customers
14180.0,25,4748.52,10,3,Loyal / High-Value Customers
14184.0,1,452.89,66,1,Regular Customers
14185.0,1,197.65,330,2,At-Risk / Fading Customers
14188.0,6,2054.36,30,1,Regular Customers
14189.0,15,4654.08,1,1,Regular Customers
14191.0,13,4684.76,1,1,Regular Customers
14193.0,2,853.39,67,1,Regular Customers
14194.0,21,11349.52,4,3,Loyal / High-Value Customers
14195.0,2,1012.0,201,2,At-Risk / Fading Customers
14196.0,1,335.52,106,1,Regular Customers
14198.0,4,701.4,17,1,Regular Customers
14199.0,1,185.4,217,2,At-Risk / Fading Customers
14201.0,7,747.44,59,1,Regular Customers
14204.0,1,150.61,1,1,Regular Customers
14205.0,2,466.7,16,1,Regular Customers
14206.0,1,328.16,238,2,At-Risk / Fading Customers
14208.0,1,151.74,94,1,Regular Customers
14209.0,6,2073.43,10,1,Regular Customers
14210.0,6,1905.84,105,1,Regular Customers
14211.0,9,2241.1,52,1,Regular Customers
14212.0,1,1070.48,89,1,Regular Customers
14214.0,5,1004.38,30,1,Regular Customers
14215.0,6,1789.72,11,1,Regular Customers
14216.0,4,1839.3,2,1,Regular Customers
14217.0,17,2004.98,1,3,Loyal / High-Value Customers
14218.0,1,169.48000000000002,42,1,Regular Customers
14219.0,1,89.94,3,1,Regular Customers
14220.0,2,632.4000000000001,246,2,At-Risk / Fading Customers
14221.0,9,3432.8,41,1,Regular Customers
14222.0,1,683.17,176,2,At-Risk / Fading Customers
14223.0,3,991.13,91,1,Regular Customers
14224.0,4,1009.73,109,1,Regular Customers
14226.0,5,2214.79,28,1,Regular Customers
14227.0,10,3350.96,25,1,Regular Customers
14229.0,3,1547.2,51,1,Regular Customers
14231.0,3,925.71,183,2,At-Risk / Fading Customers
14232.0,5,2048.07,42,1,Regular Customers
14233.0,4,1462.72,48,1,Regular Customers
14234.0,4,754.12,21,1,Regular Customers
14235.0,5,3144.86,74,1,Regular Customers
14236.0,2,490.86,80,1,Regular Customers
14237.0,1,161.0,372,2,At-Risk / Fading Customers
14238.0,1,146.85,325,2,At-Risk / Fading Customers
14239.0,11,2380.85,42,1,Regular Customers
14240.0,2,890.34,29,1,Regular Customers
14241.0,1,213.7,183,2,At-Risk / Fading Customers
14242.0,2,280.55,234,2,At-Risk / Fading Customers
14243.0,10,2588.77,8,1,Regular Customers
14245.0,2,1693.45,219,2,At-Risk / Fading Customers
14246.0,3,1474.06,110,1,Regular Customers
14247.0,1,136.77,277,2,At-Risk / Fading Customers
14248.0,1,302.58,317,2,At-Risk / Fading Customers
14250.0,3,1904.05,6,1,Regular Customers
14251.0,5,2879.7000000000003,1,1,Regular Customers
14256.0,2,969.06,259,2,At-Risk / Fading Customers
14257.0,5,3099.7200000000003,63,1,Regular Customers
14258.0,9,12669.98,8,1,Regular Customers
14259.0,1,120.0,141,2,At-Risk / Fading Customers
14261.0,2,1163.45,50,1,Regular Customers
14262.0,8,2618.23,7,1,Regular Customers
14264.0,2,333.97,154,2,At-Risk / Fading Customers
14265.0,2,530.18,108,1,Regular Customers
14267.0,3,1516.24,162,2,At-Risk / Fading Customers
14270.0,1,492.65,331,2,At-Risk / Fading Customers
14271.0,1,112.32,225,2,At-Risk / Fading Customers
14272.0,2,437.96,73,1,Regular Customers
14273.0,4,559.97,50,1,Regular Customers
14276.0,3,1119.74,98,1,Regular Customers
14277.0,3,4188.0,14,1,Regular Customers
14280.0,1,134.04,196,2,At-Risk / Fading Customers
14282.0,15,3701.44,2,1,Regular Customers
14284.0,2,595.25,30,1,Regular Customers
14285.0,4,1910.01,20,1,Regular Customers
14286.0,3,4628.75,23,1,Regular Customers
14287.0,3,176.63,7,1,Regular Customers
14288.0,1,426.6,212,2,At-Risk / Fading Customers
14289.0,6,911.26,8,1,Regular Customers
14290.0,5,2314.65,10,1,Regular Customers
14291.0,11,3883.25,1,1,Regular Customers
14292.0,9,4871.93,7,1,Regular Customers
14293.0,4,1046.56,2,1,Regular Customers
14295.0,1,166.20000000000002,39,1,Regular Customers
14297.0,4,1305.33,17,1,Regular Customers
14298.0,44,51527.3,7,3,Loyal / High-Value Customers
14299.0,9,3965.62,7,1,Regular Customers
14300.0,1,43.2,18,1,Regular Customers
14301.0,1,640.14,116,1,Regular Customers
14304.0,1,383.45,222,2,At-Risk / Fading Customers
14305.0,3,1858.96,70,1,Regular Customers
14306.0,2,2093.32,50,1,Regular Customers
14307.0,6,2995.7200000000003,88,1,Regular Customers
14309.0,9,2352.53,7,1,Regular Customers
14311.0,1,310.26,242,2,At-Risk / Fading Customers
14312.0,6,1611.59,46,1,Regular Customers
14314.0,1,120.0,106,1,Regular Customers
14315.0,6,2481.13,44,1,Regular Customers
14317.0,1,508.58,64,1,Regular Customers
14320.0,2,477.79,206,2,At-Risk / Fading Customers
14321.0,5,1530.75,10,1,Regular Customers
14323.0,2,605.0600000000001,114,1,Regular Customers
14326.0,1,183.85,241,2,At-Risk / Fading Customers
14327.0,1,311.65000000000003,162,2,At-Risk / Fading Customers
14329.0,7,4975.24,16,1,Regular Customers
14331.0,2,462.66,123,1,Regular Customers
14332.0,3,840.21,22,1,Regular Customers
14333.0,1,415.2,67,1,Regular Customers
14334.0,8,2552.21,16,1,Regular Customers
14335.0,2,454.86,15,1,Regular Customers
14336.0,4,1614.91,16,1,Regular Customers
14338.0,2,588.22,160,2,At-Risk / Fading Customers
14339.0,1,309.52000000000004,242,2,At-Risk / Fading Customers
14340.0,1,134.7,218,2,At-Risk / Fading Customers
14341.0,8,2166.98,44,1,Regular Customers
14342.0,4,668.5600000000001,20,1,Regular Customers
14344.0,8,889.9300000000001,126,1,Regular Customers
14345.0,1,108.98,38,1,Regular Customers
14346.0,2,1021.58,120,1,Regular Customers
14348.0,1,409.57,259,2,At-Risk / Fading Customers
14349.0,1,133.5,9,1,Regular Customers
14350.0,1,282.93,273,2,At-Risk / Fading Customers
14351.0,1,51.0,164,2,At-Risk / Fading Customers
14352.0,4,1078.96,156,2,At-Risk / Fading Customers
14353.0,1,90.6,214,2,At-Risk / Fading Customers
14354.0,2,163.62,5,1,Regular Customers
14355.0,1,174.4,365,2,At-Risk / Fading Customers
14356.0,2,701.23,79,1,Regular Customers
14357.0,1,225.12,42,1,Regular Customers
14359.0,3,912.18,18,1,Regular Customers
14360.0,4,2118.03,31,1,Regular Customers
14362.0,1,151.5,21,1,Regular Customers
14364.0,8,3717.35,108,1,Regular Customers
14367.0,16,9227.82,7,1,Regular Customers
14368.0,1,155.0,319,2,At-Risk / Fading Customers
14371.0,1,100.5,294,2,At-Risk / Fading Customers
14373.0,1,76.55,357,2,At-Risk / Fading Customers
14375.0,1,235.56,184,2,At-Risk / Fading Customers
14377.0,2,617.05,190,2,At-Risk / Fading Customers
14379.0,2,348.1,43,1,Regular Customers
14381.0,1,202.68,51,1,Regular Customers
14382.0,1,615.49,25,1,Regular Customers
14383.0,3,1247.69,37,1,Regular Customers
14385.0,3,202.11,8,1,Regular Customers
14386.0,1,142.4,296,2,At-Risk / Fading Customers
14387.0,3,1727.6,32,1,Regular Customers
14388.0,8,3212.84,9,1,Regular Customers
14389.0,2,1043.46,64,1,Regular Customers
14390.0,9,4642.57,9,1,Regular Customers
14393.0,1,67.95,217,2,At-Risk / Fading Customers
14395.0,9,3479.91,1,1,Regular Customers
14396.0,2,487.99,64,1,Regular Customers
14397.0,19,2612.96,2,3,Loyal / High-Value Customers
14400.0,1,574.7,148,2,At-Risk / Fading Customers
14401.0,13,4051.48,3,1,Regular Customers
14403.0,4,1475.81,129,1,Regular Customers
14404.0,6,1449.32,33,1,Regular Customers
14406.0,1,156.75,118,1,Regular Customers
14407.0,6,2157.73,106,1,Regular Customers
14408.0,7,2599.03,10,1,Regular Customers
14409.0,6,2059.4500000000003,70,1,Regular Customers
14410.0,9,1100.27,91,1,Regular Customers
14411.0,1,1063.0,310,2,At-Risk / Fading Customers
14412.0,2,770.03,42,1,Regular Customers
14413.0,1,121.05,361,2,At-Risk / Fading Customers
14414.0,7,1496.98,91,1,Regular Customers
14415.0,13,5855.57,0,1,Regular Customers
14416.0,2,490.22,21,1,Regular Customers
14418.0,3,1937.25,3,1,Regular Customers
14419.0,6,1051.79,10,1,Regular Customers
14420.0,1,387.52,98,1,Regular Customers
14421.0,2,813.11,56,1,Regular Customers
14422.0,6,4263.64,0,1,Regular Customers
14423.0,1,265.2,217,2,At-Risk / Fading Customers
14424.0,1,322.08,17,1,Regular Customers
14426.0,10,4481.67,23,1,Regular Customers
14427.0,2,363.34,49,1,Regular Customers
14428.0,5,1224.06,6,1,Regular Customers
14431.0,1,470.36,302,2,At-Risk / Fading Customers
14432.0,6,2248.5,9,1,Regular Customers
14434.0,6,1372.8,21,1,Regular Customers
14436.0,1,89.06,98,1,Regular Customers
14437.0,1,63.0,365,2,At-Risk / Fading Customers
14438.0,1,131.9,305,2,At-Risk / Fading Customers
14439.0,1,2661.24,319,2,At-Risk / Fading Customers
14440.0,5,2357.68,7,1,Regular Customers
14441.0,4,1712.89,0,1,Regular Customers
14442.0,2,1589.82,204,2,At-Risk / Fading Customers
14443.0,4,1420.2,53,1,Regular Customers
14446.0,4,1010.35,0,1,Regular Customers
14447.0,5,1163.23,18,1,Regular Customers
14448.0,2,375.35,8,1,Regular Customers
14449.0,4,885.8,18,1,Regular Customers
14450.0,3,483.25,180,2,At-Risk / Fading Customers
14451.0,2,643.9,59,1,Regular Customers
14452.0,2,259.05,10,1,Regular Customers
14453.0,1,119.93,189,2,At-Risk / Fading Customers
14456.0,9,3017.28,4,1,Regular Customers
14457.0,1,113.64,310,2,At-Risk / Fading Customers
14459.0,1,1837.92,154,2,At-Risk / Fading Customers
14460.0,3,434.34,109,1,Regular Customers
14461.0,3,2103.06,147,2,At-Risk / Fading Customers
14462.0,11,1980.57,65,1,Regular Customers
14463.0,3,529.62,97,1,Regular Customers
14465.0,3,1038.44,246,2,At-Risk / Fading Customers
14466.0,7,2272.4,28,1,Regular Customers
14467.0,4,596.26,17,1,Regular Customers
14470.0,2,461.19,11,1,Regular Customers
14472.0,8,1852.67,103,1,Regular Customers
14473.0,2,234.34,73,1,Regular Customers
14474.0,1,547.66,45,1,Regular Customers
14475.0,3,925.85,71,1,Regular Customers
14476.0,1,193.0,256,2,At-Risk / Fading Customers
14477.0,4,1309.6,19,1,Regular Customers
14479.0,2,316.25,253,2,At-Risk / Fading Customers
14480.0,1,279.05,10,1,Regular Customers
14481.0,2,636.51,164,2,At-Risk / Fading Customers
14482.0,6,2022.81,17,1,Regular Customers
14483.0,1,137.1,281,2,At-Risk / Fading Customers
14484.0,1,321.92,49,1,Regular Customers
14485.0,1,162.8,38,1,Regular Customers
14487.0,6,1165.48,26,1,Regular Customers
14488.0,1,1064.28,67,1,Regular Customers
14489.0,1,463.38,206,2,At-Risk / Fading Customers
14491.0,2,340.93,174,2,At-Risk / Fading Customers
14493.0,5,2383.24,6,1,Regular Customers
14494.0,1,139.56,25,1,Regular Customers
14495.0,2,123.8,50,1,Regular Customers
14496.0,2,538.8100000000001,311,2,At-Risk / Fading Customers
14497.0,1,475.37,308,2,At-Risk / Fading Customers
14498.0,5,1957.32,42,1,Regular Customers
14499.0,3,808.44,25,1,Regular Customers
14500.0,3,356.85,87,1,Regular Customers
14501.0,2,251.21,183,2,At-Risk / Fading Customers
14502.0,11,2429.83,19,1,Regular Customers
14503.0,6,3543.26,2,1,Regular Customers
14504.0,4,673.26,46,1,Regular Customers
14505.0,8,5859.43,16,1,Regular Customers
14506.0,5,1960.65,16,1,Regular Customers
14507.0,6,1367.88,23,1,Regular Customers
14508.0,2,268.05,21,1,Regular Customers
14511.0,5,1314.81,10,1,Regular Customers
14512.0,2,275.28,187,2,At-Risk / Fading Customers
14513.0,3,455.59,100,1,Regular Customers
14514.0,3,990.2,60,1,Regular Customers
14515.0,6,2076.89,17,1,Regular Customers
14517.0,2,330.45,32,1,Regular Customers
14518.0,1,174.37,63,1,Regular Customers
14520.0,2,270.6,1,1,Regular Customers
14522.0,4,974.54,23,1,Regular Customers
14523.0,1,241.09,107,1,Regular Customers
14524.0,9,1843.83,31,1,Regular Customers
14525.0,9,4215.9,19,1,Regular Customers
14527.0,55,8507.13,2,3,Loyal / High-Value Customers
14528.0,1,364.22,36,1,Regular Customers
14529.0,3,578.61,59,1,Regular Customers
14530.0,6,2862.11,25,1,Regular Customers
14532.0,4,932.85,235,2,At-Risk / Fading Customers
14533.0,7,1949.72,24,1,Regular Customers
14534.0,18,4397.3,2,3,Loyal / High-Value Customers
14535.0,3,2854.84,59,1,Regular Customers
14536.0,1,170.95,259,2,At-Risk / Fading Customers
14537.0,1,355.56,57,1,Regular Customers
14538.0,2,388.25,64,1,Regular Customers
14539.0,2,537.48,15,1,Regular Customers
14540.0,3,952.66,9,1,Regular Customers
14541.0,8,1453.35,58,1,Regular Customers
14542.0,1,103.25,185,2,At-Risk / Fading Customers
14543.0,16,3599.73,28,1,Regular Customers
14544.0,2,2004.3,23,1,Regular Customers
14546.0,5,2573.93,4,1,Regular Customers
14547.0,8,3974.75,3,1,Regular Customers
14548.0,2,652.8,150,2,At-Risk / Fading Customers
14549.0,1,289.24,310,2,At-Risk / Fading Customers
14550.0,2,757.37,10,1,Regular Customers
14551.0,2,186.23,17,1,Regular Customers
14552.0,1,164.22,151,2,At-Risk / Fading Customers
14553.0,5,859.27,18,1,Regular Customers
14554.0,4,2279.49,9,1,Regular Customers
14555.0,2,312.54,56,1,Regular Customers
14557.0,1,788.38,84,1,Regular Customers
14560.0,22,2237.77,6,3,Loyal / High-Value Customers
14561.0,3,1080.76,75,1,Regular Customers
14562.0,18,5006.77,3,3,Loyal / High-Value Customers
14565.0,4,3099.12,95,1,Regular Customers
14566.0,1,1432.0,110,1,Regular Customers
14567.0,2,1530.36,56,1,Regular Customers
14569.0,1,227.39,0,1,Regular Customers
14570.0,2,218.06,280,2,At-Risk / Fading Customers
14572.0,7,2804.54,2,1,Regular Customers
14573.0,9,1639.82,179,2,At-Risk / Fading Customers
14576.0,1,35.400000000000006,371,2,At-Risk / Fading Customers
14577.0,4,859.71,12,1,Regular Customers
14578.0,1,168.63,2,1,Regular Customers
14581.0,1,138.6,16,1,Regular Customers
14582.0,1,114.11,40,1,Regular Customers
14583.0,5,986.96,5,1,Regular Customers
14584.0,4,1033.06,168,2,At-Risk / Fading Customers
14585.0,1,157.05,49,1,Regular Customers
14586.0,1,237.36,276,2,At-Risk / Fading Customers
14587.0,9,1580.29,18,1,Regular Customers
14589.0,1,39.75,371,2,At-Risk / Fading Customers
14591.0,4,1320.21,14,1,Regular Customers
14592.0,3,557.94,34,1,Regular Customers
14593.0,3,617.15,21,1,Regular Customers
14594.0,2,363.33,6,1,Regular Customers
14595.0,6,1740.6,19,1,Regular Customers
14597.0,2,866.24,10,1,Regular Customers
14598.0,1,221.97,43,1,Regular Customers
14600.0,1,393.33,305,2,At-Risk / Fading Customers
14601.0,1,213.96,10,1,Regular Customers
14603.0,1,660.0,274,2,At-Risk / Fading Customers
14606.0,93,12076.15,0,0,VIP Customers
14607.0,14,16209.5,15,1,Regular Customers
14608.0,4,1785.15,3,1,Regular Customers
14609.0,4,601.56,71,1,Regular Customers
14616.0,3,406.08,242,2,At-Risk / Fading Customers
14618.0,3,553.44,8,1,Regular Customers
14619.0,1,394.44,245,2,At-Risk / Fading Customers
14620.0,2,412.78,205,2,At-Risk / Fading Customers
14621.0,5,1788.36,0,1,Regular Customers
14622.0,1,320.58000000000004,184,2,At-Risk / Fading Customers
14623.0,5,886.7,31,1,Regular Customers
14624.0,2,225.85,56,1,Regular Customers
14625.0,2,899.63,195,2,At-Risk / Fading Customers
14626.0,4,2791.27,23,1,Regular Customers
14628.0,2,671.96,90,1,Regular Customers
14629.0,2,955.26,3,1,Regular Customers
14631.0,3,1006.98,50,1,Regular Customers
14632.0,1,114.56,262,2,At-Risk / Fading Customers
14633.0,1,344.90000000000003,265,2,At-Risk / Fading Customers
14636.0,2,609.85,35,1,Regular Customers
14638.0,1,443.6,50,1,Regular Customers
14639.0,6,2984.49,51,1,Regular Customers
14640.0,6,2107.38,23,1,Regular Customers
14641.0,1,110.46,21,1,Regular Customers
14642.0,1,96.12,58,1,Regular Customers
14643.0,2,693.8100000000001,169,2,At-Risk / Fading Customers
14644.0,2,830.76,67,1,Regular Customers
14645.0,2,597.09,156,2,At-Risk / Fading Customers
14646.0,73,280206.02,1,0,VIP Customers
14647.0,1,236.04,200,2,At-Risk / Fading Customers
14649.0,4,1402.59,4,1,Regular Customers
14651.0,2,653.75,66,1,Regular Customers
14652.0,1,114.18,76,1,Regular Customers
14653.0,7,1926.65,0,1,Regular Customers
14655.0,4,1932.23,7,1,Regular Customers
14656.0,2,291.05,168,2,At-Risk / Fading Customers
14657.0,4,848.22,17,1,Regular Customers
14658.0,2,247.15,4,1,Regular Customers
14659.0,9,2529.93,8,1,Regular Customers
14660.0,2,285.74,86,1,Regular Customers
14661.0,1,107.95,26,1,Regular Customers
14662.0,4,741.37,28,1,Regular Customers
14664.0,2,636.24,19,1,Regular Customers
14665.0,5,1835.7,60,1,Regular Customers
14666.0,1,195.25,23,1,Regular Customers
14667.0,25,9175.04,10,3,Loyal / High-Value Customers
14669.0,3,1259.24,241,2,At-Risk / Fading Customers
14670.0,2,392.86,279,2,At-Risk / Fading Customers
14672.0,2,765.5500000000001,234,2,At-Risk / Fading Customers
14673.0,5,1736.4,2,1,Regular Customers
14675.0,1,596.36,15,1,Regular Customers
14676.0,6,2548.24,30,1,Regular Customers
14680.0,16,28754.11,24,3,Loyal / High-Value Customers
14681.0,3,498.95,70,1,Regular Customers
14682.0,2,52.0,187,2,At-Risk / Fading Customers
14684.0,5,1201.51,25,1,Regular Customers
14687.0,1,628.38,106,1,Regular Customers
14688.0,21,5579.1,7,3,Loyal / High-Value Customers
14689.0,1,112.8,208,2,At-Risk / Fading Customers
14690.0,2,355.05,43,1,Regular Customers
14691.0,5,2114.33,30,1,Regular Customers
14692.0,4,591.55,136,2,At-Risk / Fading Customers
14693.0,1,172.9,264,2,At-Risk / Fading Customers
14696.0,7,2078.95,3,1,Regular Customers
14697.0,2,188.61,217,2,At-Risk / Fading Customers
14698.0,5,1217.27,1,1,Regular Customers
14699.0,1,109.13,213,2,At-Risk / Fading Customers
14700.0,3,2195.1,31,1,Regular Customers
14701.0,9,2526.09,10,1,Regular Customers
14702.0,17,3251.79,0,3,Loyal / High-Value Customers
14703.0,1,318.17,14,1,Regular Customers
14704.0,9,1493.96,10,1,Regular Customers
14705.0,1,179.0,198,2,At-Risk / Fading Customers
14708.0,3,1126.37,2,1,Regular Customers
14709.0,13,4921.04,14,1,Regular Customers
14710.0,4,599.48,13,1,Regular Customers
14711.0,11,2839.62,9,1,Regular Customers
14712.0,3,917.07,28,1,Regular Customers
14713.0,11,2662.2,8,1,Regular Customers
14714.0,1,160.19,23,1,Regular Customers
14715.0,4,867.38,24,1,Regular Customers
14716.0,2,307.51,42,1,Regular Customers
14719.0,5,1581.84,1,1,Regular Customers
14720.0,3,663.81,5,1,Regular Customers
14722.0,1,180.42,146,2,At-Risk / Fading Customers
14723.0,6,1122.36,9,1,Regular Customers
14725.0,1,655.58,24,1,Regular Customers
14727.0,1,268.58,273,2,At-Risk / Fading Customers
14729.0,1,313.49,373,2,At-Risk / Fading Customers
14730.0,8,1897.57,0,1,Regular Customers
14731.0,3,380.02,46,1,Regular Customers
14732.0,8,2702.49,7,1,Regular Customers
14733.0,12,9585.91,15,1,Regular Customers
14735.0,32,6065.6900000000005,3,3,Loyal / High-Value Customers
14737.0,3,1164.55,3,1,Regular Customers
14738.0,7,1314.45,42,1,Regular Customers
14739.0,7,3902.28,3,1,Regular Customers
14740.0,3,1448.21,196,2,At-Risk / Fading Customers
14741.0,6,1400.34,11,1,Regular Customers
14744.0,7,1099.98,15,1,Regular Customers
14745.0,5,1220.26,112,1,Regular Customers
14747.0,1,328.2,248,2,At-Risk / Fading Customers
14748.0,5,1415.75,28,1,Regular Customers
14752.0,1,389.64,43,1,Regular Customers
14753.0,1,563.15,86,1,Regular Customers
14754.0,2,638.05,44,1,Regular Customers
14755.0,11,5010.28,9,1,Regular Customers
14756.0,1,738.96,14,1,Regular Customers
14757.0,1,420.5,74,1,Regular Customers
14758.0,4,1484.06,144,2,At-Risk / Fading Customers
14759.0,3,1625.97,4,1,Regular Customers
14760.0,1,89.2,296,2,At-Risk / Fading Customers
14761.0,2,255.9,58,1,Regular Customers
14762.0,1,300.52,263,2,At-Risk / Fading Customers
14764.0,1,278.3,46,1,Regular Customers
14765.0,3,254.11,28,1,Regular Customers
14766.0,6,2473.37,7,1,Regular Customers
14768.0,2,192.6,16,1,Regular Customers
14769.0,8,10416.98,2,1,Regular Customers
14770.0,2,876.4200000000001,231,2,At-Risk / Fading Customers
14772.0,1,139.26,111,1,Regular Customers
14775.0,3,1011.9,57,1,Regular Customers
14776.0,11,2538.3,50,1,Regular Customers
14778.0,2,730.86,126,1,Regular Customers
14779.0,3,386.15,280,2,At-Risk / Fading Customers
14780.0,2,447.68,54,1,Regular Customers
14782.0,1,200.1,319,2,At-Risk / Fading Customers
14784.0,2,289.99,25,1,Regular Customers
14785.0,2,77.4,9,1,Regular Customers
14788.0,2,679.44,6,1,Regular Customers
14789.0,1,197.64,28,1,Regular Customers
14790.0,4,745.06,16,1,Regular Customers
14792.0,1,6.2,63,1,Regular Customers
14793.0,1,228.99,20,1,Regular Customers
14794.0,7,1319.91,2,1,Regular Customers
14795.0,1,131.45000000000002,165,2,At-Risk / Fading Customers
14796.0,17,7975.49,0,3,Loyal / High-Value Customers
14798.0,3,173.74,52,1,Regular Customers
14799.0,1,157.7,50,1,Regular Customers
14800.0,12,4331.79,47,1,Regular Customers
14801.0,1,189.34,60,1,Regular Customers
14803.0,3,845.5500000000001,161,2,At-Risk / Fading Customers
14804.0,1,353.27,8,1,Regular Customers
14805.0,4,546.4,14,1,Regular Customers
14806.0,1,193.39,74,1,Regular Customers
14808.0,8,2718.6,39,1,Regular Customers
14810.0,11,2085.33,40,1,Regular Customers
14813.0,2,152.88,369,2,At-Risk / Fading Customers
14815.0,2,778.5,36,1,Regular Customers
14816.0,1,271.85,196,2,At-Risk / Fading Customers
14817.0,2,1110.34,199,2,At-Risk / Fading Customers
14818.0,3,657.8,73,1,Regular Customers
14819.0,2,272.07,63,1,Regular Customers
14820.0,4,507.29,20,1,Regular Customers
14821.0,1,48.8,366,2,At-Risk / Fading Customers
14823.0,3,321.43,179,2,At-Risk / Fading Customers
14824.0,4,1127.71,9,1,Regular Customers
14825.0,12,2221.01,3,1,Regular Customers
14828.0,3,2139.76,196,2,At-Risk / Fading Customers
14829.0,4,697.55,28,1,Regular Customers
14830.0,1,188.88,52,1,Regular Customers
14834.0,6,1720.3,17,1,Regular Customers
14836.0,3,102.45,9,1,Regular Customers
14837.0,4,1649.5,89,1,Regular Customers
14840.0,1,62.85,267,2,At-Risk / Fading Customers
14841.0,6,3295.76,52,1,Regular Customers
14842.0,4,2824.69,43,1,Regular Customers
14844.0,4,3189.81,63,1,Regular Customers
14847.0,1,309.40000000000003,148,2,At-Risk / Fading Customers
14849.0,25,7930.54,21,3,Loyal / High-Value Customers
14850.0,1,325.75,311,2,At-Risk / Fading Customers
14851.0,2,511.35,22,1,Regular Customers
14852.0,6,2836.69,57,1,Regular Customers
14853.0,2,475.8,23,1,Regular Customers
14854.0,7,2740.03,77,1,Regular Customers
14855.0,2,645.65,118,1,Regular Customers
14856.0,3,1290.53,35,1,Regular Customers
14857.0,2,1173.12,59,1,Regular Customers
14859.0,4,1353.74,12,1,Regular Customers
14860.0,1,170.32,18,1,Regular Customers
14861.0,1,125.79,51,1,Regular Customers
14862.0,2,841.2,25,1,Regular Customers
14863.0,1,266.76,28,1,Regular Customers
14865.0,2,52.2,6,1,Regular Customers
14866.0,12,14389.9,10,1,Regular Customers
14867.0,3,710.28,185,2,At-Risk / Fading Customers
14868.0,8,2953.59,2,1,Regular Customers
14869.0,2,721.45,8,1,Regular Customers
14870.0,1,327.25,261,2,At-Risk / Fading Customers
14871.0,4,501.28,2,1,Regular Customers
14873.0,1,519.68,209,2,At-Risk / Fading Customers
14875.0,2,1465.32,107,1,Regular Customers
14878.0,9,1476.09,12,1,Regular Customers
14880.0,3,690.59,76,1,Regular Customers
14881.0,1,255.4,19,1,Regular Customers
14882.0,2,589.7,26,1,Regular Customers
14883.0,6,761.59,18,1,Regular Customers
14885.0,1,765.3199999999999,131,1,Regular Customers
14886.0,1,364.8,252,2,At-Risk / Fading Customers
14887.0,1,1862.0,78,1,Regular Customers
14888.0,1,369.2,206,2,At-Risk / Fading Customers
14889.0,1,135.9,335,2,At-Risk / Fading Customers
14890.0,1,125.65,253,2,At-Risk / Fading Customers
14891.0,2,554.38,147,2,At-Risk / Fading Customers
14893.0,2,1237.85,9,1,Regular Customers
14894.0,1,655.75,84,1,Regular Customers
14895.0,20,11138.71,7,3,Loyal / High-Value Customers
14896.0,2,468.77,204,2,At-Risk / Fading Customers
14897.0,4,1366.38,7,1,Regular Customers
14898.0,6,1269.31,22,1,Regular Customers
14901.0,9,1421.29,10,1,Regular Customers
14902.0,1,332.66,25,1,Regular Customers
14903.0,5,2795.33,20,1,Regular Customers
14904.0,2,1025.44,1,1,Regular Customers
14905.0,2,616.15,157,2,At-Risk / Fading Customers
14907.0,7,3501.1,2,1,Regular Customers
14908.0,1,277.8,73,1,Regular Customers
14910.0,4,434.35,2,1,Regular Customers
14911.0,201,143711.17,0,0,VIP Customers
14912.0,2,867.85,16,1,Regular Customers
14913.0,4,1227.43,35,1,Regular Customers
14915.0,2,307.48,90,1,Regular Customers
14916.0,4,1268.98,70,1,Regular Customers
14918.0,2,1610.15,115,1,Regular Customers
14920.0,2,977.77,212,2,At-Risk / Fading Customers
14921.0,2,1316.07,29,1,Regular Customers
14923.0,1,749.1,50,1,Regular Customers
14924.0,1,310.05,245,2,At-Risk / Fading Customers
14929.0,1,223.88,31,1,Regular Customers
14930.0,3,2362.96,108,1,Regular Customers
14931.0,5,1257.68,4,1,Regular Customers
14932.0,1,363.53,365,2,At-Risk / Fading Customers
14934.0,2,1890.94,81,1,Regular Customers
14935.0,1,1784.71,296,2,At-Risk / Fading Customers
14936.0,8,8137.02,33,1,Regular Customers
14937.0,3,1621.88,56,1,Regular Customers
14944.0,12,5900.25,29,1,Regular Customers
14946.0,1,100.9,13,1,Regular Customers
14947.0,2,290.82,71,1,Regular Customers
14948.0,6,1101.97,22,1,Regular Customers
14950.0,1,371.2,18,1,Regular Customers
14951.0,1,311.69,78,1,Regular Customers
14952.0,11,8099.49,59,1,Regular Customers
14953.0,1,285.67,24,1,Regular Customers
14954.0,1,294.85,11,1,Regular Customers
14957.0,1,58.49,252,2,At-Risk / Fading Customers
14958.0,3,483.73,146,2,At-Risk / Fading Customers
14959.0,4,695.42,63,1,Regular Customers
14960.0,2,221.27,7,1,Regular Customers
14961.0,9,7044.68,10,1,Regular Customers
14962.0,1,126.7,270,2,At-Risk / Fading Customers
14963.0,5,1472.34,9,1,Regular Customers
14964.0,1,206.21,246,2,At-Risk / Fading Customers
14965.0,2,596.09,95,1,Regular Customers
14966.0,1,183.02,14,1,Regular Customers
14967.0,1,463.8,49,1,Regular Customers
14968.0,1,147.59,29,1,Regular Customers
14970.0,4,1592.06,67,1,Regular Customers
14971.0,3,1097.98,34,1,Regular Customers
14972.0,1,114.77,127,1,Regular Customers
14973.0,3,1314.45,106,1,Regular Customers
14974.0,1,89.94,36,1,Regular Customers
14975.0,1,279.94,56,1,Regular Customers
14976.0,7,790.86,56,1,Regular Customers
14978.0,5,1921.37,71,1,Regular Customers
14981.0,1,102.12,245,2,At-Risk / Fading Customers
14984.0,2,202.37,18,1,Regular Customers
14985.0,2,292.01,197,2,At-Risk / Fading Customers
14987.0,2,326.4,15,1,Regular Customers
14988.0,1,334.54,211,2,At-Risk / Fading Customers
14995.0,2,231.98,38,1,Regular Customers
14997.0,3,546.1999999999999,45,1,Regular Customers
14998.0,2,414.87,169,2,At-Risk / Fading Customers
15000.0,1,490.52,47,1,Regular Customers
15002.0,4,1641.76,115,1,Regular Customers
15004.0,1,1220.77,146,2,At-Risk / Fading Customers
15005.0,28,6295.37,15,3,Loyal / High-Value Customers
15006.0,1,480.38,50,1,Regular Customers
15007.0,1,156.91,158,2,At-Risk / Fading Customers
15009.0,3,1259.43,11,1,Regular Customers
15010.0,1,308.94,35,1,Regular Customers
15012.0,2,405.04,53,1,Regular Customers
15014.0,2,257.67,42,1,Regular Customers
15016.0,1,170.04,172,2,At-Risk / Fading Customers
15017.0,1,125.58,33,1,Regular Customers
15018.0,3,496.21,38,1,Regular Customers
15019.0,1,252.81,266,2,At-Risk / Fading Customers
15021.0,9,1871.77,8,1,Regular Customers
15022.0,4,852.39,11,1,Regular Customers
15023.0,11,6720.41,2,1,Regular Customers
15024.0,10,1636.43,9,1,Regular Customers
15025.0,1,361.96,32,1,Regular Customers
15026.0,3,469.0,79,1,Regular Customers
15027.0,4,1066.15,30,1,Regular Customers
15028.0,4,627.13,7,1,Regular Customers
15030.0,2,518.28,71,1,Regular Customers
15031.0,4,653.19,3,1,Regular Customers
15032.0,3,4959.1,255,2,At-Risk / Fading Customers
15033.0,10,2557.18,4,1,Regular Customers
15034.0,8,4274.16,15,1,Regular Customers
15035.0,1,252.73,89,1,Regular Customers
15036.0,3,429.56,71,1,Regular Customers
15038.0,6,685.74,58,1,Regular Customers
15039.0,47,19766.59,9,3,Loyal / High-Value Customers
15041.0,1,179.93,169,2,At-Risk / Fading Customers
15042.0,1,135.93,198,2,At-Risk / Fading Customers
15043.0,1,537.0,30,1,Regular Customers
15044.0,17,7634.73,18,3,Loyal / High-Value Customers
15045.0,2,735.66,151,2,At-Risk / Fading Customers
15046.0,15,5090.42,8,1,Regular Customers
15047.0,1,343.62,269,2,At-Risk / Fading Customers
15048.0,4,381.0,64,1,Regular Customers
15049.0,1,121.17000000000002,273,2,At-Risk / Fading Customers
15050.0,3,1737.69,24,1,Regular Customers
15051.0,3,1383.36,22,1,Regular Customers
15052.0,1,207.73,318,2,At-Risk / Fading Customers
15053.0,3,693.95,4,1,Regular Customers
15054.0,2,302.1,11,1,Regular Customers
15057.0,2,1489.5,274,2,At-Risk / Fading Customers
15058.0,11,2102.54,24,1,Regular Customers
15059.0,9,1337.72,40,1,Regular Customers
15060.0,4,294.25,7,1,Regular Customers
15061.0,48,54534.14,3,3,Loyal / High-Value Customers
15062.0,4,987.86,70,1,Regular Customers
15063.0,1,370.8,212,2,At-Risk / Fading Customers
15065.0,4,3158.13,37,1,Regular Customers
15066.0,1,893.59,52,1,Regular Customers
15067.0,3,1744.76,77,1,Regular Customers
15068.0,2,553.36,45,1,Regular Customers
15069.0,1,1109.53,178,2,At-Risk / Fading Customers
15070.0,1,106.2,372,2,At-Risk / Fading Customers
15071.0,2,982.07,93,1,Regular Customers
15073.0,3,1043.41,9,1,Regular Customers
15074.0,1,735.67,104,1,Regular Customers
15075.0,1,773.03,77,1,Regular Customers
15076.0,1,880.85,172,2,At-Risk / Fading Customers
15078.0,32,9743.11,6,3,Loyal / High-Value Customers
15079.0,4,895.61,212,2,At-Risk / Fading Customers
15081.0,5,504.8,21,1,Regular Customers
15083.0,1,88.2,256,2,At-Risk / Fading Customers
15087.0,1,306.94,281,2,At-Risk / Fading Customers
15088.0,2,1160.07,20,1,Regular Customers
15089.0,6,2420.84,9,1,Regular Customers
15090.0,1,381.32,307,2,At-Risk / Fading Customers
15091.0,1,480.71,67,1,Regular Customers
15092.0,2,457.81,214,2,At-Risk / Fading Customers
15093.0,6,4597.02,17,1,Regular Customers
15095.0,4,1370.6,103,1,Regular Customers
15096.0,1,219.39,42,1,Regular Customers
15097.0,1,248.08,3,1,Regular Customers
15098.0,3,39916.5,181,3,Loyal / High-Value Customers
15099.0,1,410.48,83,1,Regular Customers
15100.0,3,876.0,333,2,At-Risk / Fading Customers
15101.0,2,317.53000000000003,8,1,Regular Customers
15103.0,2,703.36,30,1,Regular Customers
15104.0,2,993.54,196,2,At-Risk / Fading Customers
15105.0,7,2298.93,17,1,Regular Customers
15106.0,5,1422.52,17,1,Regular Customers
15107.0,6,319.5,310,2,At-Risk / Fading Customers
15108.0,4,1300.25,141,2,At-Risk / Fading Customers
15109.0,1,484.95,245,2,At-Risk / Fading Customers
15110.0,4,996.1,23,1,Regular Customers
15111.0,3,1567.48,28,1,Regular Customers
15113.0,3,3509.43,9,1,Regular Customers
15114.0,10,2760.56,29,1,Regular Customers
15115.0,1,340.11,17,1,Regular Customers
15116.0,4,1352.75,17,1,Regular Customers
15117.0,5,1551.78,14,1,Regular Customers
15118.0,1,244.8,133,1,Regular Customers
15119.0,1,266.4,245,2,At-Risk / Fading Customers
15120.0,1,358.82,133,1,Regular Customers
15121.0,2,457.72,49,1,Regular Customers
15122.0,3,1633.78,113,1,Regular Customers
15123.0,2,2199.31,6,1,Regular Customers
15124.0,2,184.19,22,1,Regular Customers
15125.0,15,11528.48,24,1,Regular Customers
15127.0,1,406.53,65,1,Regular Customers
15128.0,4,1471.0,59,1,Regular Customers
15129.0,11,3447.4,49,1,Regular Customers
15130.0,1,330.11,169,2,At-Risk / Fading Customers
15132.0,5,977.93,17,1,Regular Customers
15133.0,3,982.42,127,2,At-Risk / Fading Customers
15134.0,8,1387.99,14,1,Regular Customers
15135.0,1,139.05,238,2,At-Risk / Fading Customers
15136.0,4,1286.7,2,1,Regular Customers
15139.0,2,178.96,239,2,At-Risk / Fading Customers
15140.0,7,2354.25,51,1,Regular Customers
15142.0,1,498.74,45,1,Regular Customers
15143.0,1,259.45,225,2,At-Risk / Fading Customers
15144.0,17,6580.4400000000005,7,3,Loyal / High-Value Customers
15145.0,4,1194.73,3,1,Regular Customers
15146.0,2,1327.16,164,2,At-Risk / Fading Customers
15147.0,1,623.5,239,2,At-Risk / Fading Customers
15148.0,1,301.29,10,1,Regular Customers
15149.0,1,520.8000000000001,133,1,Regular Customers
15150.0,10,5291.33,16,1,Regular Customers
15152.0,13,4745.69,9,1,Regular Customers
15153.0,1,329.25,30,1,Regular Customers
15154.0,1,254.28,74,1,Regular Customers
15156.0,3,961.49,0,1,Regular Customers
15157.0,3,1936.07,3,1,Regular Customers
15158.0,1,401.4,44,1,Regular Customers
15159.0,30,18641.01,1,3,Loyal / High-Value Customers
15160.0,1,158.16,356,2,At-Risk / Fading Customers
15163.0,2,304.47,17,1,Regular Customers
15164.0,3,824.58,68,1,Regular Customers
15165.0,1,487.75,372,2,At-Risk / Fading Customers
15167.0,1,158.8,320,2,At-Risk / Fading Customers
15168.0,1,106.56,25,1,Regular Customers
15171.0,1,1289.5,330,2,At-Risk / Fading Customers
15172.0,5,1624.05,8,1,Regular Customers
15174.0,1,135.75,322,2,At-Risk / Fading Customers
15175.0,1,224.14,71,1,Regular Customers
15178.0,1,40.5,259,2,At-Risk / Fading Customers
15179.0,5,2206.9500000000003,17,1,Regular Customers
15180.0,1,87.5,366,2,At-Risk / Fading Customers
15181.0,3,689.48,65,1,Regular Customers
15182.0,2,622.85,153,2,At-Risk / Fading Customers
15184.0,2,402.2,28,1,Regular Customers
15185.0,1,310.62,69,1,Regular Customers
15186.0,2,411.41,13,1,Regular Customers
15187.0,16,4777.18,1,3,Loyal / High-Value Customers
15189.0,41,16225.39,0,3,Loyal / High-Value Customers
15192.0,3,1044.32,119,1,Regular Customers
15193.0,1,499.32,60,1,Regular Customers
15194.0,15,7616.53,2,1,Regular Customers
15195.0,1,3861.0,2,1,Regular Customers
15197.0,3,1079.61,10,1,Regular Customers
15198.0,2,193.64,91,1,Regular Customers
15199.0,4,1268.7,58,1,Regular Customers
15201.0,5,1236.54,86,1,Regular Customers
15203.0,6,1827.8,25,1,Regular Customers
15204.0,1,316.58,356,2,At-Risk / Fading Customers
15205.0,2,653.24,84,1,Regular Customers
15206.0,4,420.3,9,1,Regular Customers
15208.0,5,870.12,0,1,Regular Customers
15210.0,1,331.18,224,2,At-Risk / Fading Customers
15211.0,2,894.4100000000001,59,1,Regular Customers
15212.0,1,101.8,240,2,At-Risk / Fading Customers
15213.0,2,328.35,318,2,At-Risk / Fading Customers
15214.0,8,1661.44,1,1,Regular Customers
15215.0,3,734.94,46,1,Regular Customers
15216.0,1,96.6,87,1,Regular Customers
15218.0,11,5756.89,10,1,Regular Customers
15219.0,1,305.75,175,2,At-Risk / Fading Customers
15220.0,6,1778.96,51,1,Regular Customers
15221.0,1,403.25,365,2,At-Risk / Fading Customers
15222.0,1,585.0,318,2,At-Risk / Fading Customers
15223.0,2,755.75,225,2,At-Risk / Fading Customers
15224.0,2,322.08,357,2,At-Risk / Fading Customers
15225.0,1,409.4,233,2,At-Risk / Fading Customers
15226.0,1,154.41,310,2,At-Risk / Fading Customers
15227.0,5,1219.4,36,1,Regular Customers
15228.0,4,3386.71,65,1,Regular Customers
15230.0,2,429.6,238,2,At-Risk / Fading Customers
15232.0,2,612.06,112,1,Regular Customers
15234.0,1,197.0,276,2,At-Risk / Fading Customers
15235.0,12,2247.51,217,2,At-Risk / Fading Customers
15236.0,1,321.05,298,2,At-Risk / Fading Customers
15237.0,4,1412.32,1,1,Regular Customers
15238.0,3,1071.99,28,1,Regular Customers
15239.0,2,780.59,9,1,Regular Customers
15240.0,5,1706.57,44,1,Regular Customers
15241.0,8,1756.44,66,1,Regular Customers
15243.0,1,316.68,73,1,Regular Customers
15244.0,2,631.57,64,1,Regular Customers
15245.0,3,2515.84,133,2,At-Risk / Fading Customers
15246.0,2,514.15,237,2,At-Risk / Fading Customers
15247.0,1,356.0,121,1,Regular Customers
15249.0,13,6688.46,31,1,Regular Customers
15251.0,11,10484.99,8,1,Regular Customers
15252.0,2,740.78,35,1,Regular Customers
15253.0,5,918.2,15,1,Regular Customers
15254.0,1,300.36,126,1,Regular Customers
15255.0,1,890.85,66,1,Regular Customers
15256.0,1,98.45,148,2,At-Risk / Fading Customers
15257.0,1,317.15,282,2,At-Risk / Fading Customers
15258.0,2,623.16,168,2,At-Risk / Fading Customers
15260.0,7,1810.77,99,1,Regular Customers
15261.0,1,254.82,134,1,Regular Customers
15262.0,1,178.95000000000002,323,2,At-Risk / Fading Customers
15263.0,1,156.51,106,1,Regular Customers
15264.0,1,393.74,63,1,Regular Customers
15265.0,2,1506.12,150,2,At-Risk / Fading Customers
15266.0,1,119.3,337,2,At-Risk / Fading Customers
15267.0,5,1717.36,21,1,Regular Customers
15269.0,1,408.8,23,1,Regular Customers
15270.0,7,2379.49,15,1,Regular Customers
15271.0,15,2493.34,6,1,Regular Customers
15272.0,2,721.94,56,1,Regular Customers
15274.0,2,716.57,3,1,Regular Customers
15275.0,1,615.14,37,1,Regular Customers
15276.0,1,128.63,65,1,Regular Customers
15277.0,1,255.9,46,1,Regular Customers
15279.0,1,290.51,354,2,At-Risk / Fading Customers
15280.0,1,113.12,171,2,At-Risk / Fading Customers
15281.0,9,2332.15,58,1,Regular Customers
15286.0,1,240.55,49,1,Regular Customers
15287.0,2,486.69,21,1,Regular Customers
15288.0,5,2306.52,42,1,Regular Customers
15289.0,3,939.78,28,1,Regular Customers
15290.0,18,7943.22,4,3,Loyal / High-Value Customers
15291.0,15,4668.3,25,1,Regular Customers
15292.0,1,178.39,200,2,At-Risk / Fading Customers
15296.0,6,3672.86,50,1,Regular Customers
15297.0,3,641.94,9,1,Regular Customers
15298.0,12,4799.9,1,1,Regular Customers
15299.0,7,4507.01,66,1,Regular Customers
15300.0,1,496.44,63,1,Regular Customers
15301.0,12,5049.95,50,1,Regular Customers
15303.0,1,574.02,289,2,At-Risk / Fading Customers
15304.0,8,694.4,60,1,Regular Customers
15306.0,3,1174.35,63,1,Regular Customers
15307.0,1,205.3,95,1,Regular Customers
15308.0,1,310.47,273,2,At-Risk / Fading Customers
15311.0,91,60632.75,0,0,VIP Customers
15312.0,4,924.85,74,1,Regular Customers
15313.0,1,52.0,109,1,Regular Customers
15314.0,1,327.97,198,2,At-Risk / Fading Customers
15315.0,2,570.5,63,1,Regular Customers
15316.0,1,165.0,326,2,At-Risk / Fading Customers
15318.0,1,312.62,3,1,Regular Customers
15319.0,1,204.5,283,2,At-Risk / Fading Customers
15320.0,1,267.13,43,1,Regular Customers
15321.0,3,2748.31,70,1,Regular Customers
15322.0,1,679.68,85,1,Regular Customers
15325.0,1,161.74,103,1,Regular Customers
15326.0,1,311.71,333,2,At-Risk / Fading Customers
15327.0,1,208.75,52,1,Regular Customers
15329.0,3,1049.7,38,1,Regular Customers
15330.0,2,714.9599999999999,31,1,Regular Customers
15332.0,4,1661.06,365,2,At-Risk / Fading Customers
15333.0,1,1028.56,207,2,At-Risk / Fading Customers
15334.0,3,350.82,156,2,At-Risk / Fading Customers
15335.0,1,170.22,53,1,Regular Customers
15339.0,2,574.07,65,1,Regular Customers
15341.0,1,2020.52,80,1,Regular Customers
15342.0,1,406.09,129,1,Regular Customers
15343.0,1,364.5,86,1,Regular Customers
15344.0,3,563.94,0,1,Regular Customers
15345.0,1,393.54,45,1,Regular Customers
15346.0,1,252.42,332,2,At-Risk / Fading Customers
15347.0,1,201.6,365,2,At-Risk / Fading Customers
15348.0,1,158.04,71,1,Regular Customers
15349.0,2,463.91,157,2,At-Risk / Fading Customers
15350.0,1,115.65,372,2,At-Risk / Fading Customers
15351.0,7,1934.66,11,1,Regular Customers
15353.0,2,770.12,254,2,At-Risk / Fading Customers
15355.0,2,277.05,28,1,Regular Customers
15356.0,10,2718.03,30,1,Regular Customers
15358.0,22,8347.2,4,3,Loyal / High-Value Customers
15360.0,1,427.93,39,1,Regular Customers
15361.0,1,418.92,361,2,At-Risk / Fading Customers
15363.0,1,326.0,372,2,At-Risk / Fading Customers
15364.0,2,913.19,95,1,Regular Customers
15365.0,7,2314.32,25,1,Regular Customers
15366.0,2,602.51,74,1,Regular Customers
15367.0,4,1877.59,56,1,Regular Customers
15368.0,1,446.94000000000005,20,1,Regular Customers
15370.0,7,2386.05,40,1,Regular Customers
15372.0,1,2007.4,136,1,Regular Customers
15373.0,12,2415.91,7,1,Regular Customers
15374.0,1,168.0,128,1,Regular Customers
15376.0,3,1221.56,39,1,Regular Customers
15379.0,7,3703.29,168,2,At-Risk / Fading Customers
15380.0,5,1690.26,8,1,Regular Customers
15381.0,2,596.85,213,2,At-Risk / Fading Customers
15382.0,6,5955.71,14,1,Regular Customers
15384.0,2,642.41,169,2,At-Risk / Fading Customers
15385.0,1,316.88,39,1,Regular Customers
15386.0,1,394.14,185,2,At-Risk / Fading Customers
15388.0,1,140.54,269,2,At-Risk / Fading Customers
15389.0,1,500.0,171,2,At-Risk / Fading Customers
15392.0,4,1535.53,4,1,Regular Customers
15393.0,2,231.86,15,1,Regular Customers
15394.0,4,2183.54,9,1,Regular Customers
15395.0,1,107.45,325,2,At-Risk / Fading Customers
15396.0,1,288.18,112,1,Regular Customers
15397.0,1,94.0,289,2,At-Risk / Fading Customers
15398.0,2,1345.53,15,1,Regular Customers
15399.0,3,815.77,0,1,Regular Customers
15400.0,5,716.2,91,1,Regular Customers
15402.0,2,626.77,148,2,At-Risk / Fading Customers
15405.0,1,349.1,188,2,At-Risk / Fading Customers
15406.0,2,510.71,30,1,Regular Customers
15407.0,4,1046.74,33,1,Regular Customers
15408.0,1,267.18,263,2,At-Risk / Fading Customers
15410.0,8,3450.84,83,1,Regular Customers
15411.0,4,1348.93,25,1,Regular Customers
15412.0,1,190.53,170,2,At-Risk / Fading Customers
15414.0,3,774.9000000000001,9,1,Regular Customers
15415.0,1,559.61,312,2,At-Risk / Fading Customers
15416.0,4,3984.32,64,1,Regular Customers
15417.0,1,508.8,84,1,Regular Customers
15419.0,1,135.86,24,1,Regular Customers
15421.0,4,950.36,58,1,Regular Customers
15422.0,2,97.7,322,2,At-Risk / Fading Customers
15423.0,1,43.5,37,1,Regular Customers
15424.0,2,383.34,253,2,At-Risk / Fading Customers
15426.0,5,1404.07,18,1,Regular Customers
15427.0,3,1430.54,32,1,Regular Customers
15428.0,1,93.78,14,1,Regular Customers
15429.0,2,397.35,26,1,Regular Customers
15432.0,1,171.19000000000003,22,1,Regular Customers
15433.0,2,533.3,213,2,At-Risk / Fading Customers
15434.0,5,1041.48,7,1,Regular Customers
15435.0,1,149.29,21,1,Regular Customers
15436.0,3,1067.75,11,1,Regular Customers
15437.0,1,200.16,261,2,At-Risk / Fading Customers
15438.0,1,156.57999999999998,130,1,Regular Customers
15440.0,3,383.68,54,1,Regular Customers
15442.0,1,594.0,248,2,At-Risk / Fading Customers
15443.0,7,3213.59,1,1,Regular Customers
15444.0,2,1411.21,8,1,Regular Customers
15445.0,1,113.5,263,2,At-Risk / Fading Customers
15447.0,1,155.17000000000002,330,2,At-Risk / Fading Customers
15448.0,1,494.64,312,2,At-Risk / Fading Customers
15449.0,3,974.52,25,1,Regular Customers
15450.0,1,429.84,29,1,Regular Customers
15452.0,3,528.48,29,1,Regular Customers
15453.0,7,1371.77,1,1,Regular Customers
15454.0,1,179.1,361,2,At-Risk / Fading Customers
15456.0,3,434.59,282,2,At-Risk / Fading Customers
15457.0,1,237.07,261,2,At-Risk / Fading Customers
15458.0,1,161.64,24,1,Regular Customers
15460.0,1,214.26,353,2,At-Risk / Fading Customers
15462.0,3,234.6,93,1,Regular Customers
15463.0,1,126.14,28,1,Regular Customers
15464.0,1,1044.65,337,2,At-Risk / Fading Customers
15465.0,18,7354.62,19,3,Loyal / High-Value Customers
15466.0,1,334.53,84,1,Regular Customers
15467.0,3,524.88,8,1,Regular Customers
15468.0,2,467.51,50,1,Regular Customers
15469.0,2,538.55,49,1,Regular Customers
15471.0,1,454.48,1,1,Regular Customers
15472.0,1,371.56,112,1,Regular Customers
15473.0,7,1771.2,13,1,Regular Customers
15475.0,1,454.11,76,1,Regular Customers
15478.0,2,1399.92,39,1,Regular Customers
15480.0,1,905.5,115,1,Regular Customers
15482.0,12,10879.76,15,1,Regular Customers
15483.0,4,225.26,160,2,At-Risk / Fading Customers
15484.0,4,3590.41,0,1,Regular Customers
15485.0,3,2564.5,29,1,Regular Customers
15488.0,1,91.32,92,1,Regular Customers
15489.0,3,1134.28,22,1,Regular Customers
15491.0,6,3100.09,94,1,Regular Customers
15492.0,2,659.46,27,1,Regular Customers
15493.0,5,1953.41,32,1,Regular Customers
15494.0,2,1280.58,20,1,Regular Customers
15497.0,2,1262.2,17,1,Regular Customers
15498.0,27,13316.4,2,3,Loyal / High-Value Customers
15500.0,4,1131.56,7,1,Regular Customers
15502.0,12,10384.93,15,1,Regular Customers
15503.0,1,141.04,362,2,At-Risk / Fading Customers
15504.0,1,52.83,80,1,Regular Customers
15505.0,5,3610.96,52,1,Regular Customers
15506.0,3,972.08,22,1,Regular Customers
15507.0,1,475.86,171,2,At-Risk / Fading Customers
15508.0,6,1000.27,188,2,At-Risk / Fading Customers
15510.0,1,250.0,330,2,At-Risk / Fading Customers
15511.0,5,900.53,11,1,Regular Customers
15512.0,2,121.0,155,2,At-Risk / Fading Customers
15513.0,19,14758.22,32,3,Loyal / High-Value Customers
15514.0,11,4023.72,11,1,Regular Customers
15516.0,3,62.43,44,1,Regular Customers
15517.0,1,267.03,232,2,At-Risk / Fading Customers
15518.0,8,1921.55,63,1,Regular Customers
15520.0,1,343.5,1,1,Regular Customers
15521.0,8,3000.2,39,1,Regular Customers
15522.0,2,397.99,32,1,Regular Customers
15523.0,1,412.0100000000001,83,1,Regular Customers
15524.0,1,440.0,24,1,Regular Customers
15525.0,3,734.37,1,1,Regular Customers
15526.0,2,148.44,32,1,Regular Customers
15527.0,8,2428.53,18,1,Regular Customers
15528.0,1,229.33,253,2,At-Risk / Fading Customers
15529.0,11,3962.6,22,1,Regular Customers
15530.0,4,1497.31,21,1,Regular Customers
15531.0,2,1972.39,7,1,Regular Customers
15532.0,4,1564.73,24,1,Regular Customers
15533.0,3,807.57,18,1,Regular Customers
15535.0,4,502.9,172,2,At-Risk / Fading Customers
15537.0,1,110.92,162,2,At-Risk / Fading Customers
15539.0,1,538.46,6,1,Regular Customers
15540.0,1,213.3,10,1,Regular Customers
15541.0,1,85.13000000000001,113,1,Regular Customers
15543.0,1,127.86,287,2,At-Risk / Fading Customers
15544.0,9,3546.71,8,1,Regular Customers
15545.0,2,288.97,53,1,Regular Customers
15547.0,14,4910.6,6,1,Regular Customers
15549.0,3,1681.46,76,1,Regular Customers
15550.0,4,575.63,3,1,Regular Customers
15551.0,1,436.06,36,1,Regular Customers
15552.0,1,90.12,216,2,At-Risk / Fading Customers
15553.0,1,428.93,59,1,Regular Customers
15554.0,1,217.2,277,2,At-Risk / Fading Customers
15555.0,16,4794.86,11,1,Regular Customers
15556.0,1,279.77,23,1,Regular Customers
15557.0,1,468.91,28,1,Regular Customers
15561.0,4,800.5899999999999,11,1,Regular Customers
15562.0,1,134.55,351,2,At-Risk / Fading Customers
15563.0,4,1400.44,21,1,Regular Customers
15565.0,2,173.16000000000005,49,1,Regular Customers
15567.0,1,186.01,18,1,Regular Customers
15568.0,3,758.29,2,1,Regular Customers
15569.0,5,1375.71,103,1,Regular Customers
15570.0,12,4148.82,6,1,Regular Customers
15571.0,4,650.4300000000001,11,1,Regular Customers
15572.0,7,2533.42,4,1,Regular Customers
15573.0,2,591.1899999999999,31,1,Regular Customers
15574.0,4,675.64,177,2,At-Risk / Fading Customers
15576.0,1,921.37,37,1,Regular Customers
15577.0,3,258.88,150,2,At-Risk / Fading Customers
15578.0,1,127.1,161,2,At-Risk / Fading Customers
15579.0,2,327.6,68,1,Regular Customers
15581.0,13,3675.77,120,1,Regular Customers
15582.0,3,682.9100000000001,24,1,Regular Customers
15584.0,4,720.86,23,1,Regular Customers
15585.0,1,455.3,176,2,At-Risk / Fading Customers
15587.0,4,913.68,49,1,Regular Customers
15589.0,3,478.53,255,2,At-Risk / Fading Customers
15592.0,1,388.58,46,1,Regular Customers
15593.0,1,199.8,70,1,Regular Customers
15594.0,5,1771.78,15,1,Regular Customers
15596.0,5,1406.59,100,1,Regular Customers
15597.0,1,324.57,34,1,Regular Customers
15598.0,1,240.68,52,1,Regular Customers
15599.0,2,761.74,26,1,Regular Customers
15601.0,14,6776.56,10,1,Regular Customers
15602.0,9,1297.87,7,1,Regular Customers
15603.0,1,48.48,78,1,Regular Customers
15604.0,1,216.39,51,1,Regular Customers
15605.0,5,1198.23,35,1,Regular Customers
15606.0,9,2920.16,60,1,Regular Customers
15607.0,1,104.76,336,2,At-Risk / Fading Customers
15608.0,4,1093.68,27,1,Regular Customers
15609.0,1,298.48,183,2,At-Risk / Fading Customers
15610.0,1,112.46,51,1,Regular Customers
15611.0,13,1591.45,9,1,Regular Customers
15612.0,2,195.15,35,1,Regular Customers
15615.0,23,10399.74,9,3,Loyal / High-Value Customers
15618.0,4,776.851,32,1,Regular Customers
15619.0,1,336.4,10,1,Regular Customers
15620.0,3,1553.18,56,1,Regular Customers
15621.0,4,1293.03,3,1,Regular Customers
15622.0,9,3709.56,42,1,Regular Customers
15623.0,1,301.03000000000003,140,2,At-Risk / Fading Customers
15624.0,4,588.13,116,1,Regular Customers
15625.0,4,1534.26,103,1,Regular Customers
15626.0,2,675.8,74,1,Regular Customers
15628.0,9,2870.24,4,1,Regular Customers
15630.0,2,1186.35,44,1,Regular Customers
15632.0,8,3285.31,15,1,Regular Customers
15634.0,1,243.55,16,1,Regular Customers
15636.0,2,724.76,89,1,Regular Customers
15637.0,1,223.36,52,1,Regular Customers
15639.0,1,425.32,133,1,Regular Customers
15640.0,15,12416.11,3,1,Regular Customers
15641.0,4,1887.2,104,1,Regular Customers
15643.0,3,664.0,191,2,At-Risk / Fading Customers
15644.0,4,803.54,165,2,At-Risk / Fading Customers
15645.0,1,612.01,18,1,Regular Customers
15646.0,3,447.64,157,2,At-Risk / Fading Customers
15648.0,2,639.5,203,2,At-Risk / Fading Customers
15649.0,2,816.0,335,2,At-Risk / Fading Customers
15651.0,3,646.3,36,1,Regular Customers
15652.0,1,337.74,90,1,Regular Customers
15653.0,2,877.44,92,1,Regular Customers
15654.0,2,922.53,8,1,Regular Customers
15655.0,1,560.6700000000001,242,2,At-Risk / Fading Customers
15656.0,4,748.5,44,1,Regular Customers
15657.0,1,30.0,22,1,Regular Customers
15658.0,5,1024.1,189,2,At-Risk / Fading Customers
15659.0,1,306.45,43,1,Regular Customers
15660.0,9,1600.86,24,1,Regular Customers
15661.0,2,309.8,316,2,At-Risk / Fading Customers
15663.0,1,138.14,105,1,Regular Customers
15664.0,1,386.43,50,1,Regular Customers
15665.0,2,2222.21,167,2,At-Risk / Fading Customers
15667.0,1,301.32000000000005,39,1,Regular Customers
15668.0,1,76.32000000000001,217,2,At-Risk / Fading Customers
15669.0,4,684.34,39,1,Regular Customers
15670.0,1,173.05,296,2,At-Risk / Fading Customers
15671.0,7,2657.13,18,1,Regular Customers
15673.0,4,2726.23,87,1,Regular Customers
15674.0,5,2446.6,72,1,Regular Customers
15675.0,3,323.69,80,1,Regular Customers
15676.0,3,3435.76,18,1,Regular Customers
15677.0,1,657.23,48,1,Regular Customers
15678.0,1,352.7,52,1,Regular Customers
15679.0,4,781.28,23,1,Regular Customers
15680.0,3,1333.68,8,1,Regular Customers
15681.0,5,1426.16,24,1,Regular Customers
15683.0,1,193.75,116,1,Regular Customers
15687.0,9,2993.1,8,1,Regular Customers
15689.0,2,254.1,119,1,Regular Customers
15690.0,2,239.76,3,1,Regular Customers
15691.0,1,136.8,251,2,At-Risk / Fading Customers
15692.0,1,191.04,27,1,Regular Customers
15694.0,14,6479.4,0,1,Regular Customers
15695.0,2,409.98,266,2,At-Risk / Fading Customers
15696.0,8,2711.11,32,1,Regular Customers
15699.0,1,309.65,17,1,Regular Customers
15700.0,2,696.68,171,2,At-Risk / Fading Customers
15701.0,4,1529.0,1,1,Regular Customers
15703.0,1,211.5,264,2,At-Risk / Fading Customers
15704.0,4,2293.62,139,2,At-Risk / Fading Customers
15705.0,1,143.1,200,2,At-Risk / Fading Customers
15706.0,4,1060.56,63,1,Regular Customers
15707.0,4,916.98,34,1,Regular Customers
15708.0,7,3235.25,40,1,Regular Customers
15709.0,1,133.25,283,2,At-Risk / Fading Customers
15712.0,5,1072.36,8,1,Regular Customers
15713.0,2,356.7,142,2,At-Risk / Fading Customers
15714.0,2,330.03000000000003,11,1,Regular Customers
15716.0,4,1101.11,145,2,At-Risk / Fading Customers
15717.0,1,150.3,233,2,At-Risk / Fading Customers
15719.0,13,5030.07,32,1,Regular Customers
15720.0,1,598.73,23,1,Regular Customers
15721.0,1,471.4,11,1,Regular Customers
15722.0,5,2211.21,35,1,Regular Customers
15723.0,1,190.7,364,2,At-Risk / Fading Customers
15724.0,2,218.25,200,2,At-Risk / Fading Customers
15725.0,1,415.25,14,1,Regular Customers
15727.0,7,5159.06,16,1,Regular Customers
15729.0,1,85.0,212,2,At-Risk / Fading Customers
15730.0,3,1120.88,65,1,Regular Customers
15732.0,2,294.12,211,2,At-Risk / Fading Customers
15733.0,1,162.3,282,2,At-Risk / Fading Customers
15734.0,2,1339.45,114,1,Regular Customers
15737.0,8,1188.12,14,1,Regular Customers
15738.0,16,4812.42,18,1,Regular Customers
15739.0,1,449.12,65,1,Regular Customers
15740.0,1,154.88,48,1,Regular Customers
15743.0,4,775.96,15,1,Regular Customers
15744.0,1,34.8,77,1,Regular Customers
15745.0,4,1094.59,18,1,Regular Customers
15746.0,1,196.88,133,1,Regular Customers
15747.0,3,946.64,12,1,Regular Customers
15748.0,1,144.36,39,1,Regular Customers
15749.0,3,44534.3,234,3,Loyal / High-Value Customers
15750.0,8,2463.05,2,1,Regular Customers
15752.0,7,2626.6,39,1,Regular Customers
15753.0,1,79.2,304,2,At-Risk / Fading Customers
15754.0,3,458.57,50,1,Regular Customers
15755.0,6,2364.25,9,1,Regular Customers
15756.0,4,528.01,60,1,Regular Customers
15757.0,2,714.42,65,1,Regular Customers
15758.0,1,205.25,24,1,Regular Customers
15759.0,3,253.04,217,2,At-Risk / Fading Customers
15762.0,2,583.75,64,1,Regular Customers
15763.0,2,1086.92,31,1,Regular Customers
15764.0,6,3279.9700000000003,87,1,Regular Customers
15766.0,1,315.06,63,1,Regular Customers
15768.0,3,621.83,115,1,Regular Customers
15769.0,26,56252.72,6,3,Loyal / High-Value Customers
15773.0,1,635.6800000000001,5,1,Regular Customers
15774.0,1,270.8,68,1,Regular Customers
15775.0,1,104.9,244,2,At-Risk / Fading Customers
15776.0,1,241.62,132,1,Regular Customers
15777.0,4,1047.11,240,2,At-Risk / Fading Customers
15780.0,3,475.28,183,2,At-Risk / Fading Customers
15781.0,3,345.46000000000004,24,1,Regular Customers
15782.0,3,2614.74,9,1,Regular Customers
15783.0,1,246.3,10,1,Regular Customers
15785.0,5,2328.9700000000003,32,1,Regular Customers
15786.0,3,4919.0,45,1,Regular Customers
15787.0,3,933.26,25,1,Regular Customers
15789.0,1,351.3,357,2,At-Risk / Fading Customers
15790.0,1,218.75,9,1,Regular Customers
15791.0,2,1612.69,43,1,Regular Customers
15793.0,3,965.61,14,1,Regular Customers
15795.0,1,610.01,149,2,At-Risk / Fading Customers
15796.0,8,2708.61,0,1,Regular Customers
15797.0,4,2207.4,112,1,Regular Customers
15799.0,3,884.14,75,1,Regular Customers
15800.0,2,696.89,106,1,Regular Customers
15801.0,3,1063.95,45,1,Regular Customers
15802.0,1,451.42,142,2,At-Risk / Fading Customers
15803.0,1,415.8200000000001,50,1,Regular Customers
15804.0,13,4206.39,0,1,Regular Customers
15805.0,17,5488.18,22,3,Loyal / High-Value Customers
15806.0,3,784.58,45,1,Regular Customers
15807.0,3,903.9,49,1,Regular Customers
15808.0,4,3651.27,305,2,At-Risk / Fading Customers
15809.0,5,515.77,35,1,Regular Customers
15810.0,4,1391.98,78,1,Regular Customers
15811.0,6,2218.62,21,1,Regular Customers
15812.0,5,1801.14,106,1,Regular Customers
15813.0,2,1303.91,207,2,At-Risk / Fading Customers
15814.0,4,1945.33,16,1,Regular Customers
15815.0,5,2100.6,63,1,Regular Customers
15819.0,4,1905.45,48,1,Regular Customers
15820.0,1,206.98,319,2,At-Risk / Fading Customers
15821.0,2,570.96,43,1,Regular Customers
15822.0,2,885.47,2,1,Regular Customers
15823.0,1,15.0,371,2,At-Risk / Fading Customers
15825.0,1,532.94,171,2,At-Risk / Fading Customers
15826.0,3,1654.31,55,1,Regular Customers
15827.0,14,1836.09,72,1,Regular Customers
15829.0,2,636.14,98,1,Regular Customers
15830.0,1,576.0,37,1,Regular Customers
15831.0,3,794.64,57,1,Regular Customers
15832.0,1,836.79,253,2,At-Risk / Fading Customers
15834.0,4,2225.15,69,1,Regular Customers
15835.0,4,954.09,43,1,Regular Customers
15836.0,1,137.37,49,1,Regular Customers
15837.0,1,391.98,64,1,Regular Customers
15838.0,19,33643.08,10,3,Loyal / High-Value Customers
15839.0,3,1048.49,32,1,Regular Customers
15840.0,2,355.56,58,1,Regular Customers
15841.0,4,1224.06,72,1,Regular Customers
15843.0,1,118.95,303,2,At-Risk / Fading Customers
15844.0,1,130.73999999999998,45,1,Regular Customers
15845.0,8,3711.77,17,1,Regular Customers
15847.0,2,389.27,37,1,Regular Customers
15850.0,2,234.88,18,1,Regular Customers
15852.0,2,160.71,186,2,At-Risk / Fading Customers
15853.0,1,110.8,51,1,Regular Customers
15854.0,12,2969.12,3,1,Regular Customers
15855.0,5,712.24,136,2,At-Risk / Fading Customers
15856.0,27,16143.64,3,3,Loyal / High-Value Customers
15857.0,1,297.0,18,1,Regular Customers
15858.0,5,1427.57,15,1,Regular Customers
15860.0,8,965.16,40,1,Regular Customers
15861.0,8,3146.92,11,1,Regular Customers
15862.0,4,832.88,7,1,Regular Customers
15863.0,2,68.84,25,1,Regular Customers
15864.0,6,1936.32,21,1,Regular Customers
15865.0,3,895.13,40,1,Regular Customers
15866.0,1,211.89,100,1,Regular Customers
15867.0,15,3810.14,4,1,Regular Customers
15869.0,2,149.64,276,2,At-Risk / Fading Customers
15870.0,1,351.44,32,1,Regular Customers
15872.0,2,316.25,14,1,Regular Customers
15874.0,7,4405.88,63,1,Regular Customers
15877.0,2,490.33,1,1,Regular Customers
15880.0,1,329.03,368,2,At-Risk / Fading Customers
15881.0,5,501.39,311,2,At-Risk / Fading Customers
15882.0,4,516.36,198,2,At-Risk / Fading Customers
15883.0,2,396.48,1,1,Regular Customers
15885.0,3,379.35,92,1,Regular Customers
15886.0,1,181.09,59,1,Regular Customers
15888.0,1,168.31,80,1,Regular Customers
15889.0,2,420.07,156,2,At-Risk / Fading Customers
15891.0,1,511.68,226,2,At-Risk / Fading Customers
15894.0,2,258.25,252,2,At-Risk / Fading Customers
15895.0,1,179.17,149,2,At-Risk / Fading Customers
15897.0,2,208.59,193,2,At-Risk / Fading Customers
15898.0,5,1383.83,0,1,Regular Customers
15899.0,1,56.25,368,2,At-Risk / Fading Customers
15900.0,1,337.28000000000003,23,1,Regular Customers
15901.0,3,351.73,16,1,Regular Customers
15903.0,7,5126.76,9,1,Regular Customers
15904.0,1,164.68,7,1,Regular Customers
15906.0,7,1567.69,19,1,Regular Customers
15907.0,3,882.72,3,1,Regular Customers
15909.0,1,191.94,173,2,At-Risk / Fading Customers
15910.0,8,1228.88,0,1,Regular Customers
15912.0,2,264.62,177,2,At-Risk / Fading Customers
15916.0,8,1502.86,15,1,Regular Customers
15917.0,1,123.1,247,2,At-Risk / Fading Customers
15918.0,2,334.23,190,2,At-Risk / Fading Customers
15919.0,2,525.69,19,1,Regular Customers
15920.0,4,167.5,153,2,At-Risk / Fading Customers
15921.0,1,323.03000000000003,172,2,At-Risk / Fading Customers
15922.0,1,369.5,372,2,At-Risk / Fading Customers
15923.0,1,127.08,372,2,At-Risk / Fading Customers
15925.0,1,207.15,193,2,At-Risk / Fading Customers
15930.0,1,426.63,66,1,Regular Customers
15932.0,8,2495.87,3,1,Regular Customers
15933.0,3,1107.46,20,1,Regular Customers
15935.0,2,416.86,238,2,At-Risk / Fading Customers
15937.0,1,145.35000000000002,63,1,Regular Customers
15938.0,5,404.58,111,1,Regular Customers
15939.0,15,6115.01,89,1,Regular Customers
15940.0,1,35.8,310,2,At-Risk / Fading Customers
15942.0,1,337.44,133,1,Regular Customers
15944.0,1,325.1,276,2,At-Risk / Fading Customers
15945.0,1,181.0,364,2,At-Risk / Fading Customers
15947.0,1,1708.24,82,1,Regular Customers
15948.0,2,955.24,7,1,Regular Customers
15949.0,2,364.72,16,1,Regular Customers
15950.0,4,1744.71,31,1,Regular Customers
15951.0,2,708.22,8,1,Regular Customers
15952.0,4,781.91,33,1,Regular Customers
15953.0,8,1657.28,14,1,Regular Customers
15955.0,14,4416.26,23,1,Regular Customers
15957.0,1,428.89,31,1,Regular Customers
15958.0,1,104.35,73,1,Regular Customers
15963.0,2,470.76,19,1,Regular Customers
15965.0,4,808.87,16,1,Regular Customers
15967.0,2,397.68,22,1,Regular Customers
15969.0,3,666.1,2,1,Regular Customers
15970.0,1,314.1,303,2,At-Risk / Fading Customers
15971.0,12,4199.85,17,1,Regular Customers
15973.0,1,307.82000000000005,366,2,At-Risk / Fading Customers
15974.0,7,3442.15,38,1,Regular Customers
15975.0,1,371.01,83,1,Regular Customers
15976.0,2,427.64,164,2,At-Risk / Fading Customers
15977.0,2,1054.73,16,1,Regular Customers
15978.0,1,1098.78,76,1,Regular Customers
15980.0,3,2398.86,88,1,Regular Customers
15981.0,8,3408.48,24,1,Regular Customers
15983.0,4,1465.12,21,1,Regular Customers
15984.0,10,2780.63,2,1,Regular Customers
15985.0,2,1142.42,122,1,Regular Customers
15986.0,1,168.12,29,1,Regular Customers
15987.0,7,1432.77,11,1,Regular Customers
15988.0,1,156.78,18,1,Regular Customers
15990.0,2,792.11,43,1,Regular Customers
15992.0,1,41.99,3,1,Regular Customers
15993.0,7,2777.67,8,1,Regular Customers
15994.0,1,414.27,54,1,Regular Customers
15996.0,6,1032.58,87,1,Regular Customers
15998.0,5,3080.22,36,1,Regular Customers
16000.0,3,12393.7,2,1,Regular Customers
16003.0,5,2735.37,29,1,Regular Customers
16005.0,4,578.71,11,1,Regular Customers
16006.0,1,101.4,210,2,At-Risk / Fading Customers
16007.0,4,1693.81,47,1,Regular Customers
16008.0,3,478.78,23,1,Regular Customers
16009.0,4,972.11,21,1,Regular Customers
16010.0,3,392.4,245,2,At-Risk / Fading Customers
16011.0,16,3352.96,7,3,Loyal / High-Value Customers
16012.0,3,1415.29,34,1,Regular Customers
16013.0,47,37130.6,3,3,Loyal / High-Value Customers
16014.0,3,646.83,37,1,Regular Customers
16015.0,3,704.55,3,1,Regular Customers
16016.0,8,1465.51,2,1,Regular Customers
16017.0,1,211.88,46,1,Regular Customers
16018.0,2,408.9,38,1,Regular Customers
16019.0,9,3786.24,46,1,Regular Customers
16020.0,3,851.01,16,1,Regular Customers
16022.0,1,602.63,259,2,At-Risk / Fading Customers
16023.0,3,719.81,45,1,Regular Customers
16024.0,1,251.03,11,1,Regular Customers
16025.0,1,439.66,29,1,Regular Customers
16026.0,1,236.09,42,1,Regular Customers
16027.0,6,934.62,91,1,Regular Customers
16029.0,63,80850.84,38,0,VIP Customers
16030.0,1,331.24,309,2,At-Risk / Fading Customers
16031.0,2,547.9,91,1,Regular Customers
16033.0,20,8778.82,5,3,Loyal / High-Value Customers
16034.0,3,437.7000000000001,195,2,At-Risk / Fading Customers
16036.0,2,758.9200000000001,86,1,Regular Customers
16037.0,3,855.02,269,2,At-Risk / Fading Customers
16038.0,3,471.78,7,1,Regular Customers
16040.0,3,1313.55,64,1,Regular Customers
16041.0,3,3166.4,30,1,Regular Customers
16042.0,5,1177.47,21,1,Regular Customers
16043.0,4,773.99,37,1,Regular Customers
16045.0,4,1340.7,119,1,Regular Customers
16048.0,2,256.44,372,2,At-Risk / Fading Customers
16049.0,3,1074.81,39,1,Regular Customers
16050.0,1,137.9,173,2,At-Risk / Fading Customers
16052.0,1,362.06,53,1,Regular Customers
16053.0,2,1511.95,32,1,Regular Customers
16054.0,1,783.9,144,2,At-Risk / Fading Customers
16055.0,1,134.8,220,2,At-Risk / Fading Customers
16056.0,1,650.75,44,1,Regular Customers
16057.0,7,2263.12,15,1,Regular Customers
16059.0,6,1453.16,65,1,Regular Customers
16062.0,4,1153.62,9,1,Regular Customers
16063.0,1,335.32,259,2,At-Risk / Fading Customers
16065.0,1,367.14,364,2,At-Risk / Fading Customers
16066.0,5,1521.04,16,1,Regular Customers
16070.0,2,852.15,21,1,Regular Customers
16071.0,1,326.24,44,1,Regular Customers
16072.0,1,584.3199999999999,287,2,At-Risk / Fading Customers
16073.0,1,122.4,296,2,At-Risk / Fading Customers
16076.0,10,2234.73,2,1,Regular Customers
16078.0,1,79.2,283,2,At-Risk / Fading Customers
16079.0,3,1352.0,16,1,Regular Customers
16080.0,2,217.16,81,1,Regular Customers
16081.0,5,2799.42,55,1,Regular Customers
16083.0,2,1317.62,100,1,Regular Customers
16084.0,1,436.18,298,2,At-Risk / Fading Customers
16085.0,5,981.51,22,1,Regular Customers
16086.0,5,1121.39,58,1,Regular Customers
16091.0,2,315.06,154,2,At-Risk / Fading Customers
16092.0,3,817.86,114,1,Regular Customers
16093.0,1,17.0,106,1,Regular Customers
16094.0,4,1078.23,11,1,Regular Customers
16096.0,1,320.62,263,2,At-Risk / Fading Customers
16097.0,1,185.05,239,2,At-Risk / Fading Customers
16098.0,7,2005.63,87,1,Regular Customers
16099.0,3,731.9,49,1,Regular Customers
16101.0,1,1290.7,70,1,Regular Customers
16102.0,3,1842.14,41,1,Regular Customers
16103.0,6,1429.64,6,1,Regular Customers
16104.0,1,298.21,61,1,Regular Customers
16105.0,1,336.96,248,2,At-Risk / Fading Customers
16106.0,1,108.38,65,1,Regular Customers
16107.0,7,3204.1600000000003,17,1,Regular Customers
16108.0,1,842.5,84,1,Regular Customers
16109.0,2,611.88,218,2,At-Risk / Fading Customers
16110.0,3,1320.95,44,1,Regular Customers
16112.0,4,195.74,142,2,At-Risk / Fading Customers
16113.0,1,161.38,182,2,At-Risk / Fading Customers
16114.0,1,135.75000000000003,170,2,At-Risk / Fading Customers
16115.0,8,1660.88,9,1,Regular Customers
16116.0,1,612.78,211,2,At-Risk / Fading Customers
16117.0,1,232.21,189,2,At-Risk / Fading Customers
16119.0,2,423.36,7,1,Regular Customers
16120.0,4,1309.14,58,1,Regular Customers
16121.0,2,854.66,56,1,Regular Customers
16122.0,4,684.42,72,1,Regular Customers
16123.0,1,307.78000000000003,51,1,Regular Customers
16124.0,1,249.0,316,2,At-Risk / Fading Customers
16125.0,1,289.35,366,2,At-Risk / Fading Customers
16126.0,4,6287.77,28,1,Regular Customers
16127.0,1,656.25,38,1,Regular Customers
16128.0,5,1880.22,17,1,Regular Customers
16131.0,6,3506.54,51,1,Regular Customers
16133.0,33,14589.04,3,3,Loyal / High-Value Customers
16134.0,2,618.09,21,1,Regular Customers
16135.0,1,517.55,262,2,At-Risk / Fading Customers
16136.0,3,709.38,59,1,Regular Customers
16139.0,3,635.4100000000001,18,1,Regular Customers
16140.0,2,725.1800000000001,65,1,Regular Customers
16141.0,1,620.4,87,1,Regular Customers
16142.0,1,535.34,249,2,At-Risk / Fading Customers
16143.0,6,2424.94,2,1,Regular Customers
16144.0,1,175.2,246,2,At-Risk / Fading Customers
16145.0,11,3799.49,8,1,Regular Customers
16146.0,3,734.13,156,2,At-Risk / Fading Customers
16147.0,1,375.0,133,1,Regular Customers
16148.0,1,76.32000000000001,295,2,At-Risk / Fading Customers
16149.0,2,280.52,4,1,Regular Customers
16150.0,5,2053.02,42,1,Regular Customers
16152.0,1,1829.04,268,2,At-Risk / Fading Customers
16153.0,5,1824.23,49,1,Regular Customers
16156.0,9,3092.04,8,1,Regular Customers
16157.0,3,656.69,15,1,Regular Customers
16159.0,1,348.2,281,2,At-Risk / Fading Customers
16160.0,2,1025.44,64,1,Regular Customers
16161.0,19,5533.67,1,3,Loyal / High-Value Customers
16162.0,1,37.4,251,2,At-Risk / Fading Customers
16163.0,2,856.6,231,2,At-Risk / Fading Customers
16164.0,3,822.48,16,1,Regular Customers
16168.0,27,3787.6,10,3,Loyal / High-Value Customers
16169.0,4,1822.97,7,1,Regular Customers
16170.0,6,1885.05,50,1,Regular Customers
16171.0,1,73.19999999999999,58,1,Regular Customers
16172.0,5,1140.21,94,1,Regular Customers
16173.0,6,1418.32,15,1,Regular Customers
16174.0,3,1009.55,125,2,At-Risk / Fading Customers
16175.0,4,1037.59,93,1,Regular Customers
16177.0,1,331.95,49,1,Regular Customers
16178.0,1,197.9,137,1,Regular Customers
16179.0,1,215.83,60,1,Regular Customers
16180.0,8,10254.18,99,1,Regular Customers
16181.0,1,305.54,72,1,Regular Customers
16182.0,4,6617.65,71,1,Regular Customers
16183.0,1,338.71000000000004,66,1,Regular Customers
16184.0,6,1158.79,63,1,Regular Customers
16185.0,2,529.41,16,1,Regular Customers
16186.0,12,4006.94,22,1,Regular Customers
16187.0,15,6911.4400000000005,31,1,Regular Customers
16188.0,4,981.86,44,1,Regular Customers
16189.0,2,215.48,15,1,Regular Customers
16190.0,1,215.08,39,1,Regular Customers
16191.0,13,5180.52,2,1,Regular Customers
16193.0,1,314.45,236,2,At-Risk / Fading Customers
16198.0,1,400.681,74,1,Regular Customers
16200.0,2,1068.87,3,1,Regular Customers
16201.0,4,1863.47,2,1,Regular Customers
16202.0,1,365.27,360,2,At-Risk / Fading Customers
16203.0,4,592.9,58,1,Regular Customers
16204.0,1,384.18,22,1,Regular Customers
16205.0,4,757.63,30,1,Regular Customers
16206.0,4,537.0600000000001,54,1,Regular Customers
16207.0,1,394.38,24,1,Regular Customers
16208.0,2,664.26,44,1,Regular Customers
16209.0,5,2262.62,88,1,Regular Customers
16210.0,18,21086.3,1,3,Loyal / High-Value Customers
16211.0,1,547.02,88,1,Regular Customers
16212.0,2,690.34,18,1,Regular Customers
16213.0,1,159.0,78,1,Regular Customers
16214.0,3,1062.75,170,2,At-Risk / Fading Customers
16215.0,1,242.35,80,1,Regular Customers
16216.0,1,914.93,266,2,At-Risk / Fading Customers
16217.0,2,304.25,234,2,At-Risk / Fading Customers
16218.0,7,3084.68,29,1,Regular Customers
16221.0,3,860.86,36,1,Regular Customers
16222.0,1,773.55,317,2,At-Risk / Fading Customers
16224.0,4,1295.3,56,1,Regular Customers
16225.0,5,1096.32,44,1,Regular Customers
16226.0,3,255.12,202,2,At-Risk / Fading Customers
16227.0,1,314.22,224,2,At-Risk / Fading Customers
16229.0,2,1010.6,86,1,Regular Customers
16230.0,2,542.03,189,2,At-Risk / Fading Customers
16232.0,4,990.88,43,1,Regular Customers
16233.0,3,536.6800000000001,70,1,Regular Customers
16235.0,5,867.3100000000001,40,1,Regular Customers
16236.0,1,432.2,77,1,Regular Customers
16239.0,2,414.2,56,1,Regular Customers
16240.0,2,3718.8,23,1,Regular Customers
16241.0,13,2590.31,9,1,Regular Customers
16242.0,7,3579.86,7,1,Regular Customers
16243.0,2,409.1,33,1,Regular Customers
16244.0,2,1522.75,211,2,At-Risk / Fading Customers
16245.0,3,1413.66,23,1,Regular Customers
16247.0,1,114.56,169,2,At-Risk / Fading Customers
16248.0,1,152.94,61,1,Regular Customers
16249.0,5,1800.07,52,1,Regular Customers
16250.0,2,389.44,260,2,At-Risk / Fading Customers
16253.0,2,3683.86,66,1,Regular Customers
16255.0,8,2619.91,16,1,Regular Customers
16256.0,1,752.4300000000001,266,2,At-Risk / Fading Customers
16257.0,1,46.95,176,2,At-Risk / Fading Customers
16258.0,5,5203.51,44,1,Regular Customers
16260.0,1,1035.45,50,1,Regular Customers
16261.0,4,728.54,16,1,Regular Customers
16265.0,9,5447.0,8,1,Regular Customers
16266.0,7,861.89,73,1,Regular Customers
16268.0,2,667.65,70,1,Regular Customers
16270.0,1,1141.24,352,2,At-Risk / Fading Customers
16271.0,5,1404.64,2,1,Regular Customers
16272.0,1,411.7,116,1,Regular Customers
16274.0,1,351.75,372,2,At-Risk / Fading Customers
16275.0,1,559.87,196,2,At-Risk / Fading Customers
16276.0,1,810.6,176,2,At-Risk / Fading Customers
16278.0,1,566.38,99,1,Regular Customers
16279.0,3,1502.78,20,1,Regular Customers
16281.0,1,2062.06,71,1,Regular Customers
16282.0,1,168.3,339,2,At-Risk / Fading Customers
16283.0,5,1570.81,5,1,Regular Customers
16284.0,2,812.68,30,1,Regular Customers
16287.0,1,142.5,169,2,At-Risk / Fading Customers
16292.0,1,302.25,121,1,Regular Customers
16293.0,10,2248.99,21,1,Regular Customers
16295.0,4,1328.55,9,1,Regular Customers
16297.0,1,301.9,268,2,At-Risk / Fading Customers
16298.0,3,598.2,22,1,Regular Customers
16302.0,1,233.22,126,1,Regular Customers
16303.0,3,5360.63,25,1,Regular Customers
16305.0,1,361.22,138,1,Regular Customers
16306.0,6,632.27,213,2,At-Risk / Fading Customers
16308.0,4,2560.0,37,1,Regular Customers
16309.0,2,706.57,105,1,Regular Customers
16311.0,2,616.26,17,1,Regular Customers
16313.0,2,274.15000000000003,2,1,Regular Customers
16315.0,1,226.37,330,2,At-Risk / Fading Customers
16316.0,8,2938.91,63,1,Regular Customers
16317.0,3,1341.65,119,1,Regular Customers
16318.0,1,328.15000000000003,34,1,Regular Customers
16319.0,1,404.4,217,2,At-Risk / Fading Customers
16320.0,2,1038.46,171,2,At-Risk / Fading Customers
16321.0,5,373.65,71,1,Regular Customers
16322.0,2,326.75,0,1,Regular Customers
16323.0,1,207.50000000000003,195,2,At-Risk / Fading Customers
16324.0,3,408.59,127,2,At-Risk / Fading Customers
16325.0,3,594.24,46,1,Regular Customers
16326.0,14,3039.2200000000003,5,1,Regular Customers
16327.0,6,3820.27,13,1,Regular Customers
16330.0,3,251.91,17,1,Regular Customers
16332.0,7,1582.8,27,1,Regular Customers
16333.0,22,26626.8,7,3,Loyal / High-Value Customers
16337.0,1,151.05,36,1,Regular Customers
16338.0,1,214.8,156,2,At-Risk / Fading Customers
16339.0,1,94.05,283,2,At-Risk / Fading Customers
16340.0,1,534.31,106,1,Regular Customers
16341.0,4,1971.87,24,1,Regular Customers
16342.0,4,322.41,74,1,Regular Customers
16343.0,2,328.58,15,1,Regular Customers
16344.0,1,101.1,157,2,At-Risk / Fading Customers
16345.0,1,565.46,43,1,Regular Customers
16347.0,2,847.45,10,1,Regular Customers
16348.0,7,1415.65,31,1,Regular Customers
16349.0,1,53.5,290,2,At-Risk / Fading Customers
16350.0,4,1116.47,20,1,Regular Customers
16351.0,1,153.9,332,2,At-Risk / Fading Customers
16352.0,2,494.44,17,1,Regular Customers
16353.0,23,6675.71,3,3,Loyal / High-Value Customers
16354.0,2,395.8,62,1,Regular Customers
16356.0,3,211.77,197,2,At-Risk / Fading Customers
16357.0,3,658.88,32,1,Regular Customers
16358.0,4,2027.5,0,1,Regular Customers
16359.0,9,1750.92,6,1,Regular Customers
16360.0,6,3450.41,4,1,Regular Customers
16361.0,4,891.21,9,1,Regular Customers
16362.0,5,709.99,31,1,Regular Customers
16363.0,1,109.36,52,1,Regular Customers
16364.0,2,705.79,11,1,Regular Customers
16365.0,9,1540.42,17,1,Regular Customers
16366.0,1,327.3,18,1,Regular Customers
16367.0,2,800.67,36,1,Regular Customers
16368.0,2,479.91,1,1,Regular Customers
16369.0,3,1545.41,17,1,Regular Customers
16370.0,4,1301.91,81,1,Regular Customers
16372.0,2,355.73,32,1,Regular Customers
16374.0,2,466.73,65,1,Regular Customers
16376.0,2,974.96,8,1,Regular Customers
16377.0,1,676.2,266,2,At-Risk / Fading Customers
16378.0,3,362.95,246,2,At-Risk / Fading Customers
16379.0,4,2157.4,3,1,Regular Customers
16380.0,1,1743.15,60,1,Regular Customers
16383.0,2,643.76,74,1,Regular Customers
16384.0,2,584.5,89,1,Regular Customers
16385.0,3,554.86,59,1,Regular Customers
16386.0,2,302.57,28,1,Regular Customers
16387.0,1,94.36,322,2,At-Risk / Fading Customers
16389.0,4,1382.0700000000002,52,1,Regular Customers
16392.0,1,217.89,269,2,At-Risk / Fading Customers
16393.0,13,3040.96,1,1,Regular Customers
16394.0,5,1555.34,56,1,Regular Customers
16395.0,5,1482.06,60,1,Regular Customers
16398.0,2,1705.8,153,2,At-Risk / Fading Customers
16399.0,2,408.02,18,1,Regular Customers
16400.0,1,303.93,94,1,Regular Customers
16401.0,12,4098.32,0,1,Regular Customers
16402.0,2,293.45,264,2,At-Risk / Fading Customers
16403.0,1,177.5,311,2,At-Risk / Fading Customers
16404.0,1,443.05,69,1,Regular Customers
16405.0,2,167.25,301,2,At-Risk / Fading Customers
16406.0,1,154.35,18,1,Regular Customers
16407.0,10,2079.68,12,1,Regular Customers
16409.0,5,2022.98,35,1,Regular Customers
16411.0,2,211.7,18,1,Regular Customers
16412.0,1,135.99,53,1,Regular Customers
16413.0,1,262.2,56,1,Regular Customers
16414.0,2,126.25,21,1,Regular Customers
16415.0,1,200.27,43,1,Regular Customers
16416.0,3,1051.4,26,1,Regular Customers
16418.0,3,631.12,44,1,Regular Customers
16419.0,6,958.71,112,1,Regular Customers
16422.0,51,34684.4,16,3,Loyal / High-Value Customers
16423.0,1,346.12,24,1,Regular Customers
16424.0,1,133.56,190,2,At-Risk / Fading Customers
16425.0,1,302.7,301,2,At-Risk / Fading Customers
16426.0,10,1863.76,1,1,Regular Customers
16427.0,2,241.06,262,2,At-Risk / Fading Customers
16429.0,1,284.55,105,1,Regular Customers
16430.0,1,300.85,56,1,Regular Customers
16431.0,3,623.28,212,2,At-Risk / Fading Customers
16432.0,1,287.40000000000003,63,1,Regular Customers
16433.0,1,184.26,27,1,Regular Customers
16434.0,7,1511.8,28,1,Regular Customers
16438.0,5,798.35,5,1,Regular Customers
16440.0,5,3640.67,7,1,Regular Customers
16441.0,2,381.2,66,1,Regular Customers
16442.0,3,609.3,1,1,Regular Customers
16444.0,4,654.67,45,1,Regular Customers
16445.0,1,230.51,33,1,Regular Customers
16446.0,2,168472.5,0,0,VIP Customers
16447.0,1,255.91,135,1,Regular Customers
16448.0,1,182.99,197,2,At-Risk / Fading Customers
16449.0,2,707.69,197,2,At-Risk / Fading Customers
16450.0,1,311.92,149,2,At-Risk / Fading Customers
16451.0,1,266.97,87,1,Regular Customers
16454.0,2,6.9,44,1,Regular Customers
16455.0,7,1841.18,63,1,Regular Customers
16456.0,5,2158.18,98,1,Regular Customers
16457.0,1,208.36,217,2,At-Risk / Fading Customers
16458.0,18,3482.74,2,3,Loyal / High-Value Customers
16460.0,3,811.23,27,1,Regular Customers
16461.0,1,142.92,177,2,At-Risk / Fading Customers
16462.0,3,136.0,73,1,Regular Customers
16463.0,4,1422.4,20,1,Regular Customers
16464.0,3,1298.66,19,1,Regular Customers
16466.0,7,1595.96,33,1,Regular Customers
16468.0,1,74.9,73,1,Regular Customers
16469.0,4,625.42,23,1,Regular Customers
16470.0,4,752.77,51,1,Regular Customers
16471.0,1,223.95,274,2,At-Risk / Fading Customers
16473.0,3,316.11,164,2,At-Risk / Fading Customers
16474.0,7,1810.65,6,1,Regular Customers
16475.0,4,544.3,87,1,Regular Customers
16477.0,7,2494.46,63,1,Regular Customers
16478.0,3,331.0,24,1,Regular Customers
16479.0,2,300.83,9,1,Regular Customers
16480.0,1,769.29,75,1,Regular Customers
16482.0,1,220.62,15,1,Regular Customers
16483.0,1,139.35,191,2,At-Risk / Fading Customers
16484.0,2,404.3,173,2,At-Risk / Fading Customers
16485.0,1,363.65,76,1,Regular Customers
16488.0,3,498.8,32,1,Regular Customers
16491.0,1,731.5,46,1,Regular Customers
16493.0,4,1351.63,79,1,Regular Customers
16494.0,1,826.53,296,2,At-Risk / Fading Customers
16495.0,3,648.26,2,1,Regular Customers
16496.0,3,1599.52,8,1,Regular Customers
16497.0,6,2965.69,49,1,Regular Customers
16498.0,2,100.97,160,2,At-Risk / Fading Customers
16499.0,2,365.45,359,2,At-Risk / Fading Customers
16500.0,6,400.86,4,1,Regular Customers
16503.0,4,1431.93,106,1,Regular Customers
16504.0,1,465.88,24,1,Regular Customers
16505.0,1,777.6,31,1,Regular Customers
16506.0,2,90.3,19,1,Regular Customers
16509.0,1,363.7000000000001,296,2,At-Risk / Fading Customers
16510.0,1,248.1,371,2,At-Risk / Fading Customers
16511.0,3,918.33,21,1,Regular Customers
16513.0,4,874.59,4,1,Regular Customers
16515.0,5,1624.14,51,1,Regular Customers
16516.0,1,101.7,29,1,Regular Customers
16517.0,1,162.70000000000002,276,2,At-Risk / Fading Customers
16518.0,2,484.32,60,1,Regular Customers
16519.0,2,215.08,24,1,Regular Customers
16520.0,3,1046.57,185,2,At-Risk / Fading Customers
16523.0,21,9418.47,1,3,Loyal / High-Value Customers
16525.0,26,13027.45,1,3,Loyal / High-Value Customers
16526.0,1,290.36,171,2,At-Risk / Fading Customers
16527.0,1,228.06,80,1,Regular Customers
16528.0,1,244.41,3,1,Regular Customers
16529.0,1,455.25,189,2,At-Risk / Fading Customers
16531.0,7,1244.59,21,1,Regular Customers
16532.0,3,6748.8,17,1,Regular Customers
16533.0,3,1082.81,18,1,Regular Customers
16535.0,1,593.75,4,1,Regular Customers
16536.0,1,548.12,109,1,Regular Customers
16539.0,4,1388.81,2,1,Regular Customers
16542.0,1,119.62,53,1,Regular Customers
16545.0,1,339.3,164,2,At-Risk / Fading Customers
16546.0,2,787.15,290,2,At-Risk / Fading Customers
16549.0,10,4034.9,9,1,Regular Customers
16550.0,5,2298.97,108,1,Regular Customers
16551.0,3,922.12,95,1,Regular Customers
16552.0,2,379.73,242,2,At-Risk / Fading Customers
16553.0,12,5719.82,162,1,Regular Customers
16554.0,3,837.1,41,1,Regular Customers
16555.0,2,285.89,34,1,Regular Customers
16556.0,7,3313.79,66,1,Regular Customers
16557.0,2,281.85,23,1,Regular Customers
16558.0,20,8338.49,0,3,Loyal / High-Value Customers
16560.0,2,841.41,26,1,Regular Customers
16561.0,2,511.12,5,1,Regular Customers
16563.0,1,1077.74,53,1,Regular Customers
16565.0,1,173.7,363,2,At-Risk / Fading Customers
16566.0,5,614.66,14,1,Regular Customers
16567.0,2,865.6,193,2,At-Risk / Fading Customers
16569.0,1,124.2,2,1,Regular Customers
16570.0,10,3738.4,14,1,Regular Customers
16571.0,3,1421.69,26,1,Regular Customers
16572.0,3,1009.6,126,2,At-Risk / Fading Customers
16573.0,2,663.61,84,1,Regular Customers
16574.0,1,451.44,70,1,Regular Customers
16581.0,1,105.84,182,2,At-Risk / Fading Customers
16582.0,1,313.62,112,1,Regular Customers
16583.0,1,233.45,373,2,At-Risk / Fading Customers
16584.0,2,936.08,79,1,Regular Customers
16586.0,1,463.95,248,2,At-Risk / Fading Customers
16587.0,1,225.15,231,2,At-Risk / Fading Customers
16589.0,3,459.24,70,1,Regular Customers
16591.0,1,213.5,68,1,Regular Customers
16592.0,16,4113.68,3,3,Loyal / High-Value Customers
16593.0,3,330.03,50,1,Regular Customers
16594.0,1,181.09,74,1,Regular Customers
16595.0,1,360.16,60,1,Regular Customers
16596.0,2,250.15,15,1,Regular Customers
16597.0,1,90.04,3,1,Regular Customers
16598.0,1,145.05,285,2,At-Risk / Fading Customers
16600.0,6,813.52,3,1,Regular Customers
16601.0,1,242.7,40,1,Regular Customers
16602.0,1,528.08,35,1,Regular Customers
16603.0,2,482.47,74,1,Regular Customers
16607.0,14,3347.71,17,1,Regular Customers
16609.0,7,5493.46,14,1,Regular Customers
16610.0,1,75.66,218,2,At-Risk / Fading Customers
16611.0,1,129.49,185,2,At-Risk / Fading Customers
16612.0,4,1187.66,32,1,Regular Customers
16613.0,1,618.59,69,1,Regular Customers
16614.0,1,506.19,182,2,At-Risk / Fading Customers
16616.0,2,500.42,14,1,Regular Customers
16617.0,1,151.85,235,2,At-Risk / Fading Customers
16618.0,5,2647.59,30,1,Regular Customers
16619.0,1,226.21,263,2,At-Risk / Fading Customers
16620.0,2,178.96,3,1,Regular Customers
16621.0,4,813.48,51,1,Regular Customers
16623.0,1,129.45000000000002,245,2,At-Risk / Fading Customers
16624.0,2,810.57,80,1,Regular Customers
16625.0,1,333.08,274,2,At-Risk / Fading Customers
16626.0,17,4413.1,0,3,Loyal / High-Value Customers
16627.0,1,322.8,78,1,Regular Customers
16628.0,5,2188.05,29,1,Regular Customers
16629.0,2,408.63,73,1,Regular Customers
16633.0,6,2883.1,16,1,Regular Customers
16634.0,2,217.9,222,2,At-Risk / Fading Customers
16637.0,4,1154.47,31,1,Regular Customers
16638.0,10,1680.72,22,1,Regular Customers
16639.0,3,1257.51,30,1,Regular Customers
16641.0,1,231.1,105,1,Regular Customers
16642.0,2,688.33,4,1,Regular Customers
16643.0,1,487.51,245,2,At-Risk / Fading Customers
16644.0,2,833.78,177,2,At-Risk / Fading Customers
16647.0,2,214.06,169,2,At-Risk / Fading Customers
16648.0,1,290.66,42,1,Regular Customers
16650.0,1,518.42,71,1,Regular Customers
16652.0,7,6773.97,58,1,Regular Customers
16653.0,2,1212.66,15,1,Regular Customers
16654.0,4,601.27,140,2,At-Risk / Fading Customers
16655.0,6,3789.52,17,1,Regular Customers
16656.0,15,8625.8,21,1,Regular Customers
16657.0,4,874.43,9,1,Regular Customers
16658.0,1,123.24,367,2,At-Risk / Fading Customers
16659.0,1,39.12,188,2,At-Risk / Fading Customers
16660.0,4,1267.65,15,1,Regular Customers
16665.0,1,135.4,361,2,At-Risk / Fading Customers
16666.0,1,118.98,18,1,Regular Customers
16667.0,2,567.1800000000001,67,1,Regular Customers
16668.0,6,306.72,14,1,Regular Customers
16669.0,3,1348.88,23,1,Regular Customers
16670.0,11,4095.9,16,1,Regular Customers
16671.0,3,1692.27,27,1,Regular Customers
16672.0,20,8134.94,1,3,Loyal / High-Value Customers
16674.0,2,304.24,54,1,Regular Customers
16676.0,4,1592.12,33,1,Regular Customers
16678.0,12,3109.99,2,1,Regular Customers
16679.0,1,129.75,365,2,At-Risk / Fading Customers
16680.0,1,183.7,42,1,Regular Customers
16681.0,6,1770.34,72,1,Regular Customers
16682.0,5,1028.0,4,1,Regular Customers
16684.0,28,66653.56,3,3,Loyal / High-Value Customers
16685.0,2,324.24,60,1,Regular Customers
16686.0,7,2959.88,46,1,Regular Customers
16688.0,4,1260.86,0,1,Regular Customers
16689.0,2,422.6,75,1,Regular Customers
16690.0,2,225.58,71,1,Regular Customers
16692.0,2,1276.0,255,2,At-Risk / Fading Customers
16693.0,2,477.86,68,1,Regular Customers
16696.0,4,657.9,134,2,At-Risk / Fading Customers
16697.0,1,112.75,240,2,At-Risk / Fading Customers
16698.0,2,1998.0,226,2,At-Risk / Fading Customers
16700.0,13,5076.55,8,1,Regular Customers
16701.0,13,5398.3,8,1,Regular Customers
16705.0,20,14034.99,0,3,Loyal / High-Value Customers
16706.0,3,531.35,36,1,Regular Customers
16708.0,1,656.63,45,1,Regular Customers
16709.0,5,3029.87,84,1,Regular Customers
16710.0,10,2467.99,18,1,Regular Customers
16711.0,5,1651.03,2,1,Regular Customers
16712.0,11,3611.31,8,1,Regular Customers
16713.0,15,6910.78,18,1,Regular Customers
16714.0,3,1129.06,218,2,At-Risk / Fading Customers
16715.0,1,301.72,77,1,Regular Customers
16716.0,2,901.2,266,2,At-Risk / Fading Customers
16717.0,6,3843.08,23,1,Regular Customers
16718.0,1,606.0500000000001,368,2,At-Risk / Fading Customers
16719.0,7,1770.22,14,1,Regular Customers
16720.0,1,152.95,25,1,Regular Customers
16721.0,1,292.47,261,2,At-Risk / Fading Customers
16722.0,13,4730.81,16,1,Regular Customers
16723.0,2,576.4,90,1,Regular Customers
16725.0,7,758.27,301,2,At-Risk / Fading Customers
16726.0,5,1358.74,25,1,Regular Customers
16727.0,1,256.32,363,2,At-Risk / Fading Customers
16728.0,4,1048.28,45,1,Regular Customers
16729.0,21,7205.33,37,3,Loyal / High-Value Customers
16730.0,3,743.11,51,1,Regular Customers
16732.0,1,603.75,31,1,Regular Customers
16734.0,3,646.76,51,1,Regular Customers
16735.0,5,2247.41,78,1,Regular Customers
16737.0,1,417.6,52,1,Regular Customers
16738.0,1,3.75,297,2,At-Risk / Fading Customers
16739.0,1,323.0,176,2,At-Risk / Fading Customers
16742.0,1,464.9,46,1,Regular Customers
16743.0,7,2213.13,28,1,Regular Customers
16744.0,7,1291.91,10,1,Regular Customers
16745.0,17,7180.7,86,1,Regular Customers
16746.0,18,6680.11,4,3,Loyal / High-Value Customers
16747.0,2,836.0600000000001,37,1,Regular Customers
16748.0,5,1515.9,17,1,Regular Customers
16750.0,5,623.93,44,1,Regular Customers
16751.0,1,1764.72,30,1,Regular Customers
16752.0,1,207.5,372,2,At-Risk / Fading Customers
16753.0,1,223.92,57,1,Regular Customers
16754.0,1,2002.4,371,2,At-Risk / Fading Customers
16755.0,3,1475.43,113,1,Regular Customers
16756.0,1,239.4,214,2,At-Risk / Fading Customers
16757.0,1,106.83,318,2,At-Risk / Fading Customers
16758.0,1,369.34,64,1,Regular Customers
16759.0,3,789.79,7,1,Regular Customers
16761.0,1,316.62,96,1,Regular Customers
16762.0,3,1207.24,19,1,Regular Customers
16763.0,1,611.8499999999999,198,2,At-Risk / Fading Customers
16764.0,13,2790.9500000000003,3,1,Regular Customers
16765.0,1,34.0,293,2,At-Risk / Fading Customers
16766.0,2,1145.6,272,2,At-Risk / Fading Customers
16767.0,11,5575.56,30,1,Regular Customers
16768.0,3,478.09,47,1,Regular Customers
16769.0,1,361.54,259,2,At-Risk / Fading Customers
16770.0,5,757.1,57,1,Regular Customers
16771.0,5,2242.61,32,1,Regular Customers
16773.0,1,171.59,56,1,Regular Customers
16774.0,4,661.52,67,1,Regular Customers
16775.0,11,1691.51,9,1,Regular Customers
16776.0,1,371.54,59,1,Regular Customers
16777.0,2,222.62,79,1,Regular Customers
16778.0,2,245.94,73,1,Regular Customers
16779.0,22,10611.72,1,3,Loyal / High-Value Customers
16780.0,2,422.24,99,1,Regular Customers
16781.0,1,311.25,371,2,At-Risk / Fading Customers
16782.0,13,2267.9500000000003,9,1,Regular Customers
16784.0,1,107.6,19,1,Regular Customers
16788.0,2,594.39,122,1,Regular Customers
16789.0,1,80.80000000000001,7,1,Regular Customers
16790.0,6,1545.62,3,1,Regular Customers
16791.0,7,1705.78,28,1,Regular Customers
16792.0,2,110.38,281,2,At-Risk / Fading Customers
16793.0,1,243.84,56,1,Regular Customers
16794.0,10,1196.5,0,1,Regular Customers
16795.0,1,414.88,364,2,At-Risk / Fading Customers
16796.0,1,305.62,88,1,Regular Customers
16800.0,1,1162.65,10,1,Regular Customers
16801.0,4,1594.23,162,2,At-Risk / Fading Customers
16803.0,1,332.3,64,1,Regular Customers
16804.0,3,536.99,22,1,Regular Customers
16805.0,2,460.59,173,2,At-Risk / Fading Customers
16806.0,4,762.16,102,1,Regular Customers
16807.0,3,1121.59,142,2,At-Risk / Fading Customers
16808.0,2,288.42,98,1,Regular Customers
16809.0,5,914.69,22,1,Regular Customers
16810.0,1,309.54,191,2,At-Risk / Fading Customers
16811.0,2,547.07,4,1,Regular Customers
16812.0,1,479.35,360,2,At-Risk / Fading Customers
16813.0,10,1652.18,7,1,Regular Customers
16814.0,21,6416.7,13,3,Loyal / High-Value Customers
16816.0,4,417.06,102,1,Regular Customers
16817.0,9,1604.75,2,1,Regular Customers
16818.0,11,3349.57,10,1,Regular Customers
16820.0,1,497.61,95,1,Regular Customers
16823.0,1,358.38,226,2,At-Risk / Fading Customers
16824.0,2,460.64,15,1,Regular Customers
16825.0,2,775.18,38,1,Regular Customers
16826.0,1,341.7,50,1,Regular Customers
16828.0,2,128.5,92,1,Regular Customers
16829.0,1,197.22,156,2,At-Risk / Fading Customers
16830.0,1,325.91,38,1,Regular Customers
16832.0,3,199.15,183,2,At-Risk / Fading Customers
16833.0,4,1106.53,0,1,Regular Customers
16834.0,1,413.46,227,2,At-Risk / Fading Customers
16835.0,2,180.85,127,1,Regular Customers
16836.0,2,251.87,39,1,Regular Customers
16837.0,11,3170.98,30,1,Regular Customers
16838.0,2,588.85,196,2,At-Risk / Fading Customers
16839.0,34,16594.35,8,3,Loyal / High-Value Customers
16841.0,6,1869.82,36,1,Regular Customers
16842.0,3,1264.19,100,1,Regular Customers
16843.0,16,10196.57,42,1,Regular Customers
16846.0,1,214.32,49,1,Regular Customers
16847.0,1,193.44,42,1,Regular Customers
16848.0,1,281.42,52,1,Regular Customers
16849.0,1,124.57,186,2,At-Risk / Fading Customers
16850.0,1,332.41,333,2,At-Risk / Fading Customers
16851.0,3,342.45,3,1,Regular Customers
16852.0,2,144.91,9,1,Regular Customers
16855.0,2,328.40000000000003,23,1,Regular Customers
16856.0,1,35.400000000000006,14,1,Regular Customers
16858.0,1,375.69000000000005,368,2,At-Risk / Fading Customers
16859.0,2,747.81,144,2,At-Risk / Fading Customers
16861.0,2,173.76,59,1,Regular Customers
16863.0,2,502.8,30,1,Regular Customers
16866.0,3,207.74,140,2,At-Risk / Fading Customers
16869.0,4,817.12,22,1,Regular Customers
16871.0,6,2812.34,21,1,Regular Customers
16872.0,3,680.02,76,1,Regular Customers
16873.0,6,7123.62,4,1,Regular Customers
16875.0,5,2095.53,66,1,Regular Customers
16877.0,6,846.62,11,1,Regular Customers
16878.0,1,13.3,83,1,Regular Customers
16880.0,7,1491.43,30,1,Regular Customers
16881.0,1,432.0,66,1,Regular Customers
16882.0,3,705.12,66,1,Regular Customers
16883.0,2,272.48,186,2,At-Risk / Fading Customers
16884.0,2,429.84,37,1,Regular Customers
16885.0,3,450.41,14,1,Regular Customers
16887.0,1,192.33,34,1,Regular Customers
16889.0,3,1578.67,194,2,At-Risk / Fading Customers
16891.0,5,742.43,1,1,Regular Customers
16892.0,5,518.19,0,1,Regular Customers
16893.0,1,145.93,366,2,At-Risk / Fading Customers
16895.0,1,202.27,64,1,Regular Customers
16897.0,2,289.78,298,2,At-Risk / Fading Customers
16898.0,3,501.03,25,1,Regular Customers
16899.0,6,1271.06,7,1,Regular Customers
16900.0,3,887.11,16,1,Regular Customers
16902.0,1,1706.88,115,1,Regular Customers
16903.0,1,363.2,28,1,Regular Customers
16904.0,16,3653.75,3,3,Loyal / High-Value Customers
16905.0,7,3037.6,4,1,Regular Customers
16906.0,4,559.59,81,1,Regular Customers
16907.0,5,928.76,28,1,Regular Customers
16909.0,1,379.14,71,1,Regular Customers
16910.0,8,1508.96,3,1,Regular Customers
16912.0,11,2555.58,28,1,Regular Customers
16913.0,1,113.44,289,2,At-Risk / Fading Customers
16914.0,1,183.76,35,1,Regular Customers
16915.0,6,621.6800000000001,8,1,Regular Customers
16916.0,2,562.41,23,1,Regular Customers
16917.0,1,391.52,276,2,At-Risk / Fading Customers
16918.0,6,1068.82,49,1,Regular Customers
16919.0,11,2592.25,155,1,Regular Customers
16921.0,1,154.18,60,1,Regular Customers
16923.0,19,7069.08,11,3,Loyal / High-Value Customers
16924.0,3,829.89,20,1,Regular Customers
16926.0,1,230.25,370,2,At-Risk / Fading Customers
16927.0,3,543.05,115,1,Regular Customers
16928.0,17,2814.7,79,1,Regular Customers
16929.0,7,1295.39,3,1,Regular Customers
16930.0,3,378.89,25,1,Regular Customers
16931.0,21,4554.87,4,3,Loyal / High-Value Customers
16932.0,1,150.23000000000002,52,1,Regular Customers
16933.0,2,563.23,0,1,Regular Customers
16934.0,2,931.03,54,1,Regular Customers
16936.0,1,261.9,25,1,Regular Customers
16938.0,4,2711.6800000000003,8,1,Regular Customers
16940.0,3,3049.88,51,1,Regular Customers
16942.0,9,1904.99,12,1,Regular Customers
16943.0,3,816.73,211,2,At-Risk / Fading Customers
16945.0,19,4345.5,21,3,Loyal / High-Value Customers
16947.0,1,406.48,235,2,At-Risk / Fading Customers
16948.0,3,435.02,138,2,At-Risk / Fading Customers
16949.0,6,1286.27,3,1,Regular Customers
16950.0,3,1178.56,56,1,Regular Customers
16951.0,3,1277.75,134,2,At-Risk / Fading Customers
16952.0,2,167.61,108,1,Regular Customers
16953.0,1,20.8,29,1,Regular Customers
16954.0,9,2085.08,0,1,Regular Customers
16955.0,4,518.67,184,2,At-Risk / Fading Customers
16956.0,1,308.74,17,1,Regular Customers
16957.0,2,416.64,238,2,At-Risk / Fading Customers
16959.0,1,117.35,86,1,Regular Customers
16960.0,3,507.05,38,1,Regular Customers
16961.0,1,234.17,115,1,Regular Customers
16963.0,1,110.55,186,2,At-Risk / Fading Customers
16965.0,1,201.19,226,2,At-Risk / Fading Customers
16966.0,7,2154.97,7,1,Regular Customers
16967.0,1,319.02,188,2,At-Risk / Fading Customers
16968.0,2,439.43,3,1,Regular Customers
16969.0,3,650.41,38,1,Regular Customers
16971.0,1,357.21,37,1,Regular Customers
16976.0,1,251.52,266,2,At-Risk / Fading Customers
16978.0,1,344.33,77,1,Regular Customers
16979.0,6,1852.0,3,1,Regular Customers
16980.0,2,1028.46,254,2,At-Risk / Fading Customers
16982.0,1,384.06,60,1,Regular Customers
16983.0,7,1905.87,12,1,Regular Customers
16984.0,2,4459.52,87,1,Regular Customers
16985.0,10,5464.12,16,1,Regular Customers
16986.0,2,1873.2,29,1,Regular Customers
16987.0,7,1616.8,2,1,Regular Customers
16988.0,1,126.12,4,1,Regular Customers
16989.0,6,1133.25,6,1,Regular Customers
16990.0,1,179.0,218,2,At-Risk / Fading Customers
16992.0,5,1614.31,10,1,Regular Customers
16996.0,6,1456.96,29,1,Regular Customers
16997.0,3,702.0,287,2,At-Risk / Fading Customers
16998.0,4,295.0,149,2,At-Risk / Fading Customers
16999.0,2,484.82,22,1,Regular Customers
17001.0,11,3989.57,0,1,Regular Customers
17002.0,3,1493.73,85,1,Regular Customers
17004.0,2,1312.14,45,1,Regular Customers
17006.0,4,781.78,4,1,Regular Customers
17007.0,6,889.9300000000001,50,1,Regular Customers
17010.0,1,195.36,17,1,Regular Customers
17011.0,1,270.9,29,1,Regular Customers
17014.0,3,583.4300000000001,7,1,Regular Customers
17015.0,3,1838.61,28,1,Regular Customers
17017.0,20,8694.26,2,3,Loyal / High-Value Customers
17018.0,2,920.1,40,1,Regular Customers
17019.0,4,1258.08,10,1,Regular Customers
17022.0,1,71.0,30,1,Regular Customers
17024.0,3,95.85,44,1,Regular Customers
17025.0,3,357.77,60,1,Regular Customers
17026.0,2,154.83,184,2,At-Risk / Fading Customers
17027.0,6,877.5600000000001,78,1,Regular Customers
17029.0,2,716.0,110,1,Regular Customers
17030.0,1,146.87,63,1,Regular Customers
17031.0,2,380.35,11,1,Regular Customers
17033.0,3,1030.14,85,1,Regular Customers
17034.0,3,745.52,15,1,Regular Customers
17035.0,2,433.53,245,2,At-Risk / Fading Customers
17037.0,1,1267.32,87,1,Regular Customers
17038.0,1,112.4,29,1,Regular Customers
17040.0,1,449.73,137,1,Regular Customers
17041.0,3,1071.49,26,1,Regular Customers
17042.0,5,1036.58,2,1,Regular Customers
17043.0,4,1735.18,31,1,Regular Customers
17044.0,1,948.48,24,1,Regular Customers
17045.0,3,339.44,112,1,Regular Customers
17046.0,1,642.02,156,2,At-Risk / Fading Customers
17047.0,3,1100.9,84,1,Regular Customers
17048.0,3,925.35,117,1,Regular Customers
17049.0,9,5655.03,2,1,Regular Customers
17050.0,6,3185.64,95,1,Regular Customers
17051.0,1,240.89,193,2,At-Risk / Fading Customers
17052.0,1,399.09,27,1,Regular Customers
17053.0,1,498.48,130,1,Regular Customers
17054.0,5,1356.33,27,1,Regular Customers
17058.0,3,1179.89,81,1,Regular Customers
17059.0,5,3080.39,29,1,Regular Customers
17060.0,1,234.24,265,2,At-Risk / Fading Customers
17061.0,11,5232.2300000000005,73,1,Regular Customers
17062.0,4,533.33,313,2,At-Risk / Fading Customers
17063.0,7,1461.14,20,1,Regular Customers
17064.0,3,855.45,58,1,Regular Customers
17068.0,21,4552.14,11,3,Loyal / High-Value Customers
17069.0,9,2709.7000000000003,27,1,Regular Customers
17070.0,1,304.24,113,1,Regular Customers
17071.0,9,2429.03,27,1,Regular Customers
17073.0,4,1446.09,17,1,Regular Customers
17075.0,4,834.12,17,1,Regular Customers
17076.0,3,841.0799999999999,35,1,Regular Customers
17078.0,2,378.2,35,1,Regular Customers
17079.0,1,118.8,77,1,Regular Customers
17080.0,2,287.62,21,1,Regular Customers
17081.0,2,288.91,24,1,Regular Customers
17082.0,2,2003.85,32,1,Regular Customers
17083.0,3,1405.78,108,1,Regular Customers
17084.0,2,2747.99,34,1,Regular Customers
17085.0,5,1562.4,122,2,At-Risk / Fading Customers
17086.0,6,2050.08,6,1,Regular Customers
17088.0,4,1991.01,27,1,Regular Customers
17090.0,7,1974.65,3,1,Regular Customers
17091.0,9,3827.76,2,1,Regular Customers
17092.0,4,1774.03,49,1,Regular Customers
17094.0,1,302.0,321,2,At-Risk / Fading Customers
17095.0,3,1324.16,22,1,Regular Customers
17096.0,4,1022.13,14,1,Regular Customers
17097.0,8,954.42,1,1,Regular Customers
17100.0,2,971.74,17,1,Regular Customers
17101.0,4,1621.73,9,1,Regular Customers
17102.0,1,25.5,261,2,At-Risk / Fading Customers
17105.0,2,665.78,158,2,At-Risk / Fading Customers
17107.0,6,10797.48,32,1,Regular Customers
17109.0,6,881.29,28,1,Regular Customers
17110.0,1,163.29999999999998,164,2,At-Risk / Fading Customers
17111.0,1,231.61,46,1,Regular Customers
17114.0,8,801.12,5,1,Regular Customers
17115.0,3,837.5,7,1,Regular Customers
17117.0,1,116.2,287,2,At-Risk / Fading Customers
17118.0,1,157.02,317,2,At-Risk / Fading Customers
17119.0,2,606.91,2,1,Regular Customers
17120.0,1,307.46,232,2,At-Risk / Fading Customers
17122.0,1,138.32,118,1,Regular Customers
17123.0,1,345.3,161,2,At-Risk / Fading Customers
17124.0,1,294.24,184,2,At-Risk / Fading Customers
17125.0,1,230.5,49,1,Regular Customers
17126.0,5,989.45,151,2,At-Risk / Fading Customers
17128.0,1,157.09,334,2,At-Risk / Fading Customers
17131.0,5,2463.17,4,1,Regular Customers
17133.0,7,4892.240000000001,15,1,Regular Customers
17134.0,2,413.2,106,1,Regular Customers
17135.0,7,1139.73,15,1,Regular Customers
17138.0,1,380.5,275,2,At-Risk / Fading Customers
17139.0,12,10650.77,15,1,Regular Customers
17140.0,1,454.12,246,2,At-Risk / Fading Customers
17142.0,1,579.0,238,2,At-Risk / Fading Customers
17144.0,2,984.57,0,1,Regular Customers
17146.0,3,749.78,105,1,Regular Customers
17147.0,4,1714.59,22,1,Regular Customers
17148.0,1,124.88,51,1,Regular Customers
17152.0,3,1689.5,194,2,At-Risk / Fading Customers
17153.0,1,213.78,23,1,Regular Customers
17154.0,1,329.34,74,1,Regular Customers
17155.0,2,251.7,17,1,Regular Customers
17157.0,2,319.0,7,1,Regular Customers
17158.0,3,1266.97,31,1,Regular Customers
17159.0,3,1538.88,21,1,Regular Customers
17160.0,6,3518.03,30,1,Regular Customers
17162.0,10,1715.46,28,1,Regular Customers
17163.0,2,293.1,21,1,Regular Customers
17164.0,7,2467.35,32,1,Regular Customers
17165.0,1,158.68,283,2,At-Risk / Fading Customers
17166.0,2,206.34,38,1,Regular Customers
17169.0,2,835.78,57,1,Regular Customers
17171.0,1,224.91,288,2,At-Risk / Fading Customers
17172.0,1,317.76,78,1,Regular Customers
17173.0,8,3766.6,4,1,Regular Customers
17174.0,1,59.9,217,2,At-Risk / Fading Customers
17175.0,4,1443.69,43,1,Regular Customers
17176.0,1,306.13,201,2,At-Risk / Fading Customers
17179.0,3,711.79,177,2,At-Risk / Fading Customers
17180.0,4,783.97,55,1,Regular Customers
17181.0,2,239.92,56,1,Regular Customers
17183.0,6,3347.31,7,1,Regular Customers
17186.0,2,144.0,46,1,Regular Customers
17187.0,1,203.95,226,2,At-Risk / Fading Customers
17188.0,7,2474.23,10,1,Regular Customers
17189.0,2,383.75,105,1,Regular Customers
17190.0,2,444.74,58,1,Regular Customers
17191.0,7,2093.68,27,1,Regular Customers
17193.0,7,1699.3,35,1,Regular Customers
17194.0,2,262.62,273,2,At-Risk / Fading Customers
17197.0,1,1013.01,29,1,Regular Customers
17198.0,3,692.22,23,1,Regular Customers
17201.0,1,289.78000000000003,53,1,Regular Customers
17203.0,6,3560.08,35,1,Regular Customers
17204.0,4,1564.56,174,2,At-Risk / Fading Customers
17205.0,1,384.08,53,1,Regular Customers
17206.0,1,204.24,52,1,Regular Customers
17211.0,8,2317.2200000000003,26,1,Regular Customers
17212.0,1,226.85,252,2,At-Risk / Fading Customers
17213.0,7,2781.23,39,1,Regular Customers
17214.0,6,1059.12,59,1,Regular Customers
17217.0,1,113.5,233,2,At-Risk / Fading Customers
17218.0,10,1951.97,3,1,Regular Customers
17219.0,1,114.23,31,1,Regular Customers
17220.0,14,3187.55,23,1,Regular Customers
17221.0,2,334.48,6,1,Regular Customers
17222.0,1,328.65,64,1,Regular Customers
17223.0,2,416.89,309,2,At-Risk / Fading Customers
17226.0,1,393.49,308,2,At-Risk / Fading Customers
17227.0,6,939.32,18,1,Regular Customers
17228.0,8,1906.09,15,1,Regular Customers
17229.0,2,318.76,95,1,Regular Customers
17230.0,8,3638.41,263,2,At-Risk / Fading Customers
17231.0,10,3124.72,11,1,Regular Customers
17232.0,2,417.77,2,1,Regular Customers
17233.0,1,190.88,34,1,Regular Customers
17234.0,1,149.89,182,2,At-Risk / Fading Customers
17235.0,2,550.0600000000001,24,1,Regular Customers
17236.0,6,916.13,12,1,Regular Customers
17237.0,2,314.69,10,1,Regular Customers
17238.0,17,3719.1,2,3,Loyal / High-Value Customers
17239.0,1,382.5,312,2,At-Risk / Fading Customers
17242.0,2,1135.04,107,1,Regular Customers
17243.0,26,8540.05,0,3,Loyal / High-Value Customers
17244.0,1,954.9,52,1,Regular Customers
17245.0,1,171.45000000000002,204,2,At-Risk / Fading Customers
17247.0,1,280.09000000000003,14,1,Regular Customers
17248.0,1,318.65,119,1,Regular Customers
17250.0,2,381.97,3,1,Regular Customers
17251.0,1,269.83,362,2,At-Risk / Fading Customers
17252.0,2,348.91,116,1,Regular Customers
17253.0,1,178.26,17,1,Regular Customers
17254.0,2,271.19,4,1,Regular Customers
17255.0,2,291.48,40,1,Regular Customers
17256.0,2,240.0,106,1,Regular Customers
17259.0,2,581.23,147,2,At-Risk / Fading Customers
17262.0,5,1253.36,51,1,Regular Customers
17263.0,1,63.440000000000005,207,2,At-Risk / Fading Customers
17265.0,2,550.01,138,2,At-Risk / Fading Customers
17266.0,3,296.58,1,1,Regular Customers
17267.0,2,317.2,126,1,Regular Customers
17268.0,4,763.64,107,1,Regular Customers
17272.0,4,2148.63,41,1,Regular Customers
17274.0,1,107.82,34,1,Regular Customers
17277.0,2,1065.35,227,2,At-Risk / Fading Customers
17278.0,1,246.04,240,2,At-Risk / Fading Customers
17279.0,1,187.83,57,1,Regular Customers
17282.0,3,1685.46,129,2,At-Risk / Fading Customers
17284.0,6,1647.48,59,1,Regular Customers
17286.0,1,151.37,21,1,Regular Customers
17287.0,7,1049.06,25,1,Regular Customers
17288.0,7,1417.63,8,1,Regular Customers
17289.0,3,931.02,31,1,Regular Customers
17290.0,2,513.01,3,1,Regular Customers
17291.0,1,550.8000000000001,307,2,At-Risk / Fading Customers
17293.0,9,1854.06,7,1,Regular Customers
17295.0,3,547.0,28,1,Regular Customers
17297.0,1,128.18,16,1,Regular Customers
17298.0,2,498.42,100,1,Regular Customers
17299.0,4,656.61,11,1,Regular Customers
17301.0,1,163.24,20,1,Regular Customers
17302.0,5,1135.63,14,1,Regular Customers
17303.0,1,250.04,360,2,At-Risk / Fading Customers
17306.0,19,8631.31,10,3,Loyal / High-Value Customers
17309.0,1,82.75,94,1,Regular Customers
17311.0,2,1384.85,77,1,Regular Customers
17312.0,3,644.3,138,2,At-Risk / Fading Customers
17313.0,1,2328.84,30,1,Regular Customers
17314.0,8,2527.92,24,1,Regular Customers
17315.0,38,6281.2300000000005,1,3,Loyal / High-Value Customers
17317.0,3,2600.34,45,1,Regular Customers
17320.0,3,1200.62,99,1,Regular Customers
17321.0,2,657.16,7,1,Regular Customers
17323.0,7,906.52,14,1,Regular Customers
17324.0,4,986.48,17,1,Regular Customers
17325.0,1,96.8,279,2,At-Risk / Fading Customers
17329.0,2,523.11,13,1,Regular Customers
17330.0,2,363.9,22,1,Regular Customers
17331.0,1,175.2,123,1,Regular Customers
17333.0,1,494.25,85,1,Regular Customers
17334.0,2,307.02000000000004,301,2,At-Risk / Fading Customers
17337.0,4,1981.06,150,2,At-Risk / Fading Customers
17338.0,8,6493.54,16,1,Regular Customers
17339.0,2,243.36,93,1,Regular Customers
17340.0,11,12353.29,29,1,Regular Customers
17341.0,3,682.29,156,2,At-Risk / Fading Customers
17343.0,1,193.64,354,2,At-Risk / Fading Customers
17344.0,1,157.62,45,1,Regular Customers
17345.0,4,519.6899999999999,14,1,Regular Customers
17346.0,15,2622.88,3,1,Regular Customers
17347.0,1,228.96,85,1,Regular Customers
17348.0,5,1156.6,14,1,Regular Customers
17349.0,1,98.25,178,2,At-Risk / Fading Customers
17350.0,4,1281.32,7,1,Regular Customers
17351.0,3,587.15,35,1,Regular Customers
17353.0,2,1740.0,128,2,At-Risk / Fading Customers
17354.0,1,1393.06,50,1,Regular Customers
17356.0,1,178.22,311,2,At-Risk / Fading Customers
17357.0,2,384.39,23,1,Regular Customers
17358.0,2,360.81,302,2,At-Risk / Fading Customers
17359.0,1,127.86,10,1,Regular Customers
17360.0,3,568.24,16,1,Regular Customers
17361.0,3,488.2,48,1,Regular Customers
17362.0,2,312.23,238,2,At-Risk / Fading Customers
17364.0,11,4462.68,0,1,Regular Customers
17365.0,8,4767.36,12,1,Regular Customers
17367.0,1,167.55,237,2,At-Risk / Fading Customers
17368.0,8,1878.87,22,1,Regular Customers
17370.0,4,446.18,72,1,Regular Customers
17371.0,3,418.4,16,1,Regular Customers
17372.0,8,1337.18,40,1,Regular Customers
17373.0,4,646.92,39,1,Regular Customers
17374.0,2,495.77,218,2,At-Risk / Fading Customers
17375.0,3,400.1,198,2,At-Risk / Fading Customers
17376.0,2,203.2,70,1,Regular Customers
17377.0,20,4058.32,23,3,Loyal / High-Value Customers
17379.0,1,389.72,10,1,Regular Customers
17381.0,29,20275.61,8,3,Loyal / High-Value Customers
17382.0,1,65.4,64,1,Regular Customers
17383.0,1,193.39,3,1,Regular Customers
17384.0,2,336.4,18,1,Regular Customers
17385.0,1,256.11,14,1,Regular Customers
17386.0,6,2686.42,7,1,Regular Customers
17387.0,2,746.81,19,1,Regular Customers
17388.0,4,1259.56,77,1,Regular Customers
17389.0,34,31833.68,0,3,Loyal / High-Value Customers
17391.0,2,508.8,163,2,At-Risk / Fading Customers
17392.0,2,417.27,306,2,At-Risk / Fading Customers
17394.0,1,203.87,218,2,At-Risk / Fading Customers
17396.0,8,7330.8,38,1,Regular Customers
17397.0,2,681.41,21,1,Regular Customers
17398.0,3,653.38,114,1,Regular Customers
17400.0,5,2097.84,125,2,At-Risk / Fading Customers
17402.0,13,2633.85,4,1,Regular Customers
17403.0,1,263.92,35,1,Regular Customers
17404.0,15,31906.82,3,3,Loyal / High-Value Customers
17405.0,3,1031.41,0,1,Regular Customers
17406.0,3,2184.42,332,2,At-Risk / Fading Customers
17408.0,1,32.65,162,2,At-Risk / Fading Customers
17409.0,2,771.85,184,2,At-Risk / Fading Customers
17410.0,5,1214.72,15,1,Regular Customers
17411.0,3,778.94,11,1,Regular Customers
17412.0,7,1258.06,2,1,Regular Customers
17414.0,2,778.0,43,1,Regular Customers
17415.0,1,507.84,79,1,Regular Customers
17416.0,7,6893.42,29,1,Regular Customers
17418.0,2,463.46,41,1,Regular Customers
17419.0,12,4226.57,10,1,Regular Customers
17420.0,3,598.83,49,1,Regular Customers
17422.0,6,1979.37,15,1,Regular Customers
17423.0,2,698.41,45,1,Regular Customers
17425.0,2,759.1700000000001,18,1,Regular Customers
17426.0,6,5037.26,7,1,Regular Customers
17427.0,1,100.8,71,1,Regular Customers
17428.0,28,17256.85,0,3,Loyal / High-Value Customers
17429.0,3,524.9200000000001,127,2,At-Risk / Fading Customers
17430.0,2,265.76,32,1,Regular Customers
17431.0,1,403.3,312,2,At-Risk / Fading Customers
17432.0,2,365.76,17,1,Regular Customers
17433.0,1,303.16,87,1,Regular Customers
17434.0,7,2373.82,1,1,Regular Customers
17436.0,2,216.3,1,1,Regular Customers
17438.0,1,388.4500000000001,253,2,At-Risk / Fading Customers
17440.0,3,186.42,156,2,At-Risk / Fading Customers
17442.0,6,2248.56,36,1,Regular Customers
17443.0,1,534.24,219,2,At-Risk / Fading Customers
17444.0,3,2940.04,147,2,At-Risk / Fading Customers
17446.0,2,120.9,176,2,At-Risk / Fading Customers
17447.0,2,541.53,39,1,Regular Customers
17449.0,7,2519.21,1,1,Regular Customers
17450.0,46,194390.79,7,0,VIP Customers
17451.0,7,1721.4,0,1,Regular Customers
17453.0,2,486.72,17,1,Regular Customers
17454.0,4,517.53,191,2,At-Risk / Fading Customers
17455.0,1,131.7,203,2,At-Risk / Fading Customers
17456.0,1,249.86,364,2,At-Risk / Fading Customers
17457.0,5,1737.7,126,2,At-Risk / Fading Customers
17458.0,1,316.5,14,1,Regular Customers
17459.0,2,657.3,42,1,Regular Customers
17460.0,6,622.4300000000001,93,1,Regular Customers
17461.0,3,735.82,22,1,Regular Customers
17462.0,2,675.69,59,1,Regular Customers
17463.0,5,1875.86,15,1,Regular Customers
17464.0,1,289.96000000000004,157,2,At-Risk / Fading Customers
17466.0,2,763.28,9,1,Regular Customers
17468.0,2,137.0,9,1,Regular Customers
17469.0,5,1870.97,15,1,Regular Customers
17470.0,5,1125.07,44,1,Regular Customers
17472.0,3,697.54,190,2,At-Risk / Fading Customers
17475.0,1,194.37,78,1,Regular Customers
17480.0,1,511.82,77,1,Regular Customers
17481.0,4,1255.59,3,1,Regular Customers
17483.0,3,414.04,64,1,Regular Customers
17486.0,1,396.87,260,2,At-Risk / Fading Customers
17489.0,2,376.64,58,1,Regular Customers
17490.0,7,2092.32,0,1,Regular Customers
17491.0,10,3558.87,0,1,Regular Customers
17492.0,1,374.57,247,2,At-Risk / Fading Customers
17495.0,2,497.56,7,1,Regular Customers
17496.0,1,271.05,358,2,At-Risk / Fading Customers
17498.0,1,272.22,75,1,Regular Customers
17499.0,1,622.88,289,2,At-Risk / Fading Customers
17500.0,3,1138.0,16,1,Regular Customers
17501.0,2,288.6,220,2,At-Risk / Fading Customers
17502.0,4,689.1,8,1,Regular Customers
17503.0,2,558.96,2,1,Regular Customers
17504.0,9,2997.03,205,2,At-Risk / Fading Customers
17505.0,2,1145.84,161,2,At-Risk / Fading Customers
17506.0,1,302.2,75,1,Regular Customers
17507.0,2,605.58,261,2,At-Risk / Fading Customers
17508.0,1,387.31,280,2,At-Risk / Fading Customers
17509.0,8,6083.64,57,1,Regular Customers
17510.0,1,308.48,24,1,Regular Customers
17511.0,31,91062.38,2,0,VIP Customers
17512.0,10,2924.99,28,1,Regular Customers
17513.0,1,513.2,71,1,Regular Customers
17514.0,1,208.65,127,1,Regular Customers
17515.0,4,639.02,30,1,Regular Customers
17516.0,5,764.88,14,1,Regular Customers
17517.0,1,153.94,308,2,At-Risk / Fading Customers
17519.0,6,1844.02,16,1,Regular Customers
17520.0,1,546.81,53,1,Regular Customers
17521.0,3,723.21,29,1,Regular Customers
17522.0,5,1070.71,1,1,Regular Customers
17523.0,4,652.74,10,1,Regular Customers
17524.0,1,145.0,360,2,At-Risk / Fading Customers
17525.0,1,422.7,359,2,At-Risk / Fading Customers
17526.0,4,1195.9,4,1,Regular Customers
17527.0,4,939.37,53,1,Regular Customers
17528.0,8,3628.5,0,1,Regular Customers
17530.0,10,2367.12,0,1,Regular Customers
17531.0,1,296.7,189,2,At-Risk / Fading Customers
17534.0,1,223.36,53,1,Regular Customers
17535.0,1,164.4,279,2,At-Risk / Fading Customers
17536.0,1,76.5,176,2,At-Risk / Fading Customers
17537.0,2,887.6700000000001,29,1,Regular Customers
17538.0,1,98.42,25,1,Regular Customers
17540.0,2,578.9,24,1,Regular Customers
17542.0,1,170.75,269,2,At-Risk / Fading Customers
17545.0,3,642.32,42,1,Regular Customers
17548.0,1,103.3,233,2,At-Risk / Fading Customers
17549.0,2,148.86,23,1,Regular Customers
17550.0,3,267.16,196,2,At-Risk / Fading Customers
17551.0,1,290.34,358,2,At-Risk / Fading Customers
17552.0,4,930.41,59,1,Regular Customers
17553.0,1,1487.6,129,1,Regular Customers
17554.0,5,1952.45,0,1,Regular Customers
17555.0,2,480.31,19,1,Regular Customers
17556.0,1,157.9,205,2,At-Risk / Fading Customers
17557.0,3,541.46,13,1,Regular Customers
17560.0,4,854.95,94,1,Regular Customers
17561.0,1,165.12,18,1,Regular Customers
17562.0,7,1122.38,13,1,Regular Customers
17564.0,3,454.01,23,1,Regular Customers
17566.0,2,869.77,7,1,Regular Customers
17567.0,8,4331.48,6,1,Regular Customers
17569.0,1,344.14,331,2,At-Risk / Fading Customers
17571.0,4,1425.67,49,1,Regular Customers
17572.0,4,226.75000000000003,70,1,Regular Customers
17573.0,3,380.6,28,1,Regular Customers
17574.0,1,185.65,242,2,At-Risk / Fading Customers
17576.0,19,3564.83,7,3,Loyal / High-Value Customers
17578.0,1,143.45999999999998,217,2,At-Risk / Fading Customers
17579.0,3,448.9,4,1,Regular Customers
17580.0,3,215.72,252,2,At-Risk / Fading Customers
17581.0,25,11025.24,0,3,Loyal / High-Value Customers
17582.0,1,175.27,235,2,At-Risk / Fading Customers
17584.0,2,1242.3,6,1,Regular Customers
17585.0,4,1116.68,108,1,Regular Customers
17588.0,3,1240.2,99,1,Regular Customers
17589.0,4,2404.17,59,1,Regular Customers
17590.0,3,1468.02,1,1,Regular Customers
17591.0,7,2203.67,72,1,Regular Customers
17593.0,5,3923.86,3,1,Regular Customers
17594.0,2,993.18,84,1,Regular Customers
17595.0,2,386.69,11,1,Regular Customers
17596.0,7,2806.69,22,1,Regular Customers
17597.0,1,2044.37,213,2,At-Risk / Fading Customers
17600.0,1,161.67000000000002,17,1,Regular Customers
17601.0,1,116.01,238,2,At-Risk / Fading Customers
17602.0,6,5054.42,1,1,Regular Customers
17603.0,1,394.72,77,1,Regular Customers
17604.0,2,309.36,216,2,At-Risk / Fading Customers
17608.0,2,191.99,32,1,Regular Customers
17609.0,5,1105.78,40,1,Regular Customers
17611.0,15,3961.12,6,1,Regular Customers
17612.0,6,2048.45,52,1,Regular Customers
17613.0,14,4544.55,22,1,Regular Customers
17614.0,1,386.32,56,1,Regular Customers
17615.0,3,329.6,129,2,At-Risk / Fading Customers
17616.0,3,571.1999999999999,173,2,At-Risk / Fading Customers
17618.0,3,930.28,5,1,Regular Customers
17619.0,1,214.37,311,2,At-Risk / Fading Customers
17620.0,1,81.44,59,1,Regular Customers
17621.0,3,1379.9,20,1,Regular Customers
17623.0,1,527.05,32,1,Regular Customers
17624.0,2,843.48,14,1,Regular Customers
17625.0,4,2020.4,17,1,Regular Customers
17628.0,1,75.75,80,1,Regular Customers
17629.0,8,1814.12,5,1,Regular Customers
17630.0,2,503.6,169,2,At-Risk / Fading Customers
17631.0,3,528.33,1,1,Regular Customers
17633.0,4,1324.84,30,1,Regular Customers
17634.0,9,2358.59,35,1,Regular Customers
17636.0,1,285.56,18,1,Regular Customers
17637.0,2,547.0600000000001,30,1,Regular Customers
17639.0,1,108.5,275,2,At-Risk / Fading Customers
17640.0,1,621.66,86,1,Regular Customers
17642.0,2,712.29,119,1,Regular Customers
17643.0,1,101.55,372,2,At-Risk / Fading Customers
17644.0,11,2895.64,0,1,Regular Customers
17646.0,3,1008.39,218,2,At-Risk / Fading Customers
17647.0,1,133.06,64,1,Regular Customers
17648.0,4,1797.5,60,1,Regular Customers
17649.0,1,868.49,137,1,Regular Customers
17650.0,1,166.07999999999998,20,1,Regular Customers
17651.0,10,3945.0,11,1,Regular Customers
17652.0,12,4867.72,24,1,Regular Customers
17653.0,4,1207.56,36,1,Regular Customers
17654.0,1,117.55,276,2,At-Risk / Fading Customers
17655.0,7,2638.94,10,1,Regular Customers
17656.0,5,1674.69,72,1,Regular Customers
17658.0,2,595.42,25,1,Regular Customers
17659.0,12,2999.46,16,1,Regular Customers
17660.0,1,178.75,140,2,At-Risk / Fading Customers
17663.0,7,1802.91,25,1,Regular Customers
17664.0,2,604.64,18,1,Regular Customers
17666.0,2,728.16,3,1,Regular Customers
17667.0,5,2055.51,65,1,Regular Customers
17668.0,2,347.75,0,1,Regular Customers
17669.0,7,3406.7200000000003,42,1,Regular Customers
17670.0,1,205.7,227,2,At-Risk / Fading Customers
17671.0,4,1572.71,15,1,Regular Customers
17672.0,2,3178.17,49,1,Regular Customers
17673.0,6,1594.97,1,1,Regular Customers
17674.0,2,551.04,73,1,Regular Customers
17675.0,31,20374.28,0,3,Loyal / High-Value Customers
17676.0,6,1371.18,3,1,Regular Customers
17677.0,30,16345.38,1,3,Loyal / High-Value Customers
17678.0,1,298.11,263,2,At-Risk / Fading Customers
17679.0,2,1992.11,52,1,Regular Customers
17680.0,1,184.4,23,1,Regular Customers
17682.0,6,2474.33,9,1,Regular Customers
17684.0,1,239.41,43,1,Regular Customers
17685.0,7,3155.83,16,1,Regular Customers
17686.0,7,5739.46,6,1,Regular Customers
17690.0,15,4726.8,29,1,Regular Customers
17691.0,2,290.40000000000003,357,2,At-Risk / Fading Customers
17692.0,4,740.94,126,1,Regular Customers
17693.0,1,200.47,136,1,Regular Customers
17694.0,1,283.12,141,2,At-Risk / Fading Customers
17695.0,2,765.34,131,2,At-Risk / Fading Customers
17696.0,8,2285.71,37,1,Regular Customers
17697.0,1,338.95,235,2,At-Risk / Fading Customers
17698.0,1,154.95,260,2,At-Risk / Fading Customers
17700.0,4,2534.64,16,1,Regular Customers
17701.0,1,417.95,252,2,At-Risk / Fading Customers
17702.0,4,1824.37,29,1,Regular Customers
17703.0,3,798.74,34,1,Regular Customers
17704.0,2,885.19,168,2,At-Risk / Fading Customers
17705.0,9,1823.52,2,1,Regular Customers
17706.0,17,10504.49,3,1,Regular Customers
17707.0,2,152.4,184,2,At-Risk / Fading Customers
17708.0,2,263.33,187,2,At-Risk / Fading Customers
17709.0,1,137.45,169,2,At-Risk / Fading Customers
17711.0,2,385.1,10,1,Regular Customers
17712.0,1,522.91,44,1,Regular Customers
17714.0,1,153.0,320,2,At-Risk / Fading Customers
17715.0,1,326.4,200,2,At-Risk / Fading Customers
17716.0,11,5655.99,22,1,Regular Customers
17718.0,1,139.35,231,2,At-Risk / Fading Customers
17719.0,15,5396.04,37,1,Regular Customers
17720.0,4,1195.94,25,1,Regular Customers
17722.0,4,2424.04,95,1,Regular Customers
17723.0,6,3276.4000000000005,126,2,At-Risk / Fading Customers
17724.0,3,1033.0,70,1,Regular Customers
17725.0,11,3439.08,15,1,Regular Customers
17727.0,1,1060.25,14,1,Regular Customers
17728.0,3,2876.01,3,1,Regular Customers
17730.0,13,5298.4800000000005,2,1,Regular Customers
17731.0,4,1240.11,78,1,Regular Customers
17732.0,1,303.97,372,2,At-Risk / Fading Customers
17733.0,2,692.19,38,1,Regular Customers
17734.0,3,700.63,53,1,Regular Customers
17735.0,19,13110.02,1,3,Loyal / High-Value Customers
17736.0,3,377.44,8,1,Regular Customers
17737.0,2,168.24,8,1,Regular Customers
17738.0,4,1879.05,18,1,Regular Customers
17739.0,7,2791.35,11,1,Regular Customers
17742.0,2,355.11,112,1,Regular Customers
17744.0,6,2322.4,3,1,Regular Customers
17746.0,1,110.25,239,2,At-Risk / Fading Customers
17747.0,1,71.4,112,1,Regular Customers
17749.0,2,674.52,177,2,At-Risk / Fading Customers
17750.0,9,1710.45,4,1,Regular Customers
17752.0,1,80.64,358,2,At-Risk / Fading Customers
17754.0,5,1664.65,0,1,Regular Customers
17757.0,30,5593.39,0,3,Loyal / High-Value Customers
17758.0,8,3408.2,18,1,Regular Customers
17759.0,3,819.96,16,1,Regular Customers
17760.0,2,287.59,21,1,Regular Customers
17761.0,1,712.78,32,1,Regular Customers
17763.0,1,15.0,262,2,At-Risk / Fading Customers
17764.0,2,772.55,50,1,Regular Customers
17765.0,3,367.63,158,2,At-Risk / Fading Customers
17767.0,1,271.2,14,1,Regular Customers
17768.0,3,2081.9,7,1,Regular Customers
17769.0,10,3957.43,12,1,Regular Customers
17770.0,5,1143.27,198,2,At-Risk / Fading Customers
17771.0,2,245.81,56,1,Regular Customers
17772.0,2,173.45,10,1,Regular Customers
17774.0,4,1213.73,96,1,Regular Customers
17775.0,1,56.4,254,2,At-Risk / Fading Customers
17777.0,3,647.56,24,1,Regular Customers
17779.0,3,650.32,20,1,Regular Customers
17781.0,2,188.02,158,2,At-Risk / Fading Customers
17783.0,2,283.47,71,1,Regular Customers
17785.0,1,131.94,52,1,Regular Customers
17786.0,2,266.85,84,1,Regular Customers
17787.0,4,1817.54,152,2,At-Risk / Fading Customers
17788.0,2,1117.9,73,1,Regular Customers
17789.0,1,225.9,280,2,At-Risk / Fading Customers
17790.0,14,1964.3,26,1,Regular Customers
17791.0,1,106.1,29,1,Regular Customers
17793.0,1,300.34,24,1,Regular Customers
17795.0,2,342.83,179,2,At-Risk / Fading Customers
17796.0,4,690.0,39,1,Regular Customers
17797.0,3,780.43,21,1,Regular Customers
17799.0,10,3039.17,21,1,Regular Customers
17800.0,9,1187.21,36,1,Regular Customers
17802.0,3,1285.04,81,1,Regular Customers
17805.0,1,512.31,73,1,Regular Customers
17806.0,1,546.04,10,1,Regular Customers
17809.0,12,5411.91,15,1,Regular Customers
17811.0,39,7761.82,3,3,Loyal / High-Value Customers
17812.0,4,699.81,12,1,Regular Customers
17813.0,5,1698.07,13,1,Regular Customers
17816.0,4,36.56,36,1,Regular Customers
17817.0,3,387.68,3,1,Regular Customers
17819.0,7,3704.87,71,1,Regular Customers
17824.0,1,298.4,50,1,Regular Customers
17827.0,5,1987.33,4,1,Regular Customers
17828.0,4,1820.09,22,1,Regular Customers
17829.0,1,889.24,298,2,At-Risk / Fading Customers
17830.0,3,398.7,1,1,Regular Customers
17831.0,1,35.400000000000006,32,1,Regular Customers
17832.0,1,155.37,49,1,Regular Customers
17835.0,3,342.24,2,1,Regular Customers
17836.0,1,110.21,46,1,Regular Customers
17837.0,8,1541.23,41,1,Regular Customers
17838.0,5,2720.8,26,1,Regular Customers
17839.0,1,318.15,41,1,Regular Customers
17841.0,124,40519.84,1,0,VIP Customers
17843.0,1,205.48,302,2,At-Risk / Fading Customers
17844.0,1,51.56,106,1,Regular Customers
17846.0,1,2033.1,84,1,Regular Customers
17848.0,9,901.2,80,1,Regular Customers
17849.0,4,605.8000000000001,217,2,At-Risk / Fading Customers
17850.0,34,5391.21,371,3,Loyal / High-Value Customers
17852.0,2,114.34,11,1,Regular Customers
17854.0,2,311.26,184,2,At-Risk / Fading Customers
17855.0,1,208.97,372,2,At-Risk / Fading Customers
17856.0,4,1418.03,1,1,Regular Customers
17857.0,23,26879.04,3,3,Loyal / High-Value Customers
17858.0,12,5140.66,5,1,Regular Customers
17859.0,1,141.92,304,2,At-Risk / Fading Customers
17860.0,1,226.45,368,2,At-Risk / Fading Customers
17861.0,8,2097.88,2,1,Regular Customers
17862.0,1,330.9,323,2,At-Risk / Fading Customers
17863.0,6,3160.0,58,1,Regular Customers
17864.0,3,554.85,12,1,Regular Customers
17865.0,20,10526.32,30,3,Loyal / High-Value Customers
17866.0,1,329.65000000000003,142,2,At-Risk / Fading Customers
17867.0,6,1157.87,29,1,Regular Customers
17869.0,5,428.18,106,1,Regular Customers
17870.0,12,1865.89,1,1,Regular Customers
17871.0,1,155.9,204,2,At-Risk / Fading Customers
17873.0,5,1848.96,79,1,Regular Customers
17874.0,6,683.46,184,2,At-Risk / Fading Customers
17877.0,1,237.61,169,2,At-Risk / Fading Customers
17878.0,1,379.45,43,1,Regular Customers
17879.0,1,178.52,173,2,At-Risk / Fading Customers
17880.0,1,458.92,364,2,At-Risk / Fading Customers
17881.0,1,133.35,303,2,At-Risk / Fading Customers
17883.0,4,664.34,2,1,Regular Customers
17884.0,4,695.07,3,1,Regular Customers
17885.0,1,156.34,11,1,Regular Customers
17886.0,3,869.28,31,1,Regular Customers
17887.0,1,111.35,128,1,Regular Customers
17888.0,8,716.0,20,1,Regular Customers
17889.0,2,201.37,211,2,At-Risk / Fading Customers
17890.0,2,586.89,322,2,At-Risk / Fading Customers
17891.0,1,203.86,161,2,At-Risk / Fading Customers
17892.0,3,244.1,55,1,Regular Customers
17893.0,1,107.21,224,2,At-Risk / Fading Customers
17894.0,8,1118.96,71,1,Regular Customers
17895.0,1,95.45,43,1,Regular Customers
17896.0,1,256.32,22,1,Regular Customers
17897.0,3,541.81,172,2,At-Risk / Fading Customers
17898.0,2,152.06,84,1,Regular Customers
17899.0,1,154.55,158,2,At-Risk / Fading Customers
17900.0,2,112.2,189,2,At-Risk / Fading Customers
17901.0,1,110.38,28,1,Regular Customers
17904.0,1,181.07,20,1,Regular Customers
17905.0,4,798.99,70,1,Regular Customers
17906.0,1,72.9,246,2,At-Risk / Fading Customers
17908.0,1,232.03,373,2,At-Risk / Fading Customers
17911.0,1,366.23,8,1,Regular Customers
17912.0,5,310.06,309,2,At-Risk / Fading Customers
17913.0,2,408.65,58,1,Regular Customers
17914.0,1,329.36,3,1,Regular Customers
17917.0,3,335.03,44,1,Regular Customers
17919.0,1,1304.04,87,1,Regular Customers
17920.0,17,4119.5,3,3,Loyal / High-Value Customers
17921.0,4,820.23,63,1,Regular Customers
17923.0,1,207.50000000000003,281,2,At-Risk / Fading Customers
17924.0,7,2962.5,11,1,Regular Customers
17925.0,1,244.08,372,2,At-Risk / Fading Customers
17926.0,2,397.29,132,2,At-Risk / Fading Customers
17928.0,2,212.54,44,1,Regular Customers
17929.0,4,843.0,10,1,Regular Customers
17930.0,5,1740.48,35,1,Regular Customers
17931.0,2,408.36,133,2,At-Risk / Fading Customers
17932.0,3,1331.57,28,1,Regular Customers
17934.0,2,704.25,51,1,Regular Customers
17935.0,2,145.79,137,2,At-Risk / Fading Customers
17936.0,1,380.13,4,1,Regular Customers
17937.0,7,4301.22,8,1,Regular Customers
17939.0,1,99.14,159,2,At-Risk / Fading Customers
17940.0,10,4020.04,48,1,Regular Customers
17941.0,1,304.56,130,1,Regular Customers
17942.0,1,77.50000000000001,7,1,Regular Customers
17946.0,2,149.57999999999998,232,2,At-Risk / Fading Customers
17947.0,1,176.68,36,1,Regular Customers
17948.0,1,358.56000000000006,146,2,At-Risk / Fading Customers
17949.0,45,58510.48,0,3,Loyal / High-Value Customers
17950.0,3,482.2,71,1,Regular Customers
17951.0,3,1008.54,39,1,Regular Customers
17954.0,12,2314.13,4,1,Regular Customers
17955.0,4,557.3,198,2,At-Risk / Fading Customers
17956.0,1,12.75,248,2,At-Risk / Fading Customers
17957.0,1,111.68,65,1,Regular Customers
17958.0,1,508.46,116,1,Regular Customers
17960.0,1,73.78,170,2,At-Risk / Fading Customers
17961.0,39,1296.44,20,3,Loyal / High-Value Customers
17962.0,1,102.41,141,2,At-Risk / Fading Customers
17964.0,2,463.21,31,1,Regular Customers
17965.0,14,2599.19,37,1,Regular Customers
17966.0,5,1098.43,37,1,Regular Customers
17967.0,1,112.27,371,2,At-Risk / Fading Customers
17968.0,1,265.1,373,2,At-Risk / Fading Customers
17969.0,2,228.2,165,2,At-Risk / Fading Customers
17970.0,1,562.79,210,2,At-Risk / Fading Customers
17972.0,1,135.19,241,2,At-Risk / Fading Customers
17973.0,1,337.04,51,1,Regular Customers
17974.0,3,703.99,24,1,Regular Customers
17975.0,13,4483.26,14,1,Regular Customers
17976.0,1,321.79,371,2,At-Risk / Fading Customers
17977.0,1,288.14,28,1,Regular Customers
17978.0,1,300.92,364,2,At-Risk / Fading Customers
17979.0,4,732.41,35,1,Regular Customers
17980.0,3,811.45,165,2,At-Risk / Fading Customers
17984.0,1,152.68,144,2,At-Risk / Fading Customers
17985.0,1,631.35,21,1,Regular Customers
17986.0,1,20.8,55,1,Regular Customers
17987.0,1,198.57,184,2,At-Risk / Fading Customers
17988.0,7,201.12,11,1,Regular Customers
17990.0,3,630.84,236,2,At-Risk / Fading Customers
17991.0,2,93.35,224,2,At-Risk / Fading Customers
17994.0,4,674.89,121,1,Regular Customers
17995.0,1,76.1,281,2,At-Risk / Fading Customers
17997.0,8,1962.46,73,1,Regular Customers
17999.0,2,380.39,36,1,Regular Customers
18001.0,2,415.13,11,1,Regular Customers
18004.0,1,157.92,361,2,At-Risk / Fading Customers
18005.0,2,226.47,3,1,Regular Customers
18006.0,1,444.68,22,1,Regular Customers
18008.0,9,2116.19,69,1,Regular Customers
18009.0,1,247.39,234,2,At-Risk / Fading Customers
18010.0,1,174.8,256,2,At-Risk / Fading Customers
18011.0,1,102.79,372,2,At-Risk / Fading Customers
18013.0,2,187.29,154,2,At-Risk / Fading Customers
18014.0,1,162.22,27,1,Regular Customers
18015.0,1,120.03,3,1,Regular Customers
18016.0,5,1477.66,31,1,Regular Customers
18017.0,3,523.0,80,1,Regular Customers
18018.0,2,122.14,107,1,Regular Customers
18019.0,1,38.45,51,1,Regular Customers
18022.0,1,612.72,35,1,Regular Customers
18024.0,2,389.78,152,2,At-Risk / Fading Customers
18027.0,1,115.31,98,1,Regular Customers
18030.0,2,230.65,3,1,Regular Customers
18032.0,1,73.5,333,2,At-Risk / Fading Customers
18033.0,1,93.82,64,1,Regular Customers
18034.0,2,418.68,21,1,Regular Customers
18035.0,3,713.89,35,1,Regular Customers
18036.0,3,403.12,31,1,Regular Customers
18037.0,6,70.02,153,2,At-Risk / Fading Customers
18040.0,2,357.20000000000005,18,1,Regular Customers
18041.0,21,4097.37,11,3,Loyal / High-Value Customers
18042.0,1,165.04999999999998,53,1,Regular Customers
18043.0,3,529.29,24,1,Regular Customers
18044.0,10,2088.6,3,1,Regular Customers
18045.0,1,178.34,44,1,Regular Customers
18048.0,2,172.29000000000002,202,2,At-Risk / Fading Customers
18050.0,1,74.4,358,2,At-Risk / Fading Customers
18053.0,1,300.02,70,1,Regular Customers
18055.0,10,6761.34,6,1,Regular Customers
18056.0,1,363.65,287,2,At-Risk / Fading Customers
18058.0,1,170.16,9,1,Regular Customers
18059.0,3,306.46,22,1,Regular Customers
18061.0,10,2119.41,21,1,Regular Customers
18062.0,3,720.52,172,2,At-Risk / Fading Customers
18064.0,2,814.0,132,2,At-Risk / Fading Customers
18065.0,14,2392.83,5,1,Regular Customers
18066.0,1,318.0,74,1,Regular Customers
18067.0,1,396.33,39,1,Regular Customers
18068.0,1,101.7,288,2,At-Risk / Fading Customers
18069.0,5,2009.24,25,1,Regular Customers
18071.0,2,453.0,257,2,At-Risk / Fading Customers
18072.0,1,247.44,185,2,At-Risk / Fading Customers
18073.0,12,3859.82,113,1,Regular Customers
18074.0,1,489.6,373,2,At-Risk / Fading Customers
18075.0,10,2611.75,22,1,Regular Customers
18077.0,11,2584.41,7,1,Regular Customers
18078.0,2,336.13,216,2,At-Risk / Fading Customers
18079.0,4,3613.15,44,1,Regular Customers
18080.0,2,1231.5,18,1,Regular Customers
18081.0,3,343.45,35,1,Regular Customers
18082.0,1,680.84,25,1,Regular Customers
18084.0,1,90.48,15,1,Regular Customers
18085.0,2,689.95,329,2,At-Risk / Fading Customers
18086.0,1,101.34,273,2,At-Risk / Fading Customers
18087.0,2,4055.72,97,1,Regular Customers
18088.0,1,166.03,60,1,Regular Customers
18092.0,11,9068.26,1,1,Regular Customers
18093.0,4,2106.52,92,1,Regular Customers
18094.0,7,3017.3,81,1,Regular Customers
18095.0,2,580.05,312,2,At-Risk / Fading Customers
18096.0,3,849.06,11,1,Regular Customers
18097.0,6,2662.4,7,1,Regular Customers
18099.0,1,168.31,126,1,Regular Customers
18101.0,2,222.4,10,1,Regular Customers
18102.0,60,259657.3,0,0,VIP Customers
18104.0,1,754.64,36,1,Regular Customers
18105.0,1,113.48000000000002,37,1,Regular Customers
18106.0,1,421.9,329,2,At-Risk / Fading Customers
18108.0,1,271.0,253,2,At-Risk / Fading Customers
18109.0,26,8004.92,1,3,Loyal / High-Value Customers
18110.0,1,198.8,19,1,Regular Customers
18112.0,2,352.69,11,1,Regular Customers
18113.0,1,76.32000000000001,368,2,At-Risk / Fading Customers
18114.0,1,220.1,289,2,At-Risk / Fading Customers
18116.0,8,1403.11,67,1,Regular Customers
18117.0,1,315.65,25,1,Regular Customers
18118.0,26,5625.08,10,3,Loyal / High-Value Customers
18119.0,1,180.7,367,2,At-Risk / Fading Customers
18120.0,1,111.15,213,2,At-Risk / Fading Customers
18121.0,2,653.3000000000001,148,2,At-Risk / Fading Customers
18122.0,6,1793.06,7,1,Regular Customers
18123.0,2,574.4399999999999,23,1,Regular Customers
18125.0,4,1131.75,29,1,Regular Customers
18126.0,1,200.92,60,1,Regular Customers
18127.0,3,347.08,18,1,Regular Customers
18129.0,1,112.55,242,2,At-Risk / Fading Customers
18130.0,3,1059.39,14,1,Regular Customers
18133.0,1,931.5,211,2,At-Risk / Fading Customers
18135.0,5,681.91,28,1,Regular Customers
18136.0,3,784.33,62,1,Regular Customers
18138.0,1,152.65,294,2,At-Risk / Fading Customers
18139.0,6,8438.34,17,1,Regular Customers
18142.0,2,1019.52,156,2,At-Risk / Fading Customers
18143.0,2,1000.16,116,1,Regular Customers
18144.0,12,2888.75,7,1,Regular Customers
18145.0,4,2861.55,12,1,Regular Customers
18146.0,2,160.35,140,2,At-Risk / Fading Customers
18147.0,2,179.34,45,1,Regular Customers
18149.0,3,612.0799999999999,50,1,Regular Customers
18150.0,3,566.58,31,1,Regular Customers
18151.0,2,653.35,134,2,At-Risk / Fading Customers
18154.0,2,399.19,2,1,Regular Customers
18155.0,3,371.62,74,1,Regular Customers
18156.0,2,675.64,12,1,Regular Customers
18158.0,2,453.4,8,1,Regular Customers
18159.0,1,530.15,300,2,At-Risk / Fading Customers
18160.0,2,638.0600000000001,56,1,Regular Customers
18161.0,5,1618.69,14,1,Regular Customers
18164.0,1,399.65,36,1,Regular Customers
18165.0,1,302.46,176,2,At-Risk / Fading Customers
18167.0,3,1384.86,22,1,Regular Customers
18168.0,6,1160.04,175,2,At-Risk / Fading Customers
18169.0,1,202.65,60,1,Regular Customers
18170.0,3,980.31,32,1,Regular Customers
18171.0,5,1231.31,58,1,Regular Customers
18172.0,20,7561.68,14,3,Loyal / High-Value Customers
18173.0,4,2106.84,86,1,Regular Customers
18174.0,1,104.0,6,1,Regular Customers
18176.0,1,476.35,357,2,At-Risk / Fading Customers
18177.0,6,1340.87,30,1,Regular Customers
18178.0,4,1590.81,128,1,Regular Customers
18179.0,6,1793.17,8,1,Regular Customers
18180.0,6,1843.75,4,1,Regular Customers
18181.0,1,366.85,23,1,Regular Customers
18183.0,2,632.07,226,2,At-Risk / Fading Customers
18184.0,1,49.8,14,1,Regular Customers
18185.0,1,304.25,248,2,At-Risk / Fading Customers
18188.0,3,2001.04,14,1,Regular Customers
18189.0,2,1090.24,77,1,Regular Customers
18190.0,2,284.46000000000004,191,2,At-Risk / Fading Customers
18191.0,1,207.8,261,2,At-Risk / Fading Customers
18192.0,1,957.97,71,1,Regular Customers
18193.0,1,243.76,164,2,At-Risk / Fading Customers
18194.0,1,973.84,81,1,Regular Customers
18196.0,2,686.63,94,1,Regular Customers
18198.0,17,5425.56,3,3,Loyal / High-Value Customers
18200.0,1,150.35,105,1,Regular Customers
18202.0,3,1396.99,199,2,At-Risk / Fading Customers
18203.0,1,160.42000000000002,156,2,At-Risk / Fading Customers
18204.0,3,1975.35,70,1,Regular Customers
18205.0,2,517.36,35,1,Regular Customers
18209.0,1,139.10000000000002,28,1,Regular Customers
18210.0,6,2621.38,1,1,Regular Customers
18211.0,5,600.07,25,1,Regular Customers
18212.0,1,216.07,325,2,At-Risk / Fading Customers
18213.0,1,232.48,236,2,At-Risk / Fading Customers
18215.0,1,299.34000000000003,88,1,Regular Customers
18216.0,1,481.75,30,1,Regular Customers
18217.0,2,621.75,28,1,Regular Customers
18218.0,2,641.92,210,2,At-Risk / Fading Customers
18219.0,10,2069.77,2,1,Regular Customers
18220.0,1,305.28,226,2,At-Risk / Fading Customers
18221.0,5,1041.61,21,1,Regular Customers
18222.0,1,443.0,92,1,Regular Customers
18223.0,14,6484.54,4,1,Regular Customers
18224.0,1,158.95000000000002,263,2,At-Risk / Fading Customers
18225.0,12,5504.96,2,1,Regular Customers
18226.0,11,5228.05,43,1,Regular Customers
18227.0,1,93.75,217,2,At-Risk / Fading Customers
18228.0,2,779.9,56,1,Regular Customers
18229.0,20,7276.9,11,3,Loyal / High-Value Customers
18230.0,7,2810.2000000000003,8,1,Regular Customers
18231.0,5,2071.77,191,2,At-Risk / Fading Customers
18232.0,4,592.97,81,1,Regular Customers
18233.0,1,440.0,325,2,At-Risk / Fading Customers
18235.0,3,1796.48,71,1,Regular Customers
18236.0,6,882.24,29,1,Regular Customers
18237.0,5,987.1,2,1,Regular Customers
18239.0,5,1561.61,218,2,At-Risk / Fading Customers
18240.0,1,422.58,45,1,Regular Customers
18241.0,17,2073.09,9,3,Loyal / High-Value Customers
18242.0,4,2232.49,71,1,Regular Customers
18245.0,7,2567.06,6,1,Regular Customers
18246.0,2,596.1,23,1,Regular Customers
18248.0,2,804.02,122,1,Regular Customers
18249.0,1,95.34,16,1,Regular Customers
18250.0,1,349.27,309,2,At-Risk / Fading Customers
18251.0,1,4314.72,86,1,Regular Customers
18252.0,2,518.27,50,1,Regular Customers
18255.0,1,103.3,88,1,Regular Customers
18257.0,8,2337.63,38,1,Regular Customers
18259.0,3,2338.6,24,1,Regular Customers
18260.0,6,2628.35,172,2,At-Risk / Fading Customers
18261.0,2,324.24,42,1,Regular Customers
18262.0,1,149.48,139,2,At-Risk / Fading Customers
18263.0,3,1213.16,25,1,Regular Customers
18265.0,2,801.51,71,1,Regular Customers
18268.0,1,25.5,133,1,Regular Customers
18269.0,1,168.60000000000002,365,2,At-Risk / Fading Customers
18270.0,2,283.15000000000003,37,1,Regular Customers
18272.0,6,3078.58,2,1,Regular Customers
18273.0,3,204.0,1,1,Regular Customers
18274.0,1,175.92,29,1,Regular Customers
18276.0,1,335.86,43,1,Regular Customers
18277.0,1,110.38,57,1,Regular Customers
18278.0,1,173.9,73,1,Regular Customers
18280.0,1,180.6,277,2,At-Risk / Fading Customers
18281.0,1,80.82,180,2,At-Risk / Fading Customers
18282.0,2,178.05,7,1,Regular Customers
18283.0,16,2045.53,3,3,Loyal / High-Value Customers
18287.0,3,1837.28,42,1,Regular Customers
