antecedents,consequents,support,confidence,lift
21094,21086,0.03503918856615952,0.8491620111731844,22.057873080654332
21086,21094,0.03503918856615952,0.9101796407185628,22.057873080654332
23171,23172,0.03434762563393269,0.7641025641025642,20.71673076923077
23172,23171,0.03434762563393269,0.93125,20.716730769230768
21668,21669,0.030428769017980636,0.7810650887573964,20.288984161853804
21669,21668,0.030428769017980636,0.7904191616766466,20.288984161853804
22962,22963,0.030428769017980636,0.7333333333333334,19.280000000000005
22963,22962,0.030428769017980636,0.8,19.28
23175,23174,0.038497003227293686,0.8106796116504855,18.509095554420036
23174,23175,0.038497003227293686,0.8789473684210527,18.509095554420032
21122,21124,0.03573075149838635,0.7242990654205608,17.455607476635514
21124,21122,0.03573075149838635,0.861111111111111,17.455607476635514
23172,23170,0.03296449976947902,0.89375,17.308426339285717
23170,23172,0.03296449976947902,0.6383928571428572,17.308426339285717
22746,22745,0.035269709543568464,0.8547486033519553,17.166201117318437
22745,22746,0.035269709543568464,0.7083333333333334,17.166201117318437
82581,82580,0.03250345781466114,0.8197674418604652,16.93405315614618
82580,82581,0.03250345781466114,0.6714285714285715,16.93405315614618
22569,22570,0.034578146611341634,0.78125,16.777537128712872
22570,22569,0.034578146611341634,0.7425742574257426,16.77753712871287
23170,23171,0.038497003227293686,0.7455357142857144,16.5853021978022
23171,23170,0.038497003227293686,0.8564102564102565,16.5853021978022
22746,22748,0.03665283540802213,0.888268156424581,16.537799410170955
22748,22746,0.03665283540802213,0.6824034334763949,16.537799410170955
23266,23265,0.03112033195020747,0.6716417910447761,16.186567164179102
23265,23266,0.03112033195020747,0.75,16.186567164179102
22748,22745,0.04149377593360996,0.7725321888412017,15.515021459227468
22745,22748,0.04149377593360996,0.8333333333333334,15.515021459227468
23256,23254,0.03895804518211157,0.7284482758620691,15.490238336713999
23254,23256,0.03895804518211157,0.8284313725490197,15.490238336713997
47590B,47590A,0.044490548639926235,0.8109243697478992,15.428903140203449
47590A,47590B,0.044490548639926235,0.8464912280701754,15.428903140203449
23173,23174,0.03734439834024896,0.6532258064516129,14.914176570458405
23174,23173,0.03734439834024896,0.8526315789473684,14.914176570458404
84997C,84997D,0.0396496081143384,0.8514851485148515,14.894123283296071
84997D,84997C,0.0396496081143384,0.6935483870967741,14.89412328329607
21932,21933,0.033656062701705854,0.6697247706422018,14.67306088407006
21933,21932,0.033656062701705854,0.7373737373737373,14.673060884070058
84997B,84997C,0.03135085292761641,0.6732673267326732,14.458582491912555
84997C,84997B,0.03135085292761641,0.6732673267326732,14.458582491912555
23175,23173,0.03872752420470263,0.8155339805825244,14.265267773253996
23173,23175,0.03872752420470263,0.6774193548387097,14.265267773253996
22568,22570,0.035961272475795295,0.6393442622950819,13.730076286317155
22570,22568,0.035961272475795295,0.7722772277227722,13.730076286317153
22569,22568,0.03250345781466114,0.734375,13.056224385245901
22568,22569,0.03250345781466114,0.5778688524590164,13.056224385245901
23294,23295,0.03642231443061319,0.7383177570093459,12.811289719626169
23295,23294,0.03642231443061319,0.632,12.811289719626169
22751,22750,0.030889810972798526,0.7282608695652174,12.790265798274952
22750,22751,0.030889810972798526,0.5425101214574899,12.790265798274952
84997D,84997B,0.03296449976947902,0.5766129032258065,12.38290482274034
84997B,84997D,0.03296449976947902,0.7079207920792079,12.382904822740338
23170,23175,0.030198248040571692,0.5848214285714286,12.315317267683774
23175,23170,0.030198248040571692,0.6359223300970874,12.315317267683774
82486,82483,0.03642231443061319,0.6723404255319149,12.10212765957447
82483,82486,0.03642231443061319,0.6556016597510375,12.10212765957447
23294,23296,0.03319502074688797,0.6728971962616823,12.012461059190032
23296,23294,0.03319502074688797,0.5925925925925926,12.01246105919003
21122,21121,0.03250345781466114,0.6588785046728973,12.00930652634886
21121,21122,0.03250345781466114,0.592436974789916,12.009306526348858
22191,22193,0.03135085292761641,0.5690376569037657,11.982938619653087
22193,22191,0.03135085292761641,0.6601941747572816,11.982938619653087
23170,23173,0.034578146611341634,0.6696428571428572,11.713349654377883
23173,23170,0.034578146611341634,0.6048387096774194,11.71334965437788
22749,22750,0.0417242969110189,0.6581818181818182,11.559484725800516
22750,22749,0.0417242969110189,0.7327935222672064,11.559484725800514
22698,23172,0.03112033195020747,0.4231974921630094,11.473942006269592
23172,22698,0.03112033195020747,0.84375,11.473942006269592
22749,22751,0.03065928999538958,0.48363636363636364,11.402252964426877
22751,22749,0.03065928999538958,0.7228260869565216,11.402252964426877
23296,23295,0.03573075149838635,0.6378600823045267,11.068148148148147
23295,23296,0.03573075149838635,0.6199999999999999,11.068148148148145
22725,22726,0.031581373905025356,0.8011695906432749,10.7933965348153
22726,22725,0.031581373905025356,0.42546583850931674,10.7933965348153
22578,22579,0.042876901798063624,0.5602409638554217,10.753651775242561
22579,22578,0.042876901798063624,0.8230088495575221,10.753651775242561
23263,23266,0.03065928999538958,0.4944237918215613,10.670698551850412
23266,23263,0.03065928999538958,0.6616915422885572,10.670698551850412
22729,22726,0.03227293683725219,0.782122905027933,10.536798639786253
22726,22729,0.03227293683725219,0.4347826086956522,10.536798639786253
22630,22629,0.0516366989396035,0.7804878048780487,10.5147704893198
22629,22630,0.0516366989396035,0.6956521739130435,10.5147704893198
20719,20723,0.030428769017980636,0.5546218487394958,10.46065034709536
20723,20719,0.030428769017980636,0.5739130434782609,10.46065034709536
22355,20723,0.0318118948824343,0.5542168674698795,10.453012048192772
20723,22355,0.0318118948824343,0.6,10.453012048192772
22697,22698,0.06823420931304748,0.7648578811369509,10.401108114019099
22698,22697,0.06823420931304748,0.927899686520376,10.401108114019099
23293,23294,0.03780544029506685,0.5077399380804953,10.29241052052892
23294,23293,0.03780544029506685,0.7663551401869159,10.29241052052892
21231,21232,0.03642231443061319,0.7348837209302327,10.217710196779967
21232,21231,0.03642231443061319,0.5064102564102565,10.217710196779967
22728,22730,0.03803596127247579,0.5670103092783505,10.20618556701031
22730,22728,0.03803596127247579,0.6846473029045643,10.20618556701031
23295,23293,0.04310742277547257,0.748,10.045894736842106
23293,23295,0.04310742277547257,0.5789473684210527,10.045894736842104
22328,22326,0.0338865836791148,0.6475770925110131,9.99711539968959
22326,22328,0.0338865836791148,0.5231316725978646,9.997115399689589
22698,23171,0.03273397879207008,0.445141065830721,9.902676633711117
23171,22698,0.03273397879207008,0.7282051282051283,9.902676633711117
22355,20719,0.03065928999538958,0.5341365461847389,9.735648476257973
20719,22355,0.03065928999538958,0.5588235294117647,9.735648476257973
23293,23296,0.04057169202397418,0.5448916408668731,9.727324848067884
23296,23293,0.04057169202397418,0.7242798353909465,9.727324848067882
22579,22577,0.0396496081143384,0.7610619469026548,9.625325730798009
22577,22579,0.0396496081143384,0.5014577259475219,9.625325730798009
22729,22727,0.03550023052097741,0.8603351955307262,9.618902263433737
22727,22729,0.03550023052097741,0.39690721649484534,9.618902263433737
21928,21929,0.04149377593360996,0.6818181818181818,9.603010625737898
21929,21928,0.04149377593360996,0.5844155844155844,9.603010625737898
20724,22356,0.037574919317657905,0.48656716417910445,9.594219810040705
22356,20724,0.037574919317657905,0.7409090909090909,9.594219810040704
22578,22577,0.057860765329645,0.7560240963855421,9.561610874986828
22577,22578,0.057860765329645,0.7317784256559767,9.561610874986828
22142,22141,0.033656062701705854,0.5637065637065637,9.55218388030888
22141,22142,0.033656062701705854,0.5703125,9.55218388030888
22727,22725,0.033656062701705854,0.37628865979381443,9.545849158979925
22725,22727,0.033656062701705854,0.8538011695906432,9.545849158979923
23199,23200,0.04564315352697095,0.5755813953488372,9.530046156577313
23200,23199,0.04564315352697095,0.7557251908396946,9.530046156577312
22697,23172,0.03135085292761641,0.35142118863049093,9.527906976744186
23172,22697,0.03135085292761641,0.85,9.527906976744186
22144,22142,0.04149377593360996,0.5642633228840125,9.45086600259014
22142,22144,0.04149377593360996,0.6949806949806949,9.45086600259014
84970L,84970S,0.0318118948824343,0.5897435897435896,9.440249787113254
84970S,84970L,0.0318118948824343,0.5092250922509225,9.440249787113254
22697,23171,0.03780544029506685,0.4237726098191214,9.427310673822301
23171,22697,0.03780544029506685,0.8410256410256409,9.4273106738223
20723,20724,0.03826648224988474,0.7217391304347827,9.345983127839066
20724,20723,0.03826648224988474,0.4955223880597015,9.345983127839066
22730,22726,0.038497003227293686,0.6929460580912864,9.335403726708076
22726,22730,0.038497003227293686,0.5186335403726708,9.335403726708076
21166,85152,0.03826648224988474,0.578397212543554,9.292915214866435
85152,21166,0.03826648224988474,0.6148148148148148,9.292915214866435
22730,22727,0.045873674504379895,0.8257261410788381,9.231958762886597
22727,22730,0.045873674504379895,0.5128865979381443,9.231958762886597
22727,22726,0.06085753803596127,0.6804123711340206,9.166549273227893
22726,22727,0.06085753803596127,0.8198757763975155,9.166549273227892
22728,22726,0.04495159059474412,0.6701030927835052,9.02766216302747
22726,22728,0.04495159059474412,0.6055900621118012,9.02766216302747
22417,22951,0.030428769017980636,0.4888888888888889,8.948523206751055
22951,22417,0.030428769017980636,0.5569620253164557,8.948523206751053
20972,20971,0.04080221300138313,0.5673076923076924,8.884407109136353
20971,20972,0.04080221300138313,0.6389891696750903,8.884407109136353
22144,22141,0.038497003227293686,0.5235109717868338,8.871057014106583
22141,22144,0.038497003227293686,0.65234375,8.871057014106583
20719,20724,0.037574919317657905,0.6848739495798319,8.86860654709645
20724,20719,0.037574919317657905,0.48656716417910445,8.86860654709645
22699,22698,0.06270170585523283,0.6430260047281324,8.744347362102314
22698,22699,0.06270170585523283,0.8526645768025078,8.744347362102314
23240,23236,0.030428769017980636,0.4086687306501548,8.733029327883603
23236,23240,0.030428769017980636,0.6502463054187192,8.733029327883603
22727,22728,0.052097740894421395,0.5824742268041238,8.683069401636732
22728,22727,0.052097740894421395,0.7766323024054983,8.68306940163673
22699,23172,0.030889810972798526,0.31678486997635935,8.588829787234042
23172,22699,0.030889810972798526,0.8375,8.588829787234042
22699,23170,0.04310742277547257,0.442080378250591,8.561360182370821
23170,22699,0.04310742277547257,0.8348214285714286,8.561360182370821
22697,22699,0.0739972337482711,0.8294573643410853,8.506349991753257
22699,22697,0.0739972337482711,0.7588652482269503,8.506349991753257
21166,21175,0.044490548639926235,0.6724738675958188,8.504931888136042
21175,21166,0.044490548639926235,0.5626822157434402,8.50493188813604
22698,23170,0.03227293683725219,0.438871473354232,8.49921630094044
23170,22698,0.03227293683725219,0.6250000000000001,8.49921630094044
21080,21094,0.03411710465652374,0.34660421545667447,8.399827299726558
21094,21080,0.03411710465652374,0.8268156424581005,8.399827299726557
21931,20713,0.030198248040571692,0.39339339339339335,8.24415720067894
20713,21931,0.030198248040571692,0.6328502415458938,8.24415720067894
22355,20724,0.03642231443061319,0.6345381526104419,8.216795540370438
20724,22355,0.03642231443061319,0.4716417910447761,8.216795540370438
22697,23174,0.03204241585984324,0.359173126614987,8.20048959608323
23174,22697,0.03204241585984324,0.731578947368421,8.20048959608323
21915,21914,0.04633471645919779,0.5759312320916905,8.164672172593965
21914,21915,0.04633471645919779,0.6568627450980392,8.164672172593965
47591D,22367,0.03227293683725219,0.56,8.151946308724833
22367,47591D,0.03227293683725219,0.4697986577181208,8.151946308724831
22624,22627,0.03135085292761641,0.3617021276595745,8.129864403042664
22627,22624,0.03135085292761641,0.7046632124352331,8.129864403042664
23301,23300,0.06131857999077916,0.6567901234567901,8.117252295030072
23300,23301,0.06131857999077916,0.7578347578347577,8.117252295030072
23171,22699,0.03550023052097741,0.7897435897435897,8.099072558647027
22699,23171,0.03550023052097741,0.36406619385342787,8.099072558647027
21181,85150,0.030428769017980636,0.3656509695290859,8.092826050087625
85150,21181,0.030428769017980636,0.673469387755102,8.092826050087625
23439,22633,0.03434762563393269,0.5559701492537313,8.039328358208955
22633,23439,0.03434762563393269,0.4966666666666667,8.039328358208955
22699,23175,0.03711387736284002,0.3806146572104019,8.015079529022929
23175,22699,0.03711387736284002,0.7815533980582524,8.015079529022929
22699,23174,0.03411710465652374,0.3498817966903073,7.9883538633818585
23174,22699,0.03411710465652374,0.7789473684210526,7.9883538633818585
21080,21086,0.030198248040571692,0.30679156908665106,7.96923249519696
21086,21080,0.030198248040571692,0.7844311377245509,7.96923249519696
21975,22417,0.03273397879207008,0.4947735191637631,7.949361207897794
22417,21975,0.03273397879207008,0.5259259259259259,7.949361207897793
21754,21755,0.05071461502996773,0.6111111111111112,7.8664688427299705
21755,21754,0.05071461502996773,0.6528189910979229,7.8664688427299705
22697,23170,0.036191793453204245,0.40568475452196384,7.856519933554818
23170,22697,0.036191793453204245,0.7008928571428572,7.856519933554818
21733,22804,0.040110650069156296,0.451948051948052,7.779962894248609
22804,21733,0.040110650069156296,0.6904761904761905,7.779962894248608
23318,23319,0.03342554172429691,0.537037037037037,7.765555555555554
23319,23318,0.03342554172429691,0.4833333333333333,7.765555555555554
21930,21931,0.030198248040571692,0.5954545454545455,7.757002457002456
21931,21930,0.030198248040571692,0.39339339339339335,7.757002457002456
22625,22624,0.045182111572153065,0.6712328767123288,7.744170795686389
22624,22625,0.045182111572153065,0.5212765957446809,7.744170795686389
22556,22555,0.036883356385431075,0.5245901639344263,7.740381398461024
22555,22556,0.036883356385431075,0.54421768707483,7.740381398461024
22697,23175,0.03273397879207008,0.3669250645994832,7.726800632196885
23175,22697,0.03273397879207008,0.6893203883495146,7.726800632196884
22699,23173,0.04264638082065468,0.4373522458628842,7.650137268359644
23173,22699,0.04264638082065468,0.7459677419354839,7.650137268359643
23344,23343,0.04541263254956201,0.5038363171355499,7.642104698370683
23343,23344,0.04541263254956201,0.6888111888111887,7.642104698370682
82494L,82482,0.06500691562932227,0.7193877551020409,7.61147336983574
82482,82494L,0.06500691562932227,0.6878048780487805,7.61147336983574
21181,82600,0.0318118948824343,0.38227146814404434,7.503591080583097
82600,21181,0.0318118948824343,0.6244343891402715,7.503591080583097
21931,22385,0.03273397879207008,0.4264264264264264,7.489222015537805
22385,21931,0.03273397879207008,0.5748987854251012,7.489222015537805
21930,22386,0.03250345781466114,0.640909090909091,7.4738269794721415
22386,21930,0.03250345781466114,0.3790322580645162,7.4738269794721415
22698,23173,0.03135085292761641,0.4263322884012539,7.4573768834058045
23173,22698,0.03135085292761641,0.5483870967741935,7.457376883405804
22554,22556,0.04241585984324574,0.5242165242165242,7.455905842791089
22556,22554,0.04241585984324574,0.6032786885245902,7.455905842791089
22551,22554,0.04702627939142462,0.6017699115044248,7.4372589062854555
22554,22551,0.04702627939142462,0.5811965811965811,7.437258906285454
22413,21175,0.030889810972798526,0.5877192982456141,7.433021328832286
21175,22413,0.030889810972798526,0.3906705539358601,7.433021328832285
22633,22632,0.03065928999538958,0.4433333333333333,7.396846153846153
22632,22633,0.03065928999538958,0.5115384615384615,7.396846153846153
22556,22551,0.04057169202397418,0.5770491803278689,7.38418685623096
22551,22556,0.04057169202397418,0.5191740412979351,7.384186856230959
21175,85152,0.036191793453204245,0.45772594752186596,7.35413022351798
85152,21175,0.036191793453204245,0.5814814814814815,7.354130223517979
22385,23199,0.03319502074688797,0.5829959514170041,7.351850108276058
23199,22385,0.03319502074688797,0.4186046511627907,7.351850108276057
21181,85152,0.03803596127247579,0.4570637119113573,7.343490304709141
85152,21181,0.03803596127247579,0.611111111111111,7.343490304709141
21975,21213,0.03296449976947902,0.49825783972125437,7.3269237583417
21213,21975,0.03296449976947902,0.4847457627118645,7.3269237583417
22866,23439,0.03411710465652374,0.44984802431610943,7.28149525926598
23439,22866,0.03411710465652374,0.5522388059701492,7.28149525926598
23321,23322,0.051175656984785614,0.5873015873015873,7.2791836734693875
23322,23321,0.051175656984785614,0.6342857142857142,7.2791836734693875
22866,22865,0.04771784232365145,0.6291793313069909,7.278346504559271
22865,22866,0.04771784232365145,0.5519999999999999,7.27834650455927
84378,84380,0.04725680036883356,0.5452127659574468,7.27733224222586
84380,84378,0.04725680036883356,0.6307692307692307,7.277332242225859
22554,22555,0.0396496081143384,0.49002849002848997,7.230420373277516
22555,22554,0.0396496081143384,0.5850340136054422,7.230420373277515
22865,22867,0.04771784232365145,0.5519999999999999,7.190918918918918
22867,22865,0.04771784232365145,0.6216216216216215,7.190918918918918
23203,23582,0.03573075149838635,0.3069306930693069,7.158415841584159
23582,23203,0.03573075149838635,0.8333333333333333,7.158415841584158
22835,22112,0.045873674504379895,0.6297468354430379,7.15141825170654
22112,22835,0.045873674504379895,0.5209424083769633,7.15141825170654
23206,23208,0.04633471645919779,0.5012468827930174,7.129209762479048
23208,23206,0.04633471645919779,0.659016393442623,7.129209762479048
22867,22866,0.04149377593360996,0.5405405405405405,7.127248829376488
22866,22867,0.04149377593360996,0.547112462006079,7.127248829376488
22866,22633,0.03734439834024896,0.49240121580547114,7.120121580547112
22633,22866,0.03734439834024896,0.5399999999999999,7.120121580547112
23200,23202,0.03734439834024896,0.6183206106870229,7.1147872922024025
23202,23200,0.03734439834024896,0.4297082228116711,7.114787292202402
22632,22866,0.03227293683725219,0.5384615384615385,7.099836333878889
22866,22632,0.03227293683725219,0.4255319148936171,7.099836333878888
21928,22411,0.03734439834024896,0.6136363636363636,7.098545454545455
22411,21928,0.03734439834024896,0.432,7.098545454545454
23173,22697,0.036191793453204245,0.6330645161290324,7.0962115528882235
22697,23173,0.036191793453204245,0.40568475452196384,7.096211552888223
22147,22150,0.03112033195020747,0.47038327526132406,7.085148083623694
22150,22147,0.03112033195020747,0.46875,7.085148083623693
21181,21166,0.038497003227293686,0.4626038781163435,6.9922495584275195
21166,21181,0.038497003227293686,0.5818815331010453,6.9922495584275195
21928,85099F,0.03065928999538958,0.5037878787878788,6.9378787878787875
85099F,21928,0.03065928999538958,0.42222222222222217,6.937878787878787
22835,22114,0.03780544029506685,0.5189873417721518,6.927283349561829
22114,22835,0.03780544029506685,0.5046153846153846,6.927283349561829
22865,23439,0.036883356385431075,0.4266666666666667,6.906268656716418
23439,22865,0.036883356385431075,0.5970149253731343,6.906268656716417
23208,23207,0.042185338865836794,0.6000000000000001,6.90397877984085
23207,23208,0.042185338865836794,0.48541114058355445,6.90397877984085
22385,22386,0.033656062701705854,0.5910931174089069,6.892908449784511
22386,22385,0.033656062701705854,0.3924731182795699,6.89290844978451
21181,21175,0.045182111572153065,0.5429362880886427,6.866640284922834
21175,21181,0.045182111572153065,0.5714285714285714,6.866640284922833
85099C,85099F,0.03503918856615952,0.49673202614379086,6.840709617180205
85099F,85099C,0.03503918856615952,0.4825396825396825,6.840709617180205
22112,22114,0.04495159059474412,0.5104712041884817,6.813612565445027
22114,22112,0.04495159059474412,0.6,6.813612565445025
22557,22553,0.03204241585984324,0.4412698412698412,6.812201321809861
22553,22557,0.03204241585984324,0.49466192170818496,6.8122013218098605
23439,22867,0.03227293683725219,0.5223880597014926,6.805163372327552
22867,23439,0.03227293683725219,0.42042042042042044,6.805163372327551
84992,21975,0.033656062701705854,0.4492307692307692,6.790115250603055
21975,84992,0.033656062701705854,0.5087108013937282,6.790115250603055
22632,22867,0.03112033195020747,0.5192307692307693,6.764033264033264
22867,22632,0.03112033195020747,0.4054054054054054,6.764033264033263
23581,22411,0.030889810972798526,0.582608695652174,6.739617391304349
22411,23581,0.030889810972798526,0.35733333333333334,6.739617391304348
85099F,22386,0.041954817888427844,0.5777777777777777,6.73763440860215
22386,85099F,0.041954817888427844,0.48924731182795694,6.737634408602149
21929,85099F,0.03434762563393269,0.48376623376623384,6.6621521335807055
85099F,21929,0.03434762563393269,0.473015873015873,6.6621521335807055
22555,22551,0.035269709543568464,0.5204081632653061,6.659382337005599
22551,22555,0.035269709543568464,0.45132743362831856,6.6593823370055985
22382,22662,0.053711387736284005,0.4755102040816327,6.6540750493745895
22662,22382,0.053711387736284005,0.7516129032258065,6.6540750493745895
22147,22149,0.03411710465652374,0.5156794425087108,6.638033891996401
22149,22147,0.03411710465652374,0.4391691394658753,6.638033891996401
22555,22557,0.03250345781466114,0.47959183673469397,6.60466472303207
22557,22555,0.03250345781466114,0.44761904761904764,6.60466472303207
22553,22554,0.034578146611341634,0.5338078291814946,6.597317273473856
22554,22553,0.034578146611341634,0.42735042735042733,6.597317273473856
23199,23202,0.04541263254956201,0.5726744186046512,6.589553389673679
23202,23199,0.04541263254956201,0.5225464190981433,6.589553389673679
22632,22865,0.03411710465652374,0.5692307692307692,6.5848615384615385
22865,22632,0.03411710465652374,0.3946666666666666,6.584861538461538
23202,23208,0.039880129091747346,0.4588859416445623,6.526712179849545
23208,23202,0.039880129091747346,0.5672131147540983,6.526712179849545
22633,22865,0.03895804518211157,0.5633333333333334,6.516640000000001
22865,22633,0.03895804518211157,0.45066666666666666,6.51664
22386,21928,0.0338865836791148,0.3951612903225806,6.493218475073314
21928,22386,0.0338865836791148,0.5568181818181818,6.493218475073313
23207,23206,0.05186721991701245,0.596816976127321,6.456339257955906
23206,23207,0.05186721991701245,0.5610972568578554,6.456339257955906
23201,23200,0.03550023052097741,0.3888888888888889,6.438931297709924
23200,23201,0.03550023052097741,0.5877862595419847,6.438931297709924
21929,22411,0.03941908713692946,0.5551948051948052,6.422493506493507
22411,21929,0.03941908713692946,0.456,6.422493506493507
23208,23209,0.04863992623328723,0.6918032786885246,6.398811562794925
23209,23208,0.04863992623328723,0.44989339019189767,6.398811562794925
22386,21929,0.03895804518211157,0.4543010752688172,6.398565144532887
21929,22386,0.03895804518211157,0.5487012987012987,6.398565144532887
22662,20726,0.039188566159520516,0.5483870967741936,6.394901144641
20726,22662,0.039188566159520516,0.45698924731182794,6.394901144640999
85099C,21931,0.034578146611341634,0.4901960784313726,6.38579756226815
21931,85099C,0.034578146611341634,0.45045045045045046,6.38579756226815
23206,23199,0.046795758414015676,0.5062344139650873,6.383851417966712
23199,23206,0.046795758414015676,0.5901162790697675,6.383851417966711
21929,85099C,0.031581373905025356,0.4448051948051948,6.305767761650115
85099C,21929,0.031581373905025356,0.44771241830065356,6.305767761650114
20712,20726,0.030889810972798526,0.5403225806451614,6.300858480749221
20726,20712,0.030889810972798526,0.3602150537634409,6.30085848074922
23201,22385,0.03273397879207008,0.3585858585858586,6.297754876702246
22385,23201,0.03273397879207008,0.5748987854251012,6.297754876702245
22867,22633,0.03342554172429691,0.4354354354354354,6.296396396396395
22633,22867,0.03342554172429691,0.4833333333333333,6.296396396396395
23202,22385,0.03112033195020747,0.3580901856763926,6.2890494958064425
22385,23202,0.03112033195020747,0.5465587044534413,6.2890494958064425
20712,22386,0.03065928999538958,0.5362903225806451,6.2538371488033295
22386,20712,0.03065928999538958,0.35752688172043007,6.2538371488033295
20727,21930,0.03342554172429691,0.3165938864628821,6.242655815799921
21930,20727,0.03342554172429691,0.6590909090909091,6.24265581579992
22557,22554,0.03665283540802213,0.5047619047619047,6.2383394383394375
22554,22557,0.03665283540802213,0.452991452991453,6.2383394383394375
82482,82483,0.03273397879207008,0.3463414634146342,6.234146341463416
82483,82482,0.03273397879207008,0.5892116182572614,6.234146341463415
22386,85099C,0.037574919317657905,0.4381720430107527,6.211733080328906
85099C,22386,0.037574919317657905,0.5326797385620915,6.211733080328906
20726,22382,0.06016597510373444,0.7016129032258065,6.211421988150099
22382,20726,0.06016597510373444,0.5326530612244899,6.211421988150099
85099F,23199,0.03573075149838635,0.492063492063492,6.205149501661129
23199,85099F,0.03573075149838635,0.45058139534883723,6.205149501661129
22617,22138,0.05624711848778239,0.8243243243243245,6.154765781271807
22138,22617,0.05624711848778239,0.4199655765920826,6.154765781271806
23583,23209,0.03573075149838635,0.6652360515021458,6.153078872955882
23209,23583,0.03573075149838635,0.33049040511727074,6.153078872955882
22383,22662,0.0437989857076994,0.43778801843317966,6.126207819235915
22662,22383,0.0437989857076994,0.6129032258064516,6.126207819235915
20726,23208,0.036883356385431075,0.43010752688172044,6.117398202009519
23208,20726,0.036883356385431075,0.5245901639344263,6.117398202009519
23206,20726,0.048409405255878286,0.5236907730673317,6.106910143994852
20726,23206,0.048409405255878286,0.5645161290322581,6.106910143994852
22551,22553,0.030889810972798526,0.3952802359882006,6.102226561269801
22553,22551,0.030889810972798526,0.4768683274021352,6.102226561269801
22386,23200,0.031581373905025356,0.3682795698924731,6.097697611425757
23200,22386,0.031581373905025356,0.5229007633587786,6.097697611425756
22150,22149,0.03135085292761641,0.4722222222222222,6.078635014836795
22149,22150,0.03135085292761641,0.4035608308605341,6.078635014836795
82483,82494L,0.030428769017980636,0.5477178423236515,6.061224489795919
82494L,82483,0.030428769017980636,0.336734693877551,6.061224489795919
23207,22662,0.037574919317657905,0.4323607427055703,6.050260973731497
22662,23207,0.037574919317657905,0.5258064516129032,6.050260973731496
23199,23208,0.033656062701705854,0.42441860465116277,6.036484940907358
23208,23199,0.033656062701705854,0.4786885245901639,6.036484940907358
23208,22383,0.042185338865836794,0.6000000000000001,5.997235023041475
22383,23208,0.042185338865836794,0.4216589861751152,5.997235023041474
21975,84991,0.03780544029506685,0.5714285714285714,5.987577639751553
84991,21975,0.03780544029506685,0.3961352657004831,5.987577639751552
22722,23243,0.03434762563393269,0.37913486005089064,5.980680083275504
23243,22722,0.03434762563393269,0.5418181818181819,5.980680083275503
22411,85099C,0.03642231443061319,0.4213333333333334,5.973019607843138
85099C,22411,0.03642231443061319,0.5163398692810458,5.973019607843138
22383,20728,0.06592899953895805,0.6589861751152074,5.968020934550668
20728,22383,0.06592899953895805,0.5970772442588727,5.968020934550667
23200,23203,0.041954817888427844,0.6946564885496183,5.967168014511374
23203,23200,0.041954817888427844,0.3603960396039604,5.967168014511374
23199,23201,0.04310742277547257,0.5436046511627908,5.954941860465118
23201,23199,0.04310742277547257,0.47222222222222227,5.954941860465117
20727,22384,0.06431535269709543,0.6091703056768558,5.951758527086038
22384,20727,0.06431535269709543,0.6283783783783783,5.951758527086037
23199,21931,0.036191793453204245,0.4563953488372094,5.945474544311755
21931,23199,0.036191793453204245,0.4714714714714715,5.945474544311755
22667,22666,0.034578146611341634,0.6437768240343348,5.929307564035975
22666,22667,0.034578146611341634,0.3184713375796178,5.929307564035974
22386,21931,0.03895804518211157,0.4543010752688172,5.918192385934321
21931,22386,0.03895804518211157,0.5075075075075075,5.918192385934321
21790,21791,0.04817888427846934,0.4654788418708241,5.90423162583519
21791,21790,0.04817888427846934,0.6111111111111112,5.90423162583519
84991,84992,0.042185338865836794,0.44202898550724645,5.900066889632108
84992,84991,0.042185338865836794,0.5630769230769231,5.900066889632108
22551,22557,0.03342554172429691,0.4277286135693215,5.8904340497260845
22557,22551,0.03342554172429691,0.4603174603174603,5.8904340497260845
21931,21929,0.03204241585984324,0.41741741741741734,5.879080379080378
21929,21931,0.03204241585984324,0.45129870129870125,5.879080379080378
85099F,21931,0.03273397879207008,0.4507936507936508,5.8725010725010724
21931,85099F,0.03273397879207008,0.4264264264264264,5.872501072501072
22077,85049E,0.0318118948824343,0.3341404358353511,5.844762946184488
85049E,22077,0.0318118948824343,0.5564516129032258,5.844762946184487
20727,22383,0.06154910096818811,0.5829694323144106,5.827007828064316
22383,20727,0.06154910096818811,0.6152073732718893,5.827007828064314
23581,23203,0.035961272475795295,0.6782608695652174,5.8263280241067585
23203,23581,0.035961272475795295,0.30891089108910885,5.826328024106758
22384,20728,0.06546795758414016,0.6396396396396397,5.792811600744796
20728,22384,0.06546795758414016,0.592901878914405,5.792811600744796
22470,22694,0.0338865836791148,0.3030927835051546,5.766739012479652
22694,22470,0.0338865836791148,0.644736842105263,5.766739012479651
22382,22383,0.06500691562932227,0.5755102040816327,5.75244992006019
22383,22382,0.06500691562932227,0.6497695852534562,5.752449920060189
22909,22952,0.038497003227293686,0.453804347826087,5.739368107491444
22952,22909,0.038497003227293686,0.48688046647230326,5.739368107491444
23206,23200,0.03204241585984324,0.3466334164588528,5.739296796177494
23200,23206,0.03204241585984324,0.5305343511450381,5.739296796177494
22383,23207,0.04979253112033195,0.49769585253456217,5.726802674522363
23207,22383,0.04979253112033195,0.572944297082228,5.726802674522362
21931,23201,0.040110650069156296,0.5225225225225225,5.723996723996724
23201,21931,0.040110650069156296,0.43939393939393945,5.723996723996724
20726,20728,0.05417242969110189,0.6317204301075269,5.721092329449795
20728,20726,0.05417242969110189,0.4906054279749478,5.721092329449795
20726,22383,0.04887044721069617,0.5698924731182796,5.6962984985877805
22383,20726,0.04887044721069617,0.48847926267281105,5.6962984985877805
22386,23199,0.03872752420470263,0.45161290322580644,5.695048762190548
23199,22386,0.03872752420470263,0.48837209302325585,5.695048762190548
23203,23199,0.05255878284923928,0.4514851485148515,5.693437715864611
23199,23203,0.05255878284923928,0.6627906976744187,5.693437715864611
23344,23200,0.030889810972798526,0.34271099744245526,5.674352316432714
23200,23344,0.030889810972798526,0.5114503816793893,5.674352316432713
21936,20725,0.03573075149838635,0.695067264573991,5.667672544590175
20725,21936,0.03573075149838635,0.2913533834586466,5.667672544590174
85099C,23199,0.031581373905025356,0.44771241830065356,5.645861833105335
23199,85099C,0.031581373905025356,0.39825581395348836,5.645861833105335
23201,23202,0.04472106961733518,0.48989898989898994,5.637087050880155
23202,23201,0.04472106961733518,0.5145888594164456,5.6370870508801545
20726,23207,0.041954817888427844,0.48924731182795694,5.629588431590656
23207,20726,0.041954817888427844,0.48275862068965514,5.629588431590656
23206,23209,0.056016597510373446,0.6059850374064838,5.605038576267221
23209,23206,0.056016597510373446,0.5181236673773987,5.60503857626722
20727,20726,0.05071461502996773,0.48034934497816595,5.601493168051839
20726,20727,0.05071461502996773,0.5913978494623656,5.601493168051839
22383,23206,0.0516366989396035,0.5161290322580645,5.583460703081006
23206,22383,0.0516366989396035,0.5586034912718204,5.583460703081006
23207,20728,0.05325034578146611,0.6127320954907162,5.549126994235338
20728,23207,0.05325034578146611,0.4822546972860125,5.549126994235338
23170,23245,0.03112033195020747,0.6026785714285715,5.539024667070218
23245,23170,0.03112033195020747,0.2860169491525424,5.539024667070218
23203,23202,0.056016597510373446,0.48118811881188117,5.5368542689812745
23202,23203,0.056016597510373446,0.6445623342175066,5.5368542689812745
20727,22662,0.0417242969110189,0.3951965065502183,5.530201436822088
22662,20727,0.0417242969110189,0.5838709677419355,5.530201436822088
21975,21977,0.034578146611341634,0.5226480836236934,5.529871675023371
21977,21975,0.034578146611341634,0.3658536585365854,5.529871675023371
20727,23208,0.04103273397879207,0.388646288209607,5.527697043453362
23208,20727,0.04103273397879207,0.5836065573770491,5.527697043453361
20727,23207,0.05071461502996773,0.48034934497816595,5.5272028077328486
23207,20727,0.05071461502996773,0.583554376657825,5.5272028077328486
22382,22385,0.03550023052097741,0.3142857142857143,5.5197223828802775
22385,22382,0.03550023052097741,0.6234817813765182,5.5197223828802775
22326,20726,0.03065928999538958,0.4733096085409252,5.519400757662725
20726,22326,0.03065928999538958,0.35752688172043007,5.519400757662724
22384,22662,0.04034117104656524,0.39414414414414417,5.515475152571928
22662,22384,0.04034117104656524,0.5645161290322581,5.515475152571927
23355,23356,0.0437989857076994,0.4008438818565401,5.502723922448325
23356,23355,0.0437989857076994,0.60126582278481,5.502723922448324
23202,21931,0.03665283540802213,0.4217506631299735,5.494157287260736
21931,23202,0.03665283540802213,0.4774774774774775,5.494157287260736
23201,23207,0.043568464730290454,0.4772727272727273,5.49180130214613
23207,23201,0.043568464730290454,0.5013262599469496,5.49180130214613
23173,23245,0.03411710465652374,0.596774193548387,5.484759431383269
23245,23173,0.03411710465652374,0.31355932203389825,5.484759431383269
20725,20726,0.05763024435223606,0.46992481203007525,5.479929662866845
20726,20725,0.05763024435223606,0.6720430107526882,5.479929662866845
22720,23243,0.051175656984785614,0.346875,5.471795454545455
23243,22720,0.051175656984785614,0.8072727272727273,5.471795454545454
20725,22662,0.0479483633010604,0.3909774436090226,5.471161775406259
22662,20725,0.0479483633010604,0.6709677419354839,5.471161775406258
20728,23208,0.04241585984324574,0.384133611691023,5.463513467264452
23208,20728,0.04241585984324574,0.6032786885245902,5.463513467264452
22383,21931,0.041954817888427844,0.4193548387096774,5.462946817785527
21931,22383,0.041954817888427844,0.5465465465465464,5.462946817785526
85099F,23201,0.036191793453204245,0.4984126984126984,5.459884559884561
23201,85099F,0.036191793453204245,0.3964646464646465,5.45988455988456
22383,22384,0.0557860765329645,0.5576036866359447,5.447938722132271
22384,22383,0.0557860765329645,0.5450450450450451,5.447938722132271
23209,23207,0.051175656984785614,0.47334754797441364,5.446635711175084
23207,23209,0.051175656984785614,0.5888594164456233,5.446635711175083
23355,22114,0.044490548639926235,0.40717299578059074,5.434819863680624
22114,23355,0.044490548639926235,0.5938461538461539,5.434819863680624
23203,21928,0.038497003227293686,0.3306930693069307,5.433888388838884
21928,23203,0.038497003227293686,0.6325757575757576,5.433888388838883
20725,22384,0.06800368833563854,0.5545112781954887,5.417725055882951
22384,20725,0.06800368833563854,0.6644144144144144,5.417725055882951
22470,23322,0.04887044721069617,0.43711340206185567,5.417708394698085
23322,22470,0.04887044721069617,0.6057142857142856,5.417708394698084
21929,23201,0.03503918856615952,0.4935064935064935,5.406139315230225
23201,21929,0.03503918856615952,0.38383838383838387,5.406139315230225
22662,20728,0.04264638082065468,0.5967741935483871,5.404606370799381
20728,22662,0.04264638082065468,0.3862212943632568,5.404606370799381
22411,21931,0.03573075149838635,0.41333333333333333,5.384504504504504
21931,22411,0.03573075149838635,0.4654654654654654,5.384504504504504
20726,22384,0.04725680036883356,0.5510752688172043,5.384154315605929
22384,20726,0.04725680036883356,0.4617117117117117,5.384154315605929
21977,22417,0.031581373905025356,0.33414634146341465,5.368617886178862
22417,21977,0.031581373905025356,0.5074074074074074,5.368617886178862
20727,23583,0.030428769017980636,0.28820960698689957,5.365893884588713
23583,20727,0.030428769017980636,0.5665236051502145,5.365893884588713
21485,22111,0.04495159059474412,0.5256064690026954,5.3648961471381
22111,21485,0.04495159059474412,0.4588235294117647,5.3648961471381
23207,22384,0.04771784232365145,0.5490716180371352,5.364578105957416
22384,23207,0.04771784232365145,0.4662162162162162,5.364578105957416
22417,84991,0.0318118948824343,0.5111111111111111,5.355555555555555
84991,22417,0.0318118948824343,0.3333333333333333,5.355555555555555
22382,23207,0.05255878284923928,0.4653061224489796,5.354105992529639
23207,22382,0.05255878284923928,0.6047745358090186,5.354105992529639
20727,20725,0.06915629322268327,0.6550218340611355,5.341136684506026
20725,20727,0.06915629322268327,0.5639097744360902,5.341136684506025
23208,22382,0.04241585984324574,0.6032786885245902,5.340863164938106
22382,23208,0.04241585984324574,0.37551020408163266,5.340863164938106
23206,22662,0.035269709543568464,0.38154613466334164,5.339184297321213
22662,23206,0.035269709543568464,0.49354838709677423,5.339184297321213
21977,84992,0.03780544029506685,0.39999999999999997,5.339076923076923
84992,21977,0.03780544029506685,0.5046153846153846,5.339076923076923
85099B,85099F,0.056708160442600276,0.3874015748031496,5.335073115860516
85099F,85099B,0.056708160442600276,0.7809523809523808,5.335073115860516
22411,85099F,0.03342554172429691,0.38666666666666666,5.32495238095238
85099F,22411,0.03342554172429691,0.4603174603174603,5.32495238095238
23201,23343,0.03204241585984324,0.351010101010101,5.324062301335029
23343,23201,0.03204241585984324,0.48601398601398593,5.324062301335028
20725,22383,0.06523743660673122,0.5319548872180452,5.31709746717023
22383,20725,0.06523743660673122,0.652073732718894,5.31709746717023
23206,20728,0.05417242969110189,0.5860349127182045,5.307347497644199
20728,23206,0.05417242969110189,0.4906054279749478,5.307347497644199
23084,21731,0.033656062701705854,0.3244444444444444,5.291127819548872
21731,23084,0.033656062701705854,0.5488721804511278,5.291127819548872
23206,22384,0.0500230520977409,0.5411471321695761,5.287153737278426
22384,23206,0.0500230520977409,0.4887387387387388,5.287153737278426
22385,23203,0.03503918856615952,0.6153846153846154,5.286214775323686
23203,22385,0.03503918856615952,0.300990099009901,5.286214775323686
20725,23208,0.04541263254956201,0.37030075187969924,5.2667693824725745
23208,20725,0.04541263254956201,0.6459016393442623,5.2667693824725745
23208,22384,0.03780544029506685,0.5377049180327869,5.25352237483385
22384,23208,0.03780544029506685,0.36936936936936937,5.25352237483385
20725,20728,0.07100046104195482,0.5789473684210527,5.2431600922975505
20728,20725,0.07100046104195482,0.6430062630480167,5.24316009229755
21977,84991,0.04725680036883356,0.5,5.239130434782609
84991,21977,0.04725680036883356,0.4951690821256039,5.239130434782609
85099B,22386,0.0656984785615491,0.44881889763779526,5.233807467614935
22386,85099B,0.0656984785615491,0.7661290322580645,5.233807467614935
20728,22382,0.06523743660673122,0.5908141962421712,5.230514251629671
22382,20728,0.06523743660673122,0.5775510204081633,5.230514251629671
21930,85099B,0.03872752420470263,0.7636363636363637,5.216778811739442
85099B,21930,0.03872752420470263,0.26456692913385826,5.216778811739442
22386,23201,0.04080221300138313,0.47580645161290325,5.212243401759531
23201,22386,0.04080221300138313,0.446969696969697,5.212243401759531
22551,22629,0.030198248040571692,0.3864306784660767,5.2060133018193815
22629,22551,0.030198248040571692,0.40683229813664595,5.206013301819381
23202,85099F,0.03273397879207008,0.37665782493368705,5.187116331943918
85099F,23202,0.03273397879207008,0.4507936507936508,5.187116331943918
20728,20727,0.060396496081143385,0.546972860125261,5.180716740662407
20727,20728,0.060396496081143385,0.5720524017467249,5.180716740662406
85099B,22385,0.04310742277547257,0.2944881889763779,5.172023335139787
22385,85099B,0.04310742277547257,0.757085020242915,5.172023335139787
23583,20728,0.03065928999538958,0.5708154506437768,5.169514456978505
20728,23583,0.03065928999538958,0.2776617954070981,5.169514456978504
23202,21929,0.0318118948824343,0.3660477453580902,5.155568569361673
21929,23202,0.0318118948824343,0.44805194805194803,5.155568569361673
20727,22382,0.06131857999077916,0.5807860262008734,5.141734248284466
22382,20727,0.06131857999077916,0.5428571428571428,5.141734248284466
23344,23199,0.03665283540802213,0.40664961636828645,5.128040801760543
23199,23344,0.03665283540802213,0.46220930232558144,5.128040801760543
20725,23206,0.058091286307053944,0.4736842105263158,5.124294526840793
23206,20725,0.058091286307053944,0.6284289276807979,5.124294526840792
21136,84879,0.04771784232365145,0.7992277992277992,5.113643352581406
84879,21136,0.04771784232365145,0.3053097345132743,5.113643352581405
22382,22384,0.058782849239280774,0.5204081632653061,5.084528405956978
22384,22382,0.058782849239280774,0.5743243243243243,5.084528405956977
85099C,23201,0.03273397879207008,0.46405228758169936,5.083481877599525
23201,85099C,0.03273397879207008,0.3585858585858586,5.083481877599525
20727,23206,0.049562010142923,0.46943231441048033,5.078297705517865
23206,20727,0.049562010142923,0.5361596009975061,5.078297705517864
23344,23201,0.0417242969110189,0.4629156010230179,5.071029993024878
23201,23344,0.0417242969110189,0.45707070707070707,5.071029993024878
23582,85099B,0.0318118948824343,0.7419354838709676,5.068529337058673
85099B,23582,0.0318118948824343,0.21732283464566926,5.068529337058673
22966,84380,0.0338865836791148,0.3788659793814433,5.056986518636003
84380,22966,0.0338865836791148,0.4523076923076923,5.056986518636003
23203,23209,0.06339326878745966,0.5445544554455445,5.036838438641305
23209,23203,0.06339326878745966,0.5863539445628997,5.036838438641304
22382,20725,0.06961733517750116,0.616326530612245,5.025609943225411
20725,22382,0.06961733517750116,0.5676691729323309,5.025609943225411
85099C,85099B,0.05186721991701245,0.7352941176470589,5.023158869847151
85099B,85099C,0.05186721991701245,0.3543307086614173,5.023158869847151
23203,21929,0.04149377593360996,0.3564356435643564,5.0201877330590206
21929,23203,0.04149377593360996,0.5844155844155844,5.02018773305902
21212,21976,0.03065928999538958,0.20944881889763778,5.01982859877322
21976,21212,0.03065928999538958,0.7348066298342542,5.01982859877322
20713,85099B,0.03503918856615952,0.7342995169082126,5.016364258815474
85099B,20713,0.03503918856615952,0.23937007874015748,5.016364258815474
22835,23355,0.039880129091747346,0.5474683544303797,5.010374939913475
23355,22835,0.039880129091747346,0.3649789029535865,5.010374939913475
85099C,23202,0.03065928999538958,0.434640522875817,5.001248244655953
23202,85099C,0.03065928999538958,0.35278514588859416,5.001248244655953
23284,48138,0.03135085292761641,0.3597883597883598,4.9864597596227
48138,23284,0.03135085292761641,0.4345047923322684,4.9864597596227
22382,23583,0.030198248040571692,0.2673469387755102,4.977472190592975
23583,22382,0.030198248040571692,0.5622317596566523,4.977472190592975
23199,22411,0.03411710465652374,0.43023255813953487,4.976930232558139
22411,23199,0.03411710465652374,0.3946666666666666,4.976930232558139
20726,23209,0.046104195481788846,0.5376344086021506,4.972831694064242
23209,20726,0.046104195481788846,0.4264392324093817,4.972831694064241
22411,23202,0.03734439834024896,0.432,4.970864721485412
23202,22411,0.03734439834024896,0.4297082228116711,4.970864721485412
23206,22382,0.05186721991701245,0.5610972568578554,4.967428367855871
22382,23206,0.05186721991701245,0.45918367346938777,4.96742836785587
85099B,23199,0.05763024435223606,0.3937007874015748,4.964750045779162
23199,85099B,0.05763024435223606,0.7267441860465117,4.964750045779161
21977,23307,0.03941908713692946,0.4170731707317073,4.943342662934826
23307,21977,0.03941908713692946,0.4672131147540983,4.943342662934826
22112,22111,0.04264638082065468,0.48429319371727747,4.943209116107176
22111,22112,0.04264638082065468,0.43529411764705883,4.943209116107176
23207,20725,0.05255878284923928,0.6047745358090186,4.931413414172035
20725,23207,0.05255878284923928,0.4285714285714286,4.931413414172035
22910,22086,0.07538035961272475,0.6957446808510638,4.923556974766582
22086,22910,0.07538035961272475,0.533442088091354,4.923556974766582
85099B,21928,0.0437989857076994,0.2992125984251968,4.916607015032212
21928,85099B,0.0437989857076994,0.7196969696969696,4.916607015032211
22966,84378,0.03803596127247579,0.4252577319587628,4.906297982013599
84378,22966,0.03803596127247579,0.43882978723404253,4.906297982013599
23203,23201,0.052097740894421395,0.44752475247524753,4.902430243024303
23201,23203,0.052097740894421395,0.5707070707070707,4.902430243024303
23209,22662,0.03780544029506685,0.34968017057569295,4.893266386959214
22662,23209,0.03780544029506685,0.5290322580645161,4.893266386959213
22384,22386,0.042876901798063624,0.4189189189189189,4.885135135135135
22386,22384,0.042876901798063624,0.5,4.885135135135135
22835,22111,0.03480866758875058,0.4778481012658228,4.877423678332092
22111,22835,0.03480866758875058,0.3552941176470588,4.877423678332092
21485,22112,0.03665283540802213,0.4285714285714286,4.866866118175019
22112,21485,0.03665283540802213,0.41623036649214656,4.866866118175018
23200,85099B,0.042876901798063624,0.7099236641221374,4.849840716475326
85099B,23200,0.042876901798063624,0.2929133858267716,4.849840716475326
23307,84991,0.03895804518211157,0.4617486338797814,4.83832264195771
84991,23307,0.03895804518211157,0.40821256038647347,4.83832264195771
21213,84991,0.03135085292761641,0.46101694915254243,4.830655858511423
84991,21213,0.03135085292761641,0.3285024154589372,4.830655858511423
22411,22386,0.03573075149838635,0.41333333333333333,4.82
22386,22411,0.03573075149838635,0.41666666666666663,4.819999999999999
22470,22469,0.07100046104195482,0.6350515463917525,4.807772440222378
22469,22470,0.07100046104195482,0.537521815008726,4.807772440222378
23343,23203,0.036883356385431075,0.5594405594405595,4.805649795748806
23203,23343,0.036883356385431075,0.31683168316831684,4.805649795748805
85099F,23203,0.04057169202397418,0.5587301587301587,4.7995473833097595
23203,85099F,0.04057169202397418,0.34851485148514855,4.7995473833097595
23203,22411,0.04817888427846934,0.4138613861386139,4.787548514851486
22411,23203,0.04817888427846934,0.5573333333333333,4.787548514851485
23207,23199,0.03296449976947902,0.37931034482758624,4.783279871692062
23199,23207,0.03296449976947902,0.41569767441860467,4.783279871692061
85099B,23581,0.03711387736284002,0.25354330708661416,4.782047244094488
23581,85099B,0.03711387736284002,0.7000000000000001,4.782047244094488
22111,23356,0.03411710465652374,0.34823529411764703,4.780521221146686
23356,22111,0.03411710465652374,0.4683544303797468,4.780521221146686
23202,23344,0.03734439834024896,0.4297082228116711,4.767453377383706
23344,23202,0.03734439834024896,0.41432225063938616,4.767453377383706
20725,23583,0.03135085292761641,0.2556390977443609,4.759495304785569
23583,20725,0.03135085292761641,0.5836909871244634,4.759495304785569
22629,22382,0.039880129091747346,0.5372670807453416,4.756458359741412
22382,22629,0.039880129091747346,0.3530612244897959,4.756458359741411
23209,22384,0.05255878284923928,0.4861407249466951,4.749726272114332
22384,23209,0.05255878284923928,0.5135135135135135,4.749726272114331
23355,22112,0.04564315352697095,0.4177215189873417,4.743654317714891
22112,23355,0.04564315352697095,0.5183246073298429,4.743654317714891
85099B,20712,0.0396496081143384,0.27086614173228346,4.737973075946152
20712,85099B,0.0396496081143384,0.6935483870967741,4.737973075946151
22386,23202,0.035269709543568464,0.41129032258064513,4.732566099084453
23202,22386,0.035269709543568464,0.40583554376657827,4.732566099084453
22411,23201,0.03711387736284002,0.42933333333333334,4.703151515151515
23201,22411,0.03711387736284002,0.4065656565656566,4.703151515151515
22720,22722,0.06270170585523283,0.425,4.691221374045802
22722,22720,0.06270170585523283,0.6921119592875318,4.691221374045801
21485,22113,0.03112033195020747,0.3638814016172507,4.684028249898022
22113,21485,0.03112033195020747,0.40059347181008903,4.684028249898022
85099B,21929,0.04863992623328723,0.33228346456692914,4.680018406790061
21929,85099B,0.04863992623328723,0.685064935064935,4.68001840679006
20725,20723,0.030428769017980636,0.2481203007518797,4.679764628963714
20723,20725,0.030428769017980636,0.5739130434782609,4.679764628963714
23208,23203,0.03826648224988474,0.5442622950819672,4.675267002110047
23203,23208,0.03826648224988474,0.3287128712871287,4.675267002110047
21212,21975,0.045182111572153065,0.30866141732283464,4.665411945458037
21975,21212,0.045182111572153065,0.6829268292682926,4.665411945458037
20725,22385,0.03250345781466114,0.26503759398496246,4.654789808529422
22385,20725,0.03250345781466114,0.5708502024291499,4.654789808529421
22383,23209,0.05025357307514984,0.5023041474654378,4.6460456113114486
23209,22383,0.05025357307514984,0.464818763326226,4.646045611311448
85099B,21931,0.052097740894421395,0.35590551181102364,4.636390721430091
21931,85099B,0.052097740894421395,0.6786786786786787,4.636390721430091
23209,20725,0.06131857999077916,0.5671641791044776,4.6247334754797444
20725,23209,0.06131857999077916,0.5,4.624733475479744
23344,22386,0.03573075149838635,0.39641943734015345,4.622762148337596
22386,23344,0.03573075149838635,0.41666666666666663,4.622762148337595
21212,22951,0.036883356385431075,0.25196850393700787,4.611980464467258
22951,21212,0.036883356385431075,0.6751054852320675,4.6119804644672575
20712,23203,0.03065928999538958,0.5362903225806451,4.606786969019482
23203,20712,0.03065928999538958,0.2633663366336633,4.606786969019482
22804,85123A,0.052789303826648225,0.9087301587301587,4.605223631508679
85123A,22804,0.052789303826648225,0.2675233644859813,4.605223631508678
21212,22417,0.041954817888427844,0.2866141732283464,4.6049343832020995
22417,21212,0.041954817888427844,0.674074074074074,4.6049343832020995
20728,23209,0.05486399262332872,0.4968684759916493,4.595768547658368
23209,20728,0.05486399262332872,0.5074626865671642,4.595768547658368
22386,23203,0.045873674504379895,0.5349462365591398,4.595241137016927
23203,22386,0.045873674504379895,0.394059405940594,4.595241137016927
23199,23209,0.039188566159520516,0.49418604651162795,4.570957504834631
23209,23199,0.039188566159520516,0.3624733475479744,4.570957504834631
21977,21212,0.06316274781005071,0.6682926829268293,4.565438832341079
21212,21977,0.06316274781005071,0.43149606299212595,4.565438832341079
21212,21210,0.037574919317657905,0.2566929133858267,4.5636633535562146
21210,21212,0.037574919317657905,0.6680327868852458,4.5636633535562146
23209,22382,0.05555555555555555,0.5138592750533049,4.54922762281885
22382,23209,0.05555555555555555,0.4918367346938775,4.54922762281885
21212,21213,0.045182111572153065,0.30866141732283464,4.538892299479515
21213,21212,0.045182111572153065,0.664406779661017,4.538892299479515
23206,23202,0.03642231443061319,0.3940149625935162,4.533784901142369
23202,23206,0.03642231443061319,0.4190981432360743,4.533784901142369
23243,22666,0.03112033195020747,0.49090909090909096,4.521366531557614
22666,23243,0.03112033195020747,0.28662420382165604,4.521366531557614
23203,85099C,0.03711387736284002,0.3188118811881188,4.519627256843331
85099C,23203,0.03711387736284002,0.5261437908496732,4.519627256843331
23344,23203,0.04725680036883356,0.5242966751918159,4.503760350459599
23203,23344,0.04725680036883356,0.4059405940594059,4.503760350459598
23209,20727,0.05140617796219456,0.4754797441364605,4.503561419353637
20727,23209,0.05140617796219456,0.48689956331877726,4.503561419353637
23321,22469,0.0516366989396035,0.5925925925925926,4.486329261198371
22469,23321,0.0516366989396035,0.39092495636998253,4.486329261198371
47566B,47566,0.03227293683725219,0.7291666666666667,4.467690677966102
22111,22114,0.03273397879207008,0.3341176470588236,4.459699547511313
22114,22111,0.03273397879207008,0.43692307692307697,4.459699547511312
23355,23503,0.0318118948824343,0.2911392405063291,4.447049384917097
23503,23355,0.0318118948824343,0.48591549295774644,4.447049384917097
23243,23245,0.03065928999538958,0.48363636363636364,4.444946070878275
23245,23243,0.03065928999538958,0.2817796610169491,4.444946070878274
21212,84991,0.062010142923005995,0.42362204724409447,4.438822321122903
84991,21212,0.062010142923005995,0.6497584541062803,4.438822321122903
23203,21931,0.0396496081143384,0.34059405940594056,4.436928017126037
21931,23203,0.0396496081143384,0.5165165165165164,4.436928017126036
22111,22866,0.03296449976947902,0.33647058823529413,4.436502771321295
22866,22111,0.03296449976947902,0.4346504559270517,4.436502771321295
21889,21790,0.03550023052097741,0.4583333333333333,4.428173719376392
21790,21889,0.03550023052097741,0.3429844097995546,4.428173719376392
22384,23199,0.03550023052097741,0.34684684684684686,4.373900062853552
23199,22384,0.03550023052097741,0.4476744186046512,4.373900062853552
23206,23201,0.036883356385431075,0.399002493765586,4.3708909544321015
23201,23206,0.036883356385431075,0.4040404040404041,4.3708909544321015
23209,23202,0.04103273397879207,0.37953091684434964,4.36712232697822
23202,23209,0.04103273397879207,0.47214854111405835,4.36712232697822
22111,22113,0.03319502074688797,0.3388235294117647,4.3614732064932795
22113,22111,0.03319502074688797,0.42729970326409494,4.3614732064932795
22383,23199,0.034578146611341634,0.3456221198156682,4.3584556853499095
23199,22383,0.034578146611341634,0.43604651162790703,4.3584556853499095
20725,22355,0.03065928999538958,0.25,4.355421686746988
22355,20725,0.03065928999538958,0.5341365461847389,4.355421686746988
23206,21931,0.030889810972798526,0.3341645885286783,4.353171126238458
21931,23206,0.030889810972798526,0.4024024024024024,4.353171126238458
21212,84992,0.04771784232365145,0.3259842519685039,4.351137492428831
84992,21212,0.04771784232365145,0.6369230769230769,4.351137492428831
23199,20728,0.03803596127247579,0.47965116279069764,4.3438971694907025
20728,23199,0.03803596127247579,0.34446764091858034,4.3438971694907025
23202,23207,0.03273397879207008,0.37665782493368705,4.334062717671975
23207,23202,0.03273397879207008,0.37665782493368705,4.334062717671975
22384,85099F,0.03204241585984324,0.31306306306306303,4.311325611325611
85099F,22384,0.03204241585984324,0.4412698412698412,4.311325611325611
20724,23206,0.03065928999538958,0.3970149253731343,4.294889641567722
23206,20724,0.03065928999538958,0.3316708229426434,4.294889641567722
21936,85099B,0.03227293683725219,0.6278026905829598,4.288831609053354
85099B,21936,0.03227293683725219,0.22047244094488191,4.288831609053354
21929,22384,0.03112033195020747,0.4383116883116883,4.282423657423657
22384,21929,0.03112033195020747,0.30405405405405406,4.282423657423657
85099F,20727,0.03273397879207008,0.4507936507936508,4.269744229569557
20727,85099F,0.03273397879207008,0.31004366812227074,4.2697442295695565
22630,22382,0.0318118948824343,0.4808362369337979,4.256872644528195
22382,22630,0.0318118948824343,0.2816326530612245,4.256872644528194
22910,22952,0.03642231443061319,0.33617021276595743,4.251622107809689
22952,22910,0.03642231443061319,0.4606413994169097,4.251622107809689
23245,23240,0.03434762563393269,0.31567796610169496,4.239662591173848
23240,23245,0.03434762563393269,0.4613003095975233,4.239662591173848
21931,20728,0.03573075149838635,0.4654654654654654,4.215426282232127
20728,21931,0.03573075149838635,0.32359081419624214,4.215426282232127
23173,22423,0.04887044721069617,0.8548387096774194,4.209183113031379
22423,23173,0.04887044721069617,0.24063564131668558,4.209183113031379
23343,85099B,0.04057169202397418,0.6153846153846154,4.203997577225923
85099B,23343,0.04057169202397418,0.27716535433070866,4.203997577225923
22909,22910,0.038497003227293686,0.453804347826087,4.188517576318224
22910,22909,0.038497003227293686,0.3553191489361702,4.188517576318223
23201,85099B,0.0557860765329645,0.6111111111111112,4.1748031496063
85099B,23201,0.0557860765329645,0.38110236220472443,4.1748031496063
23174,22423,0.03711387736284002,0.8473684210526317,4.17239978493339
23203,85099B,0.07100046104195482,0.6099009900990099,4.166536212676386
85099B,23203,0.07100046104195482,0.4850393700787401,4.166536212676385
23172,22423,0.03112033195020747,0.84375,4.154582860385925
20727,22386,0.037574919317657905,0.3558951965065502,4.150197210874771
22386,20727,0.037574919317657905,0.4381720430107527,4.150197210874771
22722,22666,0.04080221300138313,0.450381679389313,4.148101327369087
22666,22722,0.04080221300138313,0.375796178343949,4.148101327369086
22083,22910,0.030428769017980636,0.4489795918367347,4.14398610508033
22910,22083,0.030428769017980636,0.2808510638297872,4.14398610508033
22086,22083,0.0396496081143384,0.2805872756933116,4.140093884209476
22083,22086,0.0396496081143384,0.5850340136054422,4.140093884209475
85099B,23202,0.05255878284923928,0.3590551181102362,4.131514860377201
23202,85099B,0.05255878284923928,0.6047745358090186,4.131514860377201
85099B,22411,0.052097740894421395,0.35590551181102364,4.117114960629921
22411,85099B,0.052097740894421395,0.6026666666666667,4.117114960629921
85099C,20727,0.03065928999538958,0.434640522875817,4.116748009247368
20727,85099C,0.03065928999538958,0.2903930131004367,4.116748009247368
20724,20725,0.03895804518211157,0.5044776119402985,4.11357872292672
20725,20724,0.03895804518211157,0.3176691729323308,4.11357872292672
23175,22423,0.0396496081143384,0.8349514563106796,4.111259270687546
85123A,21733,0.07192254495159059,0.3644859813084112,4.106857628352955
21733,85123A,0.07192254495159059,0.8103896103896103,4.106857628352955
20727,23199,0.03434762563393269,0.3253275109170306,4.1025312277851125
23199,20727,0.03434762563393269,0.433139534883721,4.1025312277851125
22993,22966,0.03642231443061319,0.36658932714617176,4.098619848350755
22966,22993,0.03642231443061319,0.4072164948453608,4.098619848350755
23207,22386,0.030428769017980636,0.35013262599469497,4.082998203131685
22386,23207,0.030428769017980636,0.3548387096774194,4.082998203131685
21931,22384,0.03204241585984324,0.41741741741741734,4.078280983686389
22384,21931,0.03204241585984324,0.31306306306306303,4.078280983686389
21931,22382,0.035269709543568464,0.45945945945945943,4.067622724765582
22382,21931,0.035269709543568464,0.31224489795918364,4.067622724765581
23322,22469,0.04333794375288151,0.5371428571428571,4.066537023186238
22469,23322,0.04333794375288151,0.32809773123909247,4.066537023186237
23206,22386,0.03204241585984324,0.3466334164588528,4.042192904834687
22386,23206,0.03204241585984324,0.37365591397849457,4.042192904834686
22382,22367,0.03135085292761641,0.27755102040816326,4.040323243391316
22367,22382,0.03135085292761641,0.45637583892617445,4.040323243391316
23344,23207,0.031581373905025356,0.35038363171355497,4.031735263589924
23207,23344,0.031581373905025356,0.363395225464191,4.031735263589924
23170,22423,0.042185338865836794,0.8169642857142858,4.022691341008595
22423,23170,0.042185338865836794,0.2077185017026107,4.022691341008595
20725,21931,0.03780544029506685,0.3082706766917293,4.015850436903068
21931,20725,0.03780544029506685,0.49249249249249244,4.015850436903068
22111,23355,0.042876901798063624,0.43764705882352944,4.005301563663441
23355,22111,0.042876901798063624,0.3924050632911392,4.00530156366344
22698,22423,0.059704933148916554,0.8119122257053292,3.9978152498407695
22423,22698,0.059704933148916554,0.2939841089670829,3.9978152498407695
23171,22423,0.03642231443061319,0.8102564102564103,3.9896620972670918
23206,23203,0.042876901798063624,0.46384039900249374,3.9844349522234017
23203,23206,0.042876901798063624,0.3683168316831683,3.9844349522234017
20725,23199,0.03872752420470263,0.31578947368421056,3.982252141982865
23199,20725,0.03872752420470263,0.48837209302325585,3.9822521419828645
20727,21931,0.03227293683725219,0.30567685589519655,3.982060663283371
21931,20727,0.03227293683725219,0.42042042042042044,3.982060663283371
22698,23245,0.0318118948824343,0.43260188087774293,3.975904574677222
23245,22698,0.0318118948824343,0.2923728813559322,3.975904574677222
23201,23209,0.039188566159520516,0.42929292929292934,3.9707307617755383
23209,23201,0.039188566159520516,0.3624733475479744,3.970730761775538
20725,22386,0.0417242969110189,0.34022556390977443,3.9674690759155955
22386,20725,0.0417242969110189,0.4865591397849462,3.967469075915595
23207,23203,0.040110650069156296,0.4615384615384616,3.9646610814927654
23203,23207,0.040110650069156296,0.3445544554455446,3.964661081492765
23313,23298,0.03065928999538958,0.5236220472440944,3.964175289607123
23298,23313,0.03065928999538958,0.23211169284467711,3.964175289607123
22382,23199,0.03550023052097741,0.3142857142857143,3.9632890365448508
23199,22382,0.03550023052097741,0.4476744186046512,3.9632890365448508
22384,20724,0.03112033195020747,0.30405405405405406,3.937273093989512
20724,22384,0.03112033195020747,0.40298507462686567,3.937273093989512
85099B,20724,0.044490548639926235,0.30393700787401573,3.935757433305911
20724,85099B,0.044490548639926235,0.5761194029850746,3.935757433305911
22411,23344,0.03065928999538958,0.3546666666666667,3.934895140664962
23344,22411,0.03065928999538958,0.34015345268542196,3.9348951406649615
23344,85099B,0.05186721991701245,0.5754475703324808,3.9311678111847272
85099B,23344,0.05186721991701245,0.3543307086614173,3.9311678111847272
23344,23206,0.03273397879207008,0.36317135549872126,3.928771421829059
23206,23344,0.03273397879207008,0.3541147132169576,3.928771421829059
21212,23307,0.048409405255878286,0.3307086614173228,3.9197108558151537
23307,21212,0.048409405255878286,0.5737704918032787,3.9197108558151537
20728,22386,0.03711387736284002,0.3361169102296451,3.9195568725166683
22386,20728,0.03711387736284002,0.4327956989247312,3.919556872516668
22722,22993,0.035269709543568464,0.3893129770992366,3.9184215653282797
22993,22722,0.035269709543568464,0.35498839907192575,3.9184215653282797
22993,23307,0.03273397879207008,0.3294663573085847,3.9049864972804382
23307,22993,0.03273397879207008,0.3879781420765027,3.9049864972804382
22470,23321,0.03803596127247579,0.34020618556701027,3.9042709867452134
23321,22470,0.03803596127247579,0.4365079365079365,3.9042709867452134
20725,85099F,0.034578146611341634,0.2819548872180451,3.882921589688507
85099F,20725,0.034578146611341634,0.47619047619047616,3.882921589688507
21121,21212,0.03112033195020747,0.5672268907563025,3.875008271024945
21212,21121,0.03112033195020747,0.21259842519685038,3.875008271024945
21080,22907,0.03135085292761641,0.3185011709601874,3.870190699230512
22907,21080,0.03135085292761641,0.38095238095238093,3.8701906992305117
20724,23209,0.03227293683725219,0.41791044776119407,3.865448875027846
23209,20724,0.03227293683725219,0.2985074626865672,3.865448875027846
23284,23355,0.03665283540802213,0.4206349206349207,3.8496081977094643
23355,23284,0.03665283540802213,0.33544303797468356,3.849608197709464
22720,22989,0.03135085292761641,0.2125,3.825
22989,22720,0.03135085292761641,0.5643153526970954,3.8249999999999997
23203,22662,0.0318118948824343,0.27326732673267323,3.823979559246247
22662,23203,0.0318118948824343,0.4451612903225806,3.8239795592462467
23355,21485,0.03573075149838635,0.3270042194092827,3.8235695520147397
21485,23355,0.03573075149838635,0.4177897574123989,3.8235695520147392
23201,20728,0.038497003227293686,0.42171717171717177,3.8192256595179357
20728,23201,0.038497003227293686,0.34864300626304806,3.8192256595179357
20727,20724,0.03112033195020747,0.29475982532751094,3.816919767972365
20724,20727,0.03112033195020747,0.40298507462686567,3.816919767972365
22720,22666,0.061088059013370215,0.4140625,3.8135947452229297
22666,22720,0.061088059013370215,0.5626326963906582,3.8135947452229297
22697,23245,0.036883356385431075,0.4134366925064599,3.799763500197083
23245,22697,0.036883356385431075,0.3389830508474576,3.799763500197083
23245,22699,0.040110650069156296,0.3686440677966102,3.7805625676163004
22699,23245,0.040110650069156296,0.4113475177304965,3.7805625676163004
22423,22697,0.06846473029045644,0.337116912599319,3.778845392392366
22697,22423,0.06846473029045644,0.7674418604651163,3.778845392392366
22384,23201,0.035269709543568464,0.3445945945945946,3.7748771498771503
23201,22384,0.035269709543568464,0.38636363636363635,3.77487714987715
23301,23284,0.03065928999538958,0.32839506172839505,3.768724279835391
23284,23301,0.03065928999538958,0.35185185185185186,3.768724279835391
20728,85099F,0.030198248040571692,0.2734864300626305,3.766298836862511
85099F,20728,0.030198248040571692,0.41587301587301584,3.766298836862511
22383,23201,0.03434762563393269,0.3433179723502304,3.760892333472979
23201,22383,0.03434762563393269,0.3762626262626263,3.7608923334729787
22382,20724,0.03273397879207008,0.28979591836734697,3.7526408772464213
20724,22382,0.03273397879207008,0.42388059701492536,3.752640877246421
22086,23319,0.03665283540802213,0.25938009787928223,3.750636215334421
23319,22086,0.03665283540802213,0.53,3.750636215334421
22384,23344,0.034578146611341634,0.3378378378378379,3.7481855256791325
23344,22384,0.034578146611341634,0.38363171355498726,3.7481855256791325
22423,22699,0.0739972337482711,0.36435868331441545,3.736614582075495
22699,22423,0.0739972337482711,0.7588652482269503,3.7366145820754944
22383,22386,0.03204241585984324,0.3202764976958525,3.734837223130667
22386,22383,0.03204241585984324,0.37365591397849457,3.7348372231306666
20728,20724,0.031581373905025356,0.2860125260960334,3.7036487707599783
20724,20728,0.031581373905025356,0.40895522388059696,3.7036487707599783
20727,23201,0.03550023052097741,0.33624454148471616,3.683406113537118
23201,20727,0.03550023052097741,0.3888888888888889,3.683406113537118
23202,22384,0.03273397879207008,0.37665782493368705,3.680048749014267
22384,23202,0.03273397879207008,0.31981981981981983,3.6800487490142664
22666,22993,0.0396496081143384,0.3651804670912951,3.675528691976887
22993,22666,0.0396496081143384,0.3990719257540603,3.6755286919768864
20725,21929,0.0318118948824343,0.2593984962406015,3.6534762230250957
21929,20725,0.0318118948824343,0.44805194805194803,3.6534762230250952
22960,22961,0.059704933148916554,0.45200698080279234,3.651408347714177
22961,22960,0.059704933148916554,0.4823091247672253,3.651408347714177
23209,23344,0.035269709543568464,0.326226012793177,3.6193566329841476
23344,23209,0.035269709543568464,0.391304347826087,3.6193566329841476
84991,22966,0.030889810972798526,0.3236714975845411,3.618780815777679
22966,84991,0.030889810972798526,0.34536082474226804,3.6187808157776784
23344,20727,0.03434762563393269,0.381074168797954,3.6093880878723246
20727,23344,0.03434762563393269,0.3253275109170306,3.609388087872324
22470,21733,0.03573075149838635,0.31958762886597936,3.600963984469139
21733,22470,0.03573075149838635,0.40259740259740256,3.600963984469139
23355,23301,0.03665283540802213,0.33544303797468356,3.5929676511954995
23301,23355,0.03665283540802213,0.3925925925925926,3.5929676511954995
22470,21755,0.03112033195020747,0.27835051546391754,3.5830401664168376
21755,22470,0.03112033195020747,0.40059347181008903,3.583040166416837
22382,23201,0.036883356385431075,0.326530612244898,3.576994434137292
23201,22382,0.036883356385431075,0.4040404040404041,3.5769944341372915
23202,20727,0.03273397879207008,0.37665782493368705,3.5675581759002934
20727,23202,0.03273397879207008,0.31004366812227074,3.567558175900293
22411,23209,0.03319502074688797,0.384,3.5517953091684435
23209,22411,0.03319502074688797,0.30703624733475476,3.551795309168443
22382,22551,0.03135085292761641,0.27755102040816326,3.551670579736319
22551,22382,0.03135085292761641,0.40117994100294985,3.551670579736319
23202,20725,0.03780544029506685,0.4350132625994695,3.5471570172114637
20725,23202,0.03780544029506685,0.3082706766917293,3.5471570172114637
85099C,20725,0.03065928999538958,0.434640522875817,3.544117647058824
20725,85099C,0.03065928999538958,0.25,3.5441176470588234
23201,20725,0.0396496081143384,0.43434343434343436,3.5416951469583053
20725,23201,0.0396496081143384,0.3233082706766917,3.541695146958305
22384,85099B,0.052789303826648225,0.5157657657657658,3.523451798254948
85099B,22384,0.052789303826648225,0.3606299212598425,3.5234517982549476
22411,22383,0.030428769017980636,0.352,3.5183778801843313
22383,22411,0.030428769017980636,0.304147465437788,3.5183778801843313
23202,20728,0.033656062701705854,0.38726790450928383,3.5072404379149758
20728,23202,0.033656062701705854,0.3048016701461378,3.5072404379149758
22386,23209,0.03250345781466114,0.3790322580645162,3.50584634431529
23209,22386,0.03250345781466114,0.3006396588486141,3.50584634431529
22383,23202,0.030428769017980636,0.304147465437788,3.499712745541444
23202,22383,0.030428769017980636,0.35013262599469497,3.499712745541444
85099B,20725,0.06270170585523283,0.4283464566929134,3.4927949795749216
20725,85099B,0.06270170585523283,0.5112781954887218,3.492794979574921
23203,22384,0.04149377593360996,0.3564356435643564,3.4824725715814826
22384,23203,0.04149377593360996,0.4054054054054054,3.482472571581482
23202,22382,0.0338865836791148,0.38992042440318303,3.4519893899204246
22382,23202,0.0338865836791148,0.3,3.4519893899204246
21080,21212,0.049562010142923,0.5035128805620609,3.4397462612255434
21212,21080,0.049562010142923,0.3385826771653543,3.439746261225543
22382,22386,0.03296449976947902,0.29183673469387755,3.4031928900592496
22386,22382,0.03296449976947902,0.3844086021505376,3.403192890059249
22966,22666,0.03296449976947902,0.36855670103092786,3.3944776413421764
22666,22966,0.03296449976947902,0.3036093418259023,3.394477641342176
23208,85099B,0.03480866758875058,0.49508196721311476,3.38215050987479
85099B,23208,0.03480866758875058,0.23779527559055116,3.38215050987479
23355,22865,0.0318118948824343,0.2911392405063291,3.3678987341772153
22865,23355,0.0318118948824343,0.368,3.3678987341772153
20724,23203,0.030198248040571692,0.39104477611940297,3.359113344170238
23203,20724,0.030198248040571692,0.2594059405940594,3.359113344170238
23203,20725,0.0479483633010604,0.4118811881188119,3.358534951239485
20725,23203,0.0479483633010604,0.3909774436090226,3.358534951239485
23344,20725,0.03711387736284002,0.4117647058823529,3.3575851393188856
20725,23344,0.03711387736284002,0.3026315789473684,3.3575851393188856
20728,22411,0.03204241585984324,0.29018789144050106,3.3568935281837162
22411,20728,0.03204241585984324,0.37066666666666664,3.356893528183716
20727,23203,0.04103273397879207,0.388646288209607,3.33851009555104
23203,20727,0.04103273397879207,0.35247524752475246,3.33851009555104
23344,20728,0.03319502074688797,0.36828644501278773,3.335337366316228
20728,23344,0.03319502074688797,0.30062630480167013,3.3353373663162276
22382,23344,0.0338865836791148,0.3,3.328388746803069
23344,22382,0.0338865836791148,0.37595907928388744,3.3283887468030686
22961,23293,0.03065928999538958,0.24767225325884543,3.326322707854091
23293,22961,0.03065928999538958,0.4117647058823529,3.326322707854091
20728,23203,0.04264638082065468,0.3862212943632568,3.317679158312491
23203,20728,0.04264638082065468,0.36633663366336633,3.317679158312491
22993,22961,0.04080221300138313,0.4106728538283063,3.317502495171681
22961,22993,0.04080221300138313,0.329608938547486,3.3175024951716807
20727,22411,0.030198248040571692,0.28602620087336245,3.3087510917030567
22411,20727,0.030198248040571692,0.34933333333333333,3.3087510917030567
22383,23203,0.038497003227293686,0.3847926267281106,3.305406761874344
23203,22383,0.038497003227293686,0.3306930693069307,3.305406761874344
23245,23307,0.030198248040571692,0.2775423728813559,3.2895595998888574
23307,23245,0.030198248040571692,0.3579234972677595,3.2895595998888574
22139,22138,0.049562010142923,0.44057377049180324,3.289516379334669
22138,22139,0.049562010142923,0.37005163511187605,3.2895163793346684
22993,22960,0.04310742277547257,0.43387470997679817,3.284726861918587
22960,22993,0.04310742277547257,0.3263525305410122,3.284726861918587
23203,22382,0.04310742277547257,0.3702970297029703,3.2782622752071124
22382,23203,0.04310742277547257,0.38163265306122446,3.278262275207112
22722,22960,0.039188566159520516,0.43256997455470736,3.274849126733544
22960,22722,0.039188566159520516,0.29668411867364747,3.274849126733544
23206,85099B,0.04426002766251729,0.47880299251870323,3.270940758340369
85099B,23206,0.04426002766251729,0.30236220472440944,3.270940758340369
23307,22961,0.03411710465652374,0.4043715846994535,3.2665995054492165
22961,23307,0.03411710465652374,0.2756052141527002,3.2665995054492165
23203,20726,0.03250345781466114,0.27920792079207923,3.255924624720537
20726,23203,0.03250345781466114,0.3790322580645162,3.255924624720537
23245,22720,0.05186721991701245,0.4766949152542373,3.231097722457627
22720,23245,0.05186721991701245,0.3515625,3.231097722457627
22952,21212,0.03734439834024896,0.47230320699708456,3.226537499139138
21212,22952,0.03734439834024896,0.25511811023622044,3.226537499139138
22907,22720,0.03895804518211157,0.4733893557422969,3.208692226890756
22720,22907,0.03895804518211157,0.2640625,3.208692226890756
47566,23298,0.06915629322268327,0.42372881355932207,3.207915520454344
23298,47566,0.06915629322268327,0.5235602094240838,3.207915520454344
22411,20725,0.0338865836791148,0.39199999999999996,3.1964210526315786
20725,22411,0.0338865836791148,0.2763157894736842,3.1964210526315786
85099B,20727,0.04933148916551406,0.337007874015748,3.192009077467936
20727,85099B,0.04933148916551406,0.4672489082969432,3.192009077467936
22469,84836,0.030198248040571692,0.2286212914485166,3.1889362131950643
84836,22469,0.030198248040571692,0.4212218649517685,3.1889362131950643
22993,84991,0.030198248040571692,0.30394431554524365,3.1848078281045096
84991,22993,0.030198248040571692,0.3164251207729469,3.1848078281045096
23207,85099B,0.04034117104656524,0.4641909814323608,3.1711188621316238
85099B,23207,0.04034117104656524,0.2755905511811024,3.1711188621316238
22469,21755,0.03250345781466114,0.24607329842931938,3.167554802926966
21755,22469,0.03250345781466114,0.41839762611275966,3.167554802926966
22961,22722,0.03550023052097741,0.28677839851024206,3.165508124013817
22722,22961,0.03550023052097741,0.39185750636132316,3.165508124013817
23209,85099B,0.0500230520977409,0.4626865671641791,3.1608414619814313
85099B,23209,0.0500230520977409,0.3417322834645669,3.1608414619814313
85099B,22662,0.03296449976947902,0.22519685039370077,3.151303022606045
22662,85099B,0.03296449976947902,0.4612903225806452,3.151303022606045
22960,22666,0.045182111572153065,0.34205933682373474,3.150431853803315
22666,22960,0.045182111572153065,0.41613588110403393,3.1504318538033145
22423,23245,0.06938681420009221,0.3416572077185017,3.1400613709382634
23245,22423,0.06938681420009221,0.6377118644067796,3.1400613709382634
22411,22382,0.03065928999538958,0.3546666666666667,3.1398857142857146
22382,22411,0.03065928999538958,0.2714285714285714,3.139885714285714
20725,21080,0.03780544029506685,0.3082706766917293,3.131799052666796
21080,20725,0.03780544029506685,0.3840749414519906,3.131799052666796
23245,22722,0.03065928999538958,0.2817796610169491,3.110331220080217
22722,23245,0.03065928999538958,0.33842239185750633,3.110331220080217
22720,23240,0.03411710465652374,0.23124999999999998,3.105766253869969
23240,22720,0.03411710465652374,0.45820433436532504,3.1057662538699686
22086,22909,0.03711387736284002,0.2626427406199021,3.096044045676998
22909,22086,0.03711387736284002,0.4375,3.096044045676998
82494L,22470,0.03112033195020747,0.34438775510204084,3.0803176940879444
22470,82494L,0.03112033195020747,0.27835051546391754,3.0803176940879444
22666,84991,0.0318118948824343,0.2929936305732484,3.070063694267516
84991,22666,0.0318118948824343,0.3333333333333333,3.0700636942675157
85099B,20728,0.049562010142923,0.3385826771653543,3.066329130570578
20728,85099B,0.049562010142923,0.44885177453027136,3.066329130570578
22189,85123A,0.03803596127247579,0.6021897810218978,3.051751483730132
20726,85099B,0.03826648224988474,0.446236559139785,3.048463296926594
85099B,20726,0.03826648224988474,0.2614173228346457,3.048463296926594
22966,21212,0.039880129091747346,0.4458762886597938,3.046002110560922
21212,22966,0.039880129091747346,0.27244094488188975,3.046002110560922
22383,85099B,0.044490548639926235,0.4447004608294931,3.037969447367466
85099B,22383,0.044490548639926235,0.30393700787401573,3.0379694473674657
22961,22666,0.04080221300138313,0.329608938547486,3.0357613066220686
22666,22961,0.04080221300138313,0.375796178343949,3.0357613066220686
22720,23307,0.037574919317657905,0.25468749999999996,3.0186731557377042
23307,22720,0.037574919317657905,0.44535519125683054,3.0186731557377042
22144,22086,0.03135085292761641,0.4263322884012539,3.0170138125361166
22086,22144,0.03135085292761641,0.22185970636215335,3.0170138125361166
22952,22086,0.033656062701705854,0.42565597667638483,3.012227776218854
22086,22952,0.033656062701705854,0.23817292006525284,3.012227776218854
20685,85099B,0.03342554172429691,0.4407294832826748,3.0108417298901466
85099B,20685,0.03342554172429691,0.22834645669291337,3.0108417298901466
22624,22720,0.038497003227293686,0.4441489361702128,3.0104970079787234
22720,22624,0.038497003227293686,0.2609375,3.0104970079787234
22907,22961,0.03065928999538958,0.37254901960784315,3.0095300690108444
22961,22907,0.03065928999538958,0.24767225325884543,3.0095300690108444
22993,22720,0.04402950668510835,0.443155452436195,3.003763051044084
22720,22993,0.04402950668510835,0.2984375,3.003763051044084
21212,84380,0.03273397879207008,0.22362204724409449,2.984838279830406
84380,21212,0.03273397879207008,0.43692307692307697,2.984838279830406
21733,22469,0.03480866758875058,0.3922077922077922,2.969279934724961
22469,21733,0.03480866758875058,0.26352530541012215,2.9692799347249608
22720,22960,0.05763024435223606,0.390625,2.9572971204188483
22960,22720,0.05763024435223606,0.4363001745200698,2.9572971204188483
22470,82482,0.03112033195020747,0.27835051546391754,2.9450842343474983
82482,22470,0.03112033195020747,0.32926829268292684,2.9450842343474983
82483,85123A,0.03227293683725219,0.5809128630705395,2.94392523364486
22469,82494L,0.03503918856615952,0.26527050610820246,2.9355700395341384
82494L,22469,0.03503918856615952,0.3877551020408163,2.935570039534138
22966,22961,0.03227293683725219,0.3608247422680413,2.9148188677071936
22961,22966,0.03227293683725219,0.260707635009311,2.9148188677071936
21212,84378,0.036883356385431075,0.25196850393700787,2.907019601273245
84378,21212,0.036883356385431075,0.425531914893617,2.907019601273245
82482,22469,0.036191793453204245,0.38292682926829275,2.8990167283871795
22469,82482,0.036191793453204245,0.27399650959860383,2.899016728387179
21212,22558,0.03550023052097741,0.24251968503937005,2.8982104509663564
22558,21212,0.03550023052097741,0.42424242424242425,2.8982104509663564
23298,23307,0.03227293683725219,0.24432809773123912,2.895888764912883
23307,23298,0.03227293683725219,0.38251366120218583,2.895888764912883
23344,22086,0.03665283540802213,0.40664961636828645,2.877725996420272
22086,23344,0.03665283540802213,0.25938009787928223,2.877725996420272
22966,22960,0.03342554172429691,0.37371134020618557,2.82924920386463
22960,22966,0.03342554172429691,0.25305410122164046,2.8292492038646295
22961,22720,0.051175656984785614,0.41340782122905023,2.8021298882681562
22720,22961,0.051175656984785614,0.346875,2.8021298882681562
22960,23307,0.03112033195020747,0.2356020942408377,2.792464166165994
23307,22960,0.03112033195020747,0.3688524590163934,2.792464166165994
22993,21212,0.04057169202397418,0.4083526682134571,2.789659645212562
21212,22993,0.04057169202397418,0.27716535433070866,2.789659645212562
22907,22960,0.030198248040571692,0.3669467787114846,2.778036869197941
22960,22907,0.030198248040571692,0.2286212914485166,2.778036869197941
21212,22090,0.030428769017980636,0.2078740157480315,2.77463840096911
22090,21212,0.030428769017980636,0.40615384615384614,2.7746384009691094
85123A,22470,0.061088059013370215,0.30957943925233644,2.7689806339724443
22470,85123A,0.061088059013370215,0.5463917525773195,2.7689806339724443
21843,22423,0.033656062701705854,0.5615384615384615,2.764987339561687
22382,85099B,0.04564315352697095,0.4040816326530612,2.760482082596818
85099B,22382,0.04564315352697095,0.3118110236220472,2.760482082596818
22457,22470,0.04149377593360996,0.30664395229982966,2.7427246702611567
22470,22457,0.04149377593360996,0.37113402061855666,2.7427246702611567
85123A,21755,0.041954817888427844,0.21261682242990654,2.736889542139272
21755,85123A,0.041954817888427844,0.5400593471810089,2.736889542139272
23203,23298,0.0417242969110189,0.3584158415841584,2.713451868747084
23298,23203,0.0417242969110189,0.3158813263525305,2.713451868747084
21977,22961,0.031581373905025356,0.33414634146341465,2.6993050824362994
22961,21977,0.031581373905025356,0.25512104283054005,2.6993050824362994
22865,22086,0.03296449976947902,0.38133333333333336,2.6985709624796086
22086,22865,0.03296449976947902,0.23327895595432302,2.6985709624796086
22766,85123A,0.03411710465652374,0.5323741007194245,2.6979425805150274
22966,22720,0.03550023052097741,0.39690721649484534,2.6902867268041235
22720,22966,0.03550023052097741,0.24062499999999998,2.6902867268041235
22961,84991,0.031581373905025356,0.25512104283054005,2.6732248400939196
84991,22961,0.031581373905025356,0.3309178743961353,2.6732248400939196
85123A,23322,0.04241585984324574,0.2149532710280374,2.664192256341789
23322,85123A,0.04241585984324574,0.5257142857142857,2.664192256341789
22961,21212,0.04817888427846934,0.3891992551210428,2.658813179078872
21212,22961,0.04817888427846934,0.3291338582677165,2.658813179078872
82482,85123A,0.049562010142923,0.524390243902439,2.6574823341691363
85123A,82482,0.049562010142923,0.25116822429906543,2.6574823341691363
22969,22961,0.03250345781466114,0.3286713286713287,2.6550767668086106
22961,22969,0.03250345781466114,0.26256983240223464,2.6550767668086106
22720,22969,0.03872752420470263,0.2625,2.6543706293706295
22969,22720,0.03872752420470263,0.3916083916083916,2.6543706293706295
21754,84879,0.03434762563393269,0.4138888888888889,2.648156342182891
84879,21754,0.03434762563393269,0.21976401179941005,2.648156342182891
23209,23298,0.03780544029506685,0.34968017057569295,2.647316893468335
23298,23209,0.03780544029506685,0.2862129144851658,2.647316893468335
22720,20914,0.03204241585984324,0.21718749999999998,2.6465150983146066
20914,22720,0.03204241585984324,0.39044943820224715,2.646515098314606
20914,21212,0.031581373905025356,0.3848314606741573,2.628974608511015
21212,20914,0.031581373905025356,0.21574803149606298,2.6289746085110144
85123A,23321,0.044490548639926235,0.22546728971962618,2.587505562972853
23321,85123A,0.044490548639926235,0.5105820105820106,2.587505562972853
23209,23245,0.030428769017980636,0.2814498933901919,2.5867153337429074
23245,23209,0.030428769017980636,0.2796610169491525,2.5867153337429074
22961,23245,0.03480866758875058,0.2811918063314711,2.5843433386989867
23245,22961,0.03480866758875058,0.3199152542372881,2.5843433386989867
22961,22077,0.030428769017980636,0.24581005586592178,2.5818983591921763
22077,22961,0.030428769017980636,0.3196125907990315,2.581898359192176
22457,22469,0.046104195481788846,0.3407155025553663,2.5794482549479563
22469,22457,0.046104195481788846,0.34904013961605584,2.5794482549479563
84836,85123A,0.03642231443061319,0.5080385852090032,2.574616101211047
22960,21977,0.03204241585984324,0.2425828970331588,2.5666453837313243
21977,22960,0.03204241585984324,0.3390243902439024,2.566645383731324
21755,84879,0.03112033195020747,0.40059347181008903,2.5630892045902156
22666,23245,0.030198248040571692,0.2781316348195329,2.556218287811724
23245,22666,0.030198248040571692,0.2775423728813559,2.5562182878117237
21212,20725,0.045873674504379895,0.3133858267716535,2.5553904446154756
20725,21212,0.045873674504379895,0.3740601503759398,2.555390444615475
23245,23203,0.03227293683725219,0.29661016949152547,2.547910723275718
23203,23245,0.03227293683725219,0.27722772277227725,2.5479107232757174
22907,21212,0.03065928999538958,0.37254901960784315,2.5450671607225566
21212,22907,0.03065928999538958,0.20944881889763778,2.5450671607225566
23298,22993,0.03319502074688797,0.2513089005235602,2.5294153375201955
22993,23298,0.03319502074688797,0.3341067285382831,2.5294153375201955
84991,22960,0.0318118948824343,0.3333333333333333,2.5235602094240837
23298,22384,0.03411710465652374,0.2582897033158813,2.5235602094240837
22384,23298,0.03411710465652374,0.3333333333333333,2.5235602094240837
22960,84991,0.0318118948824343,0.2408376963350785,2.5235602094240837
85123A,82494L,0.04495159059474412,0.22780373831775702,2.520950553118444
82494L,85123A,0.04495159059474412,0.49744897959183676,2.520950553118444
84991,22720,0.035269709543568464,0.3695652173913044,2.504959239130435
22720,84991,0.035269709543568464,0.23906249999999998,2.504959239130435
23298,23245,0.035961272475795295,0.2722513089005235,2.5021741059543876
23245,23298,0.035961272475795295,0.33050847457627114,2.5021741059543876
21754,85123A,0.04080221300138313,0.4916666666666667,2.4916471962616824
85123A,21754,0.04080221300138313,0.20677570093457945,2.4916471962616824
85066,85123A,0.03250345781466114,0.4878892733564014,2.4725042848365297
22960,23245,0.03550023052097741,0.268760907504363,2.4700949507498446
23245,22960,0.03550023052097741,0.32627118644067793,2.470094950749844
22090,47566,0.030198248040571692,0.4030769230769231,2.4697001303780968
22969,22960,0.03204241585984324,0.324009324009324,2.4529711126569764
22960,22969,0.03204241585984324,0.2425828970331588,2.4529711126569764
23209,22961,0.03273397879207008,0.302771855010661,2.4458553203654514
22961,23209,0.03273397879207008,0.2644320297951583,2.445855320365451
21166,85123A,0.0318118948824343,0.4808362369337979,2.4367612100687097
22966,22086,0.03065928999538958,0.3427835051546392,2.4257664687778546
22086,22966,0.03065928999538958,0.21696574225122348,2.425766468777854
85099B,23301,0.03296449976947902,0.22519685039370077,2.412108486439195
23301,85099B,0.03296449976947902,0.3530864197530864,2.412108486439195
23207,21212,0.03065928999538958,0.35278514588859416,2.4100503352200335
21212,23207,0.03065928999538958,0.20944881889763778,2.4100503352200335
82482,22457,0.03065928999538958,0.32439024390243903,2.397282586113766
22457,82482,0.03065928999538958,0.22657580919931858,2.397282586113766
22086,23201,0.030889810972798526,0.21859706362153344,2.394631469672253
23201,22086,0.030889810972798526,0.3383838383838384,2.394631469672253
82484,85123A,0.030889810972798526,0.47017543859649125,2.3827348745696018
22961,23203,0.03411710465652374,0.2756052141527002,2.36747607721666
23203,22961,0.03411710465652374,0.29306930693069305,2.36747607721666
20725,23298,0.03826648224988474,0.31203007518796994,2.362280045663898
23298,20725,0.03826648224988474,0.28970331588132636,2.362280045663898
85123A,22469,0.06131857999077916,0.3107476635514019,2.352571316729461
22469,85123A,0.06131857999077916,0.46422338568935423,2.352571316729461
22960,22699,0.030198248040571692,0.2286212914485166,2.3445843080464894
22699,22960,0.030198248040571692,0.30969267139479906,2.344584308046489
21212,22384,0.03503918856615952,0.23937007874015748,2.3387103639072144
22384,21212,0.03503918856615952,0.34234234234234234,2.338710363907214
22720,23298,0.04541263254956201,0.3078125,2.3303501308900523
23298,22720,0.04541263254956201,0.343804537521815,2.3303501308900523
22178,84879,0.033656062701705854,0.36228287841191065,2.317969213201871
84879,22178,0.033656062701705854,0.21533923303834807,2.3179692132018705
22720,21977,0.03227293683725219,0.21875000000000003,2.3144817073170736
21977,22720,0.03227293683725219,0.34146341463414637,2.314481707317073
23298,20727,0.03227293683725219,0.24432809773123912,2.314181851436933
20727,23298,0.03227293683725219,0.30567685589519655,2.314181851436933
22625,22423,0.031581373905025356,0.4691780821917808,2.310209444435806
22910,23298,0.03296449976947902,0.30425531914893617,2.303419850729642
23298,22910,0.03296449976947902,0.24956369982547993,2.303419850729642
22077,21212,0.03204241585984324,0.3365617433414044,2.29922022459057
21212,22077,0.03204241585984324,0.21889763779527557,2.29922022459057
47566,22697,0.03342554172429691,0.20480225988700565,2.295690448035738
22697,47566,0.03342554172429691,0.3746770025839793,2.2956904480357374
22960,23209,0.03273397879207008,0.24781849912739967,2.292189017515266
23209,22960,0.03273397879207008,0.302771855010661,2.292189017515266
85099B,21080,0.03296449976947902,0.22519685039370077,2.287831234210478
21080,85099B,0.03296449976947902,0.3348946135831382,2.287831234210478
23209,21212,0.036191793453204245,0.3347547974413646,2.2868760807884088
21212,23209,0.036191793453204245,0.247244094488189,2.2868760807884088
84946,84879,0.03411710465652374,0.3566265060240964,2.2817784411984223
84879,84946,0.03411710465652374,0.21828908554572268,2.281778441198422
22960,21212,0.04402950668510835,0.33333333333333337,2.277165354330709
21212,22960,0.04402950668510835,0.30078740157480316,2.277165354330709
21181,85123A,0.03734439834024896,0.4487534626038781,2.2741735055789993
22086,23203,0.03734439834024896,0.2642740619902121,2.2701403582446336
23203,22086,0.03734439834024896,0.3207920792079208,2.2701403582446336
23355,22086,0.03503918856615952,0.3206751054852321,2.269312573564334
22086,23355,0.03503918856615952,0.24796084828711257,2.269312573564334
22961,22910,0.030428769017980636,0.24581005586592178,2.2687745156305716
22910,22961,0.030428769017980636,0.2808510638297872,2.268774515630571
23206,21212,0.03065928999538958,0.3316708229426434,2.265807921142027
21212,23206,0.03065928999538958,0.20944881889763778,2.2658079211420263
22383,21212,0.03296449976947902,0.3294930875576037,2.2509307304328896
21212,22383,0.03296449976947902,0.22519685039370077,2.250930730432889
22086,22993,0.031581373905025356,0.2234910277324633,2.2494294160172292
22993,22086,0.031581373905025356,0.31786542923433875,2.2494294160172292
21175,85123A,0.03503918856615952,0.44314868804664725,2.2457698700307898
23245,47566,0.039880129091747346,0.3665254237288135,2.2457447572536626
47566,23245,0.039880129091747346,0.24435028248587568,2.2457447572536626
22961,20725,0.0338865836791148,0.2737430167597765,2.2321376065862983
20725,22961,0.0338865836791148,0.2763157894736842,2.232137606586298
47566,22699,0.03550023052097741,0.2175141242937853,2.2306767640341385
22699,47566,0.03550023052097741,0.36406619385342787,2.2306767640341385
23298,22961,0.03642231443061319,0.27574171029668415,2.2275000731229344
22961,23298,0.03642231443061319,0.2942271880819367,2.2275000731229344
23298,22666,0.0318118948824343,0.2408376963350785,2.218161203188048
22666,23298,0.0318118948824343,0.2929936305732484,2.218161203188048
21212,22382,0.03665283540802213,0.2503937007874016,2.216750763297445
22382,21212,0.03665283540802213,0.32448979591836735,2.216750763297445
82482,84879,0.03273397879207008,0.3463414634146342,2.215972372113102
84879,82482,0.03273397879207008,0.20943952802359883,2.215972372113102
21212,22197,0.030428769017980636,0.2078740157480315,2.215620344754203
22197,21212,0.030428769017980636,0.32432432432432434,2.215620344754203
22113,85123A,0.0338865836791148,0.43620178041543023,2.2105646301894115
20727,21212,0.03411710465652374,0.3231441048034934,2.20755767974418
21212,20727,0.03411710465652374,0.23307086614173225,2.20755767974418
22666,21212,0.03503918856615952,0.3227176220806794,2.204644164702342
21212,22666,0.03503918856615952,0.23937007874015748,2.204644164702342
22960,22086,0.04103273397879207,0.3106457242582897,2.198337931211192
22086,22960,0.04103273397879207,0.2903752039151713,2.198337931211192
22910,22960,0.03135085292761641,0.28936170212765955,2.1906650328617574
22960,22910,0.03135085292761641,0.23734729493891796,2.1906650328617574
22720,23203,0.037574919317657905,0.25468749999999996,2.187790841584158
23203,22720,0.037574919317657905,0.3227722772277227,2.187790841584158
84978,85123A,0.030198248040571692,0.4309210526315789,2.1838031849483523
21212,23203,0.03711387736284002,0.25354330708661416,2.177962111171747
23203,21212,0.03711387736284002,0.3188118811881188,2.177962111171747
22086,21790,0.0318118948824343,0.22512234910277323,2.1750128071443884
21790,22086,0.0318118948824343,0.30734966592427615,2.1750128071443884
23209,22720,0.034578146611341634,0.31982942430703626,2.1678438166311302
22720,23209,0.034578146611341634,0.234375,2.16784381663113
20728,21212,0.03503918856615952,0.3173277661795407,2.167823385333618
21212,20728,0.03503918856615952,0.23937007874015748,2.167823385333618
20728,23298,0.031581373905025356,0.2860125260960334,2.165309490758452
23298,20728,0.031581373905025356,0.23909249563699825,2.165309490758452
85099B,84991,0.030198248040571692,0.20629921259842518,2.1616569667921945
84991,85099B,0.030198248040571692,0.3164251207729469,2.1616569667921945
85123A,22457,0.05763024435223606,0.29205607476635514,2.158329220334666
22457,85123A,0.05763024435223606,0.4258943781942079,2.158329220334666
21212,85099B,0.046104195481788846,0.31496062992125984,2.1516523033046067
85099B,21212,0.046104195481788846,0.31496062992125984,2.1516523033046067
22961,22086,0.037574919317657905,0.3035381750465549,2.1480401359738255
22086,22961,0.037574919317657905,0.265905383360522,2.1480401359738255
23298,21212,0.04149377593360996,0.31413612565445026,2.1460197056519768
21212,23298,0.04149377593360996,0.28346456692913385,2.1460197056519768
22776,85123A,0.0318118948824343,0.42201834862385323,2.1386864443110696
22722,47566,0.031581373905025356,0.3486005089058524,2.1359166774485705
21212,22720,0.046104195481788846,0.31496062992125984,2.1348425196850394
22720,21212,0.046104195481788846,0.3125,2.1348425196850394
23240,22423,0.03227293683725219,0.43343653250774,2.1342198388406084
23298,22382,0.0318118948824343,0.2408376963350785,2.132150870819532
22382,23298,0.0318118948824343,0.2816326530612245,2.132150870819532
21485,85123A,0.035961272475795295,0.4204851752021563,2.130916693956722
22960,23203,0.03273397879207008,0.24781849912739967,2.1287854439894254
23203,22960,0.03273397879207008,0.2811881188118812,2.1287854439894254
23298,22960,0.03711387736284002,0.28097731239092494,2.1271894959019764
22960,23298,0.03711387736284002,0.28097731239092494,2.1271894959019764
22086,23298,0.0396496081143384,0.2805872756933116,2.1242366526310397
23298,22086,0.0396496081143384,0.300174520069808,2.1242366526310392
21733,47566,0.03065928999538958,0.3454545454545454,2.116640986132511
21212,23245,0.033656062701705854,0.22992125984251965,2.113132256772988
23245,21212,0.033656062701705854,0.30932203389830504,2.1131322567729875
20728,22086,0.03296449976947902,0.2985386221294363,2.1126599393107584
22086,20728,0.03296449976947902,0.23327895595432302,2.1126599393107584
22776,22423,0.03227293683725219,0.4281345565749236,2.1081131741453105
85099B,23355,0.033656062701705854,0.22992125984251965,2.104216086913186
23355,85099B,0.033656062701705854,0.30801687763713076,2.104216086913186
85099B,23298,0.04057169202397418,0.27716535433070866,2.0983303788597105
23298,85099B,0.04057169202397418,0.30715532286212915,2.0983303788597105
23298,22470,0.030889810972798526,0.23385689354275743,2.0916932045123335
22470,23298,0.030889810972798526,0.27628865979381445,2.0916932045123335
84755,85123A,0.030198248040571692,0.41194968553459116,2.0876609063657203
22469,23298,0.03642231443061319,0.27574171029668415,2.0875524245497656
23298,22469,0.03642231443061319,0.27574171029668415,2.0875524245497656
82482,47566,0.03204241585984324,0.3390243902439024,2.077242662257131
84879,23245,0.035269709543568464,0.22566371681415928,2.0740025498725063
23245,84879,0.035269709543568464,0.3241525423728813,2.0740025498725063
21080,47566,0.03296449976947902,0.3348946135831382,2.0519390306831267
47566,21080,0.03296449976947902,0.2019774011299435,2.051939030683126
22086,22382,0.03273397879207008,0.23164763458401308,2.0507906914805076
22382,22086,0.03273397879207008,0.28979591836734697,2.0507906914805076
21977,47566,0.031581373905025356,0.33414634146341465,2.047354278627532
22383,47566,0.03342554172429691,0.33410138248847926,2.0470788096539874
47566,22383,0.03342554172429691,0.20480225988700565,2.0470788096539874
84879,23298,0.042185338865836794,0.2699115044247788,2.043413797896493
23298,84879,0.042185338865836794,0.3193717277486911,2.0434137978964926
85123A,22384,0.04126325495620101,0.2091121495327103,2.0430822177317505
22384,85123A,0.04126325495620101,0.40315315315315314,2.0430822177317505
22384,47566,0.03411710465652374,0.3333333333333333,2.042372881355932
47566,22384,0.03411710465652374,0.20903954802259886,2.042372881355932
22086,23209,0.03112033195020747,0.2202283849918434,2.0369951686452383
23209,22086,0.03112033195020747,0.2878464818763326,2.036995168645238
23300,85123A,0.03227293683725219,0.39886039886039887,2.0213275820752457
21212,22910,0.03204241585984324,0.21889763779527557,2.020378622884905
22910,21212,0.03204241585984324,0.2957446808510638,2.020378622884905
22727,22423,0.03665283540802213,0.4097938144329897,2.01780427583463
21755,22423,0.0318118948824343,0.4094955489614243,2.0163356315489884
22666,22086,0.030889810972798526,0.28450106157112526,2.0133207260938684
22086,22666,0.030889810972798526,0.21859706362153344,2.0133207260938684
20725,22960,0.03250345781466114,0.26503759398496246,2.0065149785458414
22960,20725,0.03250345781466114,0.24607329842931938,2.0065149785458414
47566,20725,0.040110650069156296,0.2457627118644068,2.003982413661272
20725,47566,0.040110650069156296,0.3270676691729324,2.003982413661272
23301,85123A,0.036883356385431075,0.3950617283950617,2.0020768431983385
23355,22720,0.03227293683725219,0.2953586497890296,2.001977848101266
22720,23355,0.03227293683725219,0.21875000000000003,2.001977848101266
23206,47566,0.030198248040571692,0.32668329177057354,2.001627287712921
21754,22423,0.033656062701705854,0.40555555555555556,1.9969353007945516
22138,21212,0.03895804518211157,0.2908777969018933,1.9871305243471071
21212,22138,0.03895804518211157,0.26614173228346455,1.9871305243471071
22720,22423,0.05924389119409866,0.4015625,1.9772736946651532
22423,22720,0.05924389119409866,0.29171396140749145,1.977273694665153
20685,22423,0.030428769017980636,0.4012158054711246,1.975566588120021
22470,84879,0.03434762563393269,0.30721649484536084,1.9656418210017335
84879,22470,0.03434762563393269,0.21976401179941005,1.9656418210017335
23203,47566,0.03734439834024896,0.3207920792079208,1.9655311293841249
47566,23203,0.03734439834024896,0.2288135593220339,1.9655311293841249
22112,85123A,0.03411710465652374,0.3874345549738219,1.9634241816313545
22386,85123A,0.03296449976947902,0.3844086021505376,1.948089388001206
22993,47566,0.031581373905025356,0.31786542923433875,1.9475991977663298
20728,85123A,0.04241585984324574,0.384133611691023,1.9466958031724975
85123A,20728,0.04241585984324574,0.2149532710280374,1.9466958031724975
85099B,22961,0.035269709543568464,0.24094488188976376,1.9464039062156335
22961,85099B,0.035269709543568464,0.2849162011173184,1.9464039062156333
22077,47566,0.030198248040571692,0.31719128329297824,1.9434686256001972
22722,22423,0.03573075149838635,0.39440203562340964,1.9420159256916583
23284,22423,0.03434762563393269,0.39417989417989424,1.9409221123182534
20727,47566,0.03342554172429691,0.3165938864628821,1.9398083043446082
47566,20727,0.03342554172429691,0.20480225988700565,1.9398083043446082
23307,22423,0.03319502074688797,0.39344262295081966,1.9372918256080087
20727,85123A,0.04034117104656524,0.38209606986899564,1.936370036322083
85123A,20727,0.04034117104656524,0.2044392523364486,1.936370036322083
22469,20725,0.03135085292761641,0.23734729493891796,1.9353619651222296
20725,22469,0.03135085292761641,0.2556390977443609,1.9353619651222296
47566,23209,0.03411710465652374,0.20903954802259886,1.933504390878537
23209,47566,0.03411710465652374,0.3155650319829424,1.9335043908785368
22907,22423,0.03227293683725219,0.3921568627450981,1.9309608065700743
22469,22720,0.037574919317657905,0.2844677137870855,1.928157722513089
22720,22469,0.037574919317657905,0.25468749999999996,1.9281577225130886
22624,22423,0.0338865836791148,0.39095744680851063,1.9250549424010432
82482,22423,0.036883356385431075,0.3902439024390244,1.9215414855624153
22423,47566,0.0636237897648686,0.3132803632236095,1.919505954327709
47566,22423,0.0636237897648686,0.38983050847457623,1.919505954327709
22993,22423,0.03872752420470263,0.3897911832946636,1.9193123191058465
22423,22960,0.05140617796219456,0.2531214528944381,1.9163016800280497
22960,22423,0.05140617796219456,0.3891797556719022,1.9163016800280497
22966,22423,0.03480866758875058,0.38917525773195877,1.91627953239641
22383,85123A,0.03780544029506685,0.3778801843317972,1.915004952840346
21485,22423,0.03319502074688797,0.3881401617250674,1.9111827713545315
22666,85099B,0.030198248040571692,0.2781316348195329,1.9000551682632025
85099B,22666,0.030198248040571692,0.20629921259842518,1.9000551682632025
22969,22423,0.03803596127247579,0.3846153846153846,1.893826944905265
47566,22910,0.03342554172429691,0.20480225988700565,1.89028128380815
22910,47566,0.03342554172429691,0.30851063829787234,1.89028128380815
22086,20725,0.03273397879207008,0.23164763458401308,1.8888861632057308
20725,22086,0.03273397879207008,0.2669172932330827,1.8888861632057306
84879,47566,0.04817888427846934,0.308259587020649,1.8887430628468578
47566,84879,0.04817888427846934,0.2951977401129944,1.8887430628468578
22178,85123A,0.034578146611341634,0.37220843672456577,1.8862619141485588
22178,22423,0.03550023052097741,0.38213399503722084,1.8816087065510374
22470,22720,0.030889810972798526,0.27628865979381445,1.8727190721649485
22720,22470,0.030889810972798526,0.209375,1.8727190721649485
85099B,22960,0.036191793453204245,0.247244094488189,1.8718060765964464
22960,85099B,0.036191793453204245,0.27399650959860383,1.8718060765964462
82494L,22423,0.03434762563393269,0.3801020408163266,1.8716034654497444
23298,22457,0.03342554172429691,0.25305410122164046,1.8700999848372681
22457,23298,0.03342554172429691,0.24701873935264054,1.8700999848372681
47566,20728,0.033656062701705854,0.2062146892655367,1.8675559958954036
20728,47566,0.033656062701705854,0.3048016701461378,1.8675559958954036
22720,20725,0.033656062701705854,0.228125,1.8601621240601505
20725,22720,0.033656062701705854,0.2744360902255639,1.8601621240601505
85099B,22720,0.040110650069156296,0.2740157480314961,1.8573129921259843
22720,85099B,0.040110650069156296,0.27187500000000003,1.8573129921259843
47566,22720,0.04472106961733518,0.2740112994350282,1.8572828389830507
22720,47566,0.04472106961733518,0.303125,1.8572828389830507
22720,22138,0.03665283540802213,0.2484375,1.854942986230637
22138,22720,0.03665283540802213,0.2736660929432014,1.8549429862306368
20728,22720,0.030198248040571692,0.2734864300626305,1.8537252087682674
22720,20728,0.030198248040571692,0.2046875,1.8537252087682672
21212,22086,0.03826648224988474,0.2614173228346457,1.8499646761120605
22086,21212,0.03826648224988474,0.2707993474714519,1.8499646761120603
22470,85099B,0.030198248040571692,0.27010309278350514,1.8452082149525122
85099B,22470,0.030198248040571692,0.20629921259842518,1.8452082149525122
84879,22457,0.03895804518211157,0.24926253687315633,1.842079872156307
22457,84879,0.03895804518211157,0.2879045996592845,1.842079872156307
22138,22960,0.03250345781466114,0.24268502581755597,1.837290823728722
22138,23298,0.03250345781466114,0.24268502581755597,1.837290823728722
22960,22138,0.03250345781466114,0.24607329842931938,1.837290823728722
23298,22138,0.03250345781466114,0.24607329842931938,1.837290823728722
84991,85123A,0.034578146611341634,0.3623188405797102,1.836143843965868
22139,21212,0.030198248040571692,0.26844262295081966,1.8338647218278041
21212,22139,0.030198248040571692,0.20629921259842518,1.8338647218278041
84378,22423,0.03227293683725219,0.37234042553191493,1.8333856594295652
47566,21212,0.0437989857076994,0.2683615819209039,1.833311090350994
21212,47566,0.0437989857076994,0.2992125984251968,1.833311090350994
23207,85123A,0.03135085292761641,0.3607427055702918,1.8281563747242124
22961,47566,0.036883356385431075,0.297951582867784,1.8255846984187105
47566,22961,0.036883356385431075,0.22598870056497175,1.8255846984187103
85123A,47566,0.058782849239280774,0.29789719626168226,1.825251465230477
47566,85123A,0.058782849239280774,0.3601694915254237,1.8252514652304768
22720,22457,0.03642231443061319,0.246875,1.824435689948893
22457,22720,0.03642231443061319,0.2691652470187394,1.824435689948893
23284,85123A,0.03135085292761641,0.3597883597883598,1.8233199821984871
22469,84879,0.037574919317657905,0.2844677137870855,1.820089885558078
84879,22469,0.037574919317657905,0.24041297935103242,1.8200898855580778
84378,85123A,0.03112033195020747,0.35904255319148937,1.8195404155895805
22666,22423,0.040110650069156296,0.3694267515923567,1.8190388744695158
85099B,22086,0.037574919317657905,0.2566929133858267,1.816531579555818
22086,85099B,0.037574919317657905,0.265905383360522,1.816531579555818
84879,22423,0.05763024435223606,0.36873156342182895,1.815615802637791
22423,84879,0.05763024435223606,0.28376844494892167,1.8156158026377909
22961,22423,0.04564315352697095,0.3687150837988826,1.8155346577974494
22423,22961,0.04564315352697095,0.22474460839954596,1.8155346577974494
22382,22720,0.030198248040571692,0.2673469387755102,1.812110969387755
22720,22382,0.030198248040571692,0.2046875,1.812110969387755
22865,85123A,0.030889810972798526,0.35733333333333334,1.8108785046728972
22666,85123A,0.03872752420470263,0.35668789808917195,1.8076075956902196
22111,85123A,0.03480866758875058,0.3552941176470588,1.8005442550852118
22411,85123A,0.03065928999538958,0.3546666666666667,1.7973644859813085
23355,47566,0.0318118948824343,0.2911392405063291,1.7838446685260674
47566,22139,0.03273397879207008,0.20056497175141244,1.7828910808557934
22139,47566,0.03273397879207008,0.29098360655737704,1.7828910808557932
47566,22086,0.04103273397879207,0.2514124293785311,1.7791633256836343
22086,47566,0.04103273397879207,0.2903752039151713,1.7791633256836343
21977,22423,0.03411710465652374,0.36097560975609755,1.777425874145234
47566,22382,0.03273397879207008,0.20056497175141244,1.7756139744033208
22382,47566,0.03273397879207008,0.28979591836734697,1.7756139744033208
85123A,85099B,0.051175656984785614,0.25934579439252337,1.7717197733460888
85099B,85123A,0.051175656984785614,0.3496062992125984,1.7717197733460885
84879,85123A,0.05463347164591978,0.3495575221238938,1.7714725829129105
85123A,84879,0.05463347164591978,0.27686915887850466,1.7714725829129103
23355,85123A,0.03803596127247579,0.3481012658227848,1.7640926298355613
22423,23298,0.04725680036883356,0.23269012485811577,1.7616226206535885
23298,22423,0.04725680036883356,0.3577661431064572,1.7616226206535883
85123A,23298,0.045873674504379895,0.23247663551401868,1.7600063610118901
23298,85123A,0.045873674504379895,0.3472949389179755,1.7600063610118901
22382,85123A,0.039188566159520516,0.3469387755102041,1.7582014114056839
22666,47566,0.03112033195020747,0.28662420382165604,1.756180503076757
22457,22960,0.03135085292761641,0.23168654173764908,1.7540248133646104
22960,22457,0.03135085292761641,0.23734729493891796,1.7540248133646101
85099B,22469,0.0338865836791148,0.23149606299212597,1.7525827596157808
22469,85099B,0.0338865836791148,0.25654450261780104,1.7525827596157808
84879,23203,0.0318118948824343,0.20353982300884954,1.748427232103741
23203,84879,0.0318118948824343,0.27326732673267323,1.748427232103741
85123A,20725,0.042185338865836794,0.21378504672897197,1.7432322043426325
20725,85123A,0.042185338865836794,0.34398496240601506,1.7432322043426325
47566,22457,0.03826648224988474,0.2344632768361582,1.7327115756648286
22457,47566,0.03826648224988474,0.28279386712095406,1.7327115756648286
85099B,22457,0.03411710465652374,0.23307086614173225,1.7224214945874525
22457,85099B,0.03411710465652374,0.252129471890971,1.7224214945874523
22197,85123A,0.0318118948824343,0.33906633906633904,1.7183058164366576
47566,85099B,0.04103273397879207,0.2514124293785311,1.717523021486721
85099B,47566,0.04103273397879207,0.28031496062992123,1.7175230214867208
47566,22469,0.03665283540802213,0.2245762711864407,1.7001952258408022
22469,47566,0.03665283540802213,0.2774869109947644,1.7001952258408022
22457,22086,0.03250345781466114,0.24020442930153327,1.6998479841925798
22086,22457,0.03250345781466114,0.2300163132137031,1.6998479841925795
21080,85123A,0.03296449976947902,0.3348946135831382,1.6971645253781
22077,85123A,0.0318118948824343,0.3341404358353511,1.6933425358104592
22086,84879,0.03734439834024896,0.2642740619902121,1.69088625503472
84879,22086,0.03734439834024896,0.23893805309734512,1.6908862550347197
84991,22423,0.03273397879207008,0.34299516908212563,1.6888910822681735
23355,22423,0.03734439834024896,0.34177215189873417,1.6828690067386025
85123A,22720,0.04887044721069617,0.24766355140186916,1.6786945093457943
22720,85123A,0.04887044721069617,0.33125,1.6786945093457943
22969,85123A,0.03273397879207008,0.331002331002331,1.6774393830468597
23203,22423,0.0396496081143384,0.34059405940594056,1.6770681381418504
22086,22720,0.03480866758875058,0.24632952691680263,1.6696523246329529
22720,22086,0.03480866758875058,0.2359375,1.6696523246329527
23209,22423,0.03665283540802213,0.3390191897654584,1.6693135586862187
22111,22423,0.03319502074688797,0.3388235294117647,1.6683501368765439
47566,22960,0.035961272475795295,0.22033898305084743,1.6681160706362586
22960,47566,0.035961272475795295,0.2722513089005235,1.6681160706362586
22077,22423,0.03204241585984324,0.3365617433414044,1.6572132152270285
23209,85123A,0.035269709543568464,0.326226012793177,1.6532341629635534
21977,85123A,0.03065928999538958,0.32439024390243903,1.6439309322999773
23084,22423,0.03434762563393269,0.33111111111111113,1.6303745743473328
21212,22457,0.03227293683725219,0.22047244094488191,1.6293176300151582
22457,21212,0.03227293683725219,0.23850085178875643,1.629317630015158
22423,21212,0.04817888427846934,0.23723041997729855,1.6206386800968835
21212,22423,0.04817888427846934,0.3291338582677165,1.6206386800968833
21080,22423,0.03227293683725219,0.3278688524590164,1.6144098546733407
84946,22423,0.03112033195020747,0.32530120481927716,1.6017668859319232
22720,84879,0.03665283540802213,0.2484375,1.5895602876106194
84879,22720,0.03665283540802213,0.2345132743362832,1.5895602876106194
23203,85123A,0.03642231443061319,0.31287128712871287,1.5855556583695753
21034,85123A,0.034578146611341634,0.31250000000000006,1.583674065420561
22993,85123A,0.030889810972798526,0.3109048723897912,1.5755903462931242
22139,22423,0.035961272475795295,0.31967213114754095,1.574049608306507
22910,22423,0.034578146611341634,0.3191489361702128,1.5714734223681988
22699,85123A,0.030198248040571692,0.30969267139479906,1.5694472062040168
22423,22457,0.04241585984324574,0.20885357548240638,1.543452828692809
22457,22423,0.04241585984324574,0.313458262350937,1.5434528286928089
22138,47566,0.033656062701705854,0.2512908777969019,1.53968902243356
47566,22138,0.033656062701705854,0.2062146892655367,1.5396890224335598
22382,22423,0.035269709543568464,0.31224489795918364,1.537478283027172
22423,22086,0.04402950668510835,0.21679909194097619,1.5342160861989473
22086,22423,0.04402950668510835,0.31158238172920066,1.5342160861989471
22423,85123A,0.06016597510373444,0.29625425652667425,1.5013445850615805
85123A,22423,0.06016597510373444,0.30490654205607476,1.5013445850615803
22960,85123A,0.03872752420470263,0.2931937172774869,1.4858345158291333
20725,22423,0.036883356385431075,0.30075187969924816,1.4808872351138915
85123A,21212,0.04264638082065468,0.2161214953271028,1.476433144455074
21212,85123A,0.04264638082065468,0.29133858267716534,1.476433144455074
22470,22423,0.03342554172429691,0.29896907216494845,1.4721087798541956
85123A,22086,0.04080221300138313,0.20677570093457945,1.46328383467244
22086,85123A,0.04080221300138313,0.28874388254486133,1.4632838346724397
23245,85123A,0.03135085292761641,0.288135593220339,1.4602011721843815
22138,22423,0.0396496081143384,0.29604130808950085,1.457692615768734
22469,22423,0.03895804518211157,0.2949389179755672,1.4522645019046658
22961,85123A,0.035269709543568464,0.2849162011173184,1.4438860752884666
20728,22423,0.03227293683725219,0.2922755741127349,1.439150329740118
22910,85123A,0.030428769017980636,0.2808510638297872,1.4232849473056273
84879,21212,0.03227293683725219,0.2064896755162242,1.4106334053376073
21212,84879,0.03227293683725219,0.22047244094488191,1.4106334053376073
22423,85099B,0.0417242969110189,0.2054483541430193,1.4035196224762483
85099B,22423,0.0417242969110189,0.28503937007874014,1.4035196224762483
22139,85123A,0.03112033195020747,0.2766393442622951,1.4019409759460701
22138,85123A,0.030198248040571692,0.22547332185886404,1.1426440072707387
