CustomerID,order_frequency,last_purchase_date,avg_order_value,purchase_inactivity_days,churned
12346,1,2011-01-18 10:01:00,77183.6,326,1
12347,7,2011-12-07 15:52:00,23.681318681318682,2,0
12348,4,2011-09-25 13:13:00,57.97548387096774,75,0
12349,1,2011-11-21 09:51:00,24.076027397260273,19,0
12350,1,2011-02-02 16:01:00,19.67058823529412,310,1
12352,8,2011-11-03 14:37:00,29.482823529411764,36,0
12353,1,2011-05-19 17:47:00,22.25,204,1
12354,1,2011-04-21 13:11:00,18.610344827586207,232,1
12355,1,2011-05-09 13:49:00,35.338461538461544,214,1
12356,3,2011-11-17 08:40:00,47.65135593220339,23,0
12357,1,2011-11-06 16:07:00,47.38679389312977,33,0
12358,2,2011-12-08 10:26:00,61.47684210526315,2,0
12359,4,2011-10-13 12:47:00,25.755224489795918,58,0
12360,3,2011-10-18 15:22:00,20.63612403100775,52,0
12361,1,2011-02-25 13:51:00,18.990000000000002,287,1
12362,10,2011-12-06 15:40:00,19.64748120300752,3,0
12363,2,2011-08-22 10:18:00,24.0,110,1
12364,4,2011-12-02 10:22:00,15.448235294117646,8,0
12365,2,2011-02-21 14:04:00,29.153636363636362,291,1
12367,1,2011-12-05 16:48:00,15.354545454545455,4,0
12370,4,2011-10-19 14:51:00,21.33698795180723,51,0
12371,2,2011-10-26 10:16:00,29.96761904761905,45,0
12372,3,2011-09-29 12:12:00,24.962307692307693,72,0
12373,1,2011-02-01 13:10:00,26.042857142857144,311,1
12374,1,2011-11-14 15:37:00,22.513030303030305,25,0
12375,2,2011-11-29 10:36:00,26.91176470588235,11,0
12377,2,2011-01-28 15:45:00,21.144415584415587,315,1
12378,1,2011-08-02 10:34:00,18.30420091324201,130,1
12379,2,2011-09-19 10:09:00,21.306,82,0
12380,4,2011-11-18 11:27:00,26.200096153846154,22,0
12381,5,2011-12-05 12:44:00,21.21045977011494,5,0
12383,5,2011-06-08 08:02:00,18.69252525252525,185,1
12384,2,2011-11-11 08:39:00,21.676666666666666,29,0
12386,2,2011-01-06 12:37:00,40.19,338,1
12388,6,2011-11-24 12:30:00,27.806600000000003,16,0
12390,1,2011-09-21 09:33:00,17.1825,80,0
12391,1,2011-11-18 12:07:00,4.72752688172043,22,0
12393,4,2011-09-28 15:41:00,24.728125000000002,72,0
12394,2,2011-10-07 08:08:00,47.12888888888889,64,0
12395,12,2011-11-20 15:21:00,19.350192307692307,19,0
12397,2,2011-11-04 09:52:00,19.126190476190477,36,0
12398,1,2011-10-25 10:27:00,19.24305882352941,46,0
12399,4,2011-08-12 13:15:00,18.790677966101697,119,1
12401,1,2011-02-09 13:50:00,16.86,303,1
12402,1,2011-01-20 13:49:00,20.50909090909091,323,1
12403,1,2011-10-21 10:51:00,85.53999999999999,50,0
12405,1,2011-07-14 08:52:00,31.67388888888889,149,1
12406,2,2011-11-17 19:22:00,32.52666666666667,22,0
12407,5,2011-10-21 10:11:00,22.18337662337662,50,0
12408,5,2011-11-07 12:27:00,27.51,33,0
12409,3,2011-09-22 10:38:00,101.58412844036697,79,0
12410,2,2011-02-04 10:39:00,26.66653846153846,309,1
12412,3,2011-09-26 10:16:00,20.112786885245903,75,0
12413,3,2011-10-04 09:00:00,19.95,67,0
12414,3,2011-05-06 14:51:00,31.245000000000005,217,1
12415,21,2011-11-15 14:22:00,174.95032212885152,24,0
12417,9,2011-12-06 14:52:00,19.005729166666665,3,0
12418,1,2011-08-19 11:08:00,19.664117647058823,113,1
12420,1,2011-10-07 08:55:00,20.70310344827586,64,0
12421,4,2011-11-24 09:07:00,17.93422222222222,16,0
12422,3,2011-09-05 09:48:00,20.604102564102565,96,1
12423,8,2011-12-09 10:10:00,14.87448,1,0
12424,2,2011-06-30 12:06:00,58.69866666666667,163,1
12425,1,2011-09-22 17:31:00,21.58888888888889,78,0
12426,1,2011-05-29 12:26:00,19.424333333333333,195,1
12427,3,2011-11-18 08:56:00,26.638709677419357,22,0
12428,9,2011-11-14 08:22:00,27.062789115646257,26,0
12429,4,2011-11-30 17:22:00,38.66391752577319,9,0
12430,1,2011-10-27 15:09:00,23.30909090909091,43,0
12431,15,2011-11-04 11:55:00,27.43568376068376,36,0
12432,5,2011-10-28 11:43:00,46.845555555555556,43,0
12433,7,2011-12-09 10:02:00,31.847309523809525,1,0
12434,2,2011-09-16 12:38:00,16.122799999999998,85,0
12435,2,2011-09-21 09:06:00,217.49694444444447,80,0
12436,1,2011-09-01 12:09:00,31.813125,100,1
12437,18,2011-12-08 11:35:00,24.88145728643216,2,0
12438,2,2011-11-25 13:28:00,29.66173469387755,14,0
12441,1,2010-12-08 10:45:00,15.77727272727273,367,1
12442,1,2011-12-06 14:22:00,14.338333333333333,3,0
12444,5,2011-11-18 13:23:00,28.440113636363638,21,0
12445,1,2011-11-17 18:43:00,33.35,22,0
12446,1,2011-10-13 12:50:00,17.584385964912283,58,0
12447,1,2011-04-10 13:25:00,18.326538461538462,243,1
12448,1,2011-10-26 13:46:00,20.429545454545455,44,0
12449,4,2011-11-17 13:46:00,21.294712041884818,22,0
12450,2,2011-07-06 14:41:00,24.735,156,1
12451,5,2011-11-29 08:40:00,25.524067796610172,11,0
12452,2,2011-11-23 10:28:00,19.57136363636364,17,0
12453,1,2011-07-28 14:08:00,16.443953488372095,134,1
12454,1,2011-10-14 17:13:00,235.22266666666667,56,0
12455,6,2011-09-27 15:31:00,27.409555555555556,73,0
12456,3,2011-10-26 14:41:00,25.44832,44,0
12457,7,2011-10-04 13:13:00,38.11661290322581,66,0
12458,2,2011-09-29 15:25:00,24.931578947368422,71,0
12461,2,2011-09-06 16:57:00,23.62514285714286,94,1
12462,2,2011-11-21 09:11:00,19.186935483870965,19,0
12463,4,2011-10-17 13:44:00,16.202168674698793,53,0
12464,8,2011-11-29 13:33:00,41.79482758620689,10,0
12465,2,2011-11-22 16:34:00,15.791276595744682,17,0
12468,2,2011-06-05 11:36:00,19.198421052631577,188,1
12471,30,2011-12-07 15:43:00,43.11252723311547,2,0
12472,7,2011-11-07 14:01:00,19.386755162241887,32,0
12473,5,2011-11-10 13:46:00,23.521257485029942,29,0
12474,18,2011-11-22 14:39:00,17.355663507109004,17,0
12475,1,2011-10-17 10:10:00,20.093888888888888,54,0
12476,11,2011-11-24 12:40:00,29.255021459227468,16,0
12477,6,2011-11-17 09:51:00,44.065799999999996,23,0
12478,1,2011-12-06 09:56:00,18.91638888888889,4,0
12479,1,2011-11-28 13:26:00,17.006451612903227,11,0
12480,4,2011-11-11 14:52:00,21.309285714285714,28,0
12481,10,2011-11-17 08:29:00,25.8325,23,0
12483,8,2011-11-22 17:02:00,33.133066666666664,17,0
12484,6,2011-11-07 11:37:00,13.199183673469387,33,0
12488,3,2011-11-30 08:50:00,23.612000000000002,10,0
12489,1,2011-01-07 13:13:00,22.328666666666667,336,1
12490,10,2011-12-04 16:07:00,22.114,5,0
12491,1,2011-11-01 12:18:00,17.70769230769231,39,0
12492,2,2011-10-07 15:15:00,13.160500000000003,63,0
12493,2,2011-06-27 10:17:00,19.715454545454545,166,1
12494,7,2011-11-24 09:34:00,16.18311688311688,16,0
12497,1,2011-09-19 12:29:00,74.50714285714285,82,0
12498,3,2011-11-18 12:53:00,17.55217391304348,21,0
12500,11,2011-11-16 16:20:00,69.80032786885245,23,0
12501,1,2011-01-07 12:28:00,14.559664429530201,337,1
12502,5,2011-09-05 11:52:00,25.332448979591835,96,1
12504,2,2011-11-21 16:02:00,53.5611111111111,18,0
12506,1,2011-04-21 08:54:00,3.1956521739130435,233,1
12507,3,2011-07-28 17:09:00,62.13380952380952,134,1
12508,2,2011-11-13 15:37:00,5.851176470588236,26,0
12509,1,2011-02-28 14:45:00,25.214285714285715,284,1
12510,2,2011-07-20 10:15:00,29.774848484848484,143,1
12512,2,2011-10-04 14:55:00,4.263870967741935,66,0
12513,1,2011-08-19 10:51:00,17.494,113,1
12514,1,2011-03-17 16:38:00,19.95450980392157,267,1
12515,1,2010-12-21 15:43:00,23.98125,353,1
12516,2,2011-09-23 09:13:00,50.46384615384615,78,0
12517,5,2011-11-11 14:04:00,8.894623655913978,28,0
12518,5,2011-12-09 10:13:00,16.58782258064516,1,0
12519,1,2011-10-07 09:26:00,19.46117647058824,64,0
12520,5,2011-09-21 15:23:00,17.330657894736845,79,0
12521,1,2011-07-20 10:51:00,15.781052631578946,143,1
12522,2,2011-10-31 15:30:00,16.06,39,0
12523,11,2011-11-20 12:55:00,16.884622641509434,19,0
12524,8,2011-11-30 15:31:00,31.150833333333335,9,0
12526,3,2011-12-09 12:09:00,18.54450704225352,1,0
12527,3,2011-09-19 11:55:00,19.37277777777778,82,0
12528,6,2011-11-30 14:40:00,21.01608695652174,9,0
12530,4,2011-10-11 12:34:00,25.186060606060607,60,0
12531,1,2011-11-25 11:12:00,7.365882352941177,15,0
12532,1,2011-11-09 13:47:00,21.864375000000003,30,0
12534,1,2011-08-01 10:26:00,17.28857142857143,131,1
12535,2,2011-09-09 08:48:00,21.069117647058825,92,1
12536,3,2011-10-27 14:20:00,48.282873563218395,43,0
12538,1,2011-11-10 17:16:00,17.33095238095238,29,0
12539,4,2011-11-17 13:30:00,20.396886446886448,22,0
12540,17,2011-11-20 11:31:00,28.03397489539749,20,0
12541,3,2011-11-10 10:40:00,18.868846153846153,30,0
12544,1,2011-11-03 16:15:00,19.61578947368421,36,0
12545,2,2011-09-25 13:39:00,20.0078,75,0
12546,2,2011-10-24 12:09:00,16.833333333333332,47,0
12547,2,2011-05-26 12:38:00,25.975,198,1
12548,1,2011-06-26 15:35:00,19.04,166,1
12550,1,2011-09-21 14:35:00,16.92684210526316,79,0
12551,1,2010-12-17 11:23:00,16.8,358,1
12552,2,2011-11-01 10:02:00,21.891,39,0
12553,10,2011-12-01 16:38:00,19.33130890052356,8,0
12556,2,2011-10-20 13:06:00,5.038319327731092,50,0
12557,5,2011-11-23 16:59:00,363.36242424242425,16,0
12558,1,2011-12-02 10:41:00,24.54181818181818,8,0
12559,2,2011-02-02 09:49:00,26.74809523809524,311,1
12560,4,2011-12-04 13:54:00,20.323904761904764,5,0
12561,1,2011-02-10 11:39:00,14.928125,303,1
12562,7,2011-12-01 17:20:00,22.510357142857146,8,0
12564,1,2011-03-23 14:55:00,21.75714285714286,261,1
12565,1,2011-02-24 10:34:00,16.213333333333335,289,1
12566,1,2011-09-14 14:30:00,18.507894736842104,86,0
12567,10,2011-11-17 11:02:00,21.079103139013455,23,0
12569,32,2011-12-07 16:24:00,21.93984042553192,2,0
12571,2,2011-10-31 10:19:00,15.28264705882353,40,0
12572,2,2011-12-01 09:20:00,17.007,9,0
12573,1,2011-04-26 15:52:00,5.733571428571429,227,1
12574,1,2011-01-28 09:20:00,19.85909090909091,316,1
12576,5,2011-11-04 10:11:00,14.952613636363635,36,0
12577,3,2011-11-04 13:24:00,4.291780821917809,35,0
12578,2,2011-11-18 13:30:00,24.51324561403509,21,0
12579,1,2011-09-22 17:15:00,15.18689655172414,78,0
12580,1,2011-04-07 10:24:00,17.320833333333333,247,1
12581,1,2011-10-31 08:56:00,13.180666666666667,40,0
12582,2,2011-04-15 08:45:00,23.243636363636366,239,1
12583,15,2011-12-07 08:07:00,29.47927125506073,3,0
12584,9,2011-12-06 09:35:00,24.355729166666666,4,0
12585,2,2011-04-19 13:39:00,23.44942528735632,234,1
12586,1,2011-11-22 16:24:00,17.903636363636366,17,0
12587,1,2011-12-02 12:47:00,36.0,8,0
12588,1,2011-10-31 15:01:00,21.49,39,0
12589,2,2011-11-11 10:19:00,18.47657142857143,29,0
12590,2,2011-05-12 14:52:00,145.06264705882353,211,1
12591,1,2011-01-26 14:35:00,17.41730769230769,317,1
12592,2,2011-09-08 15:04:00,24.311111111111114,92,1
12593,3,2011-08-23 12:43:00,19.90952380952381,109,1
12594,10,2011-11-02 12:20:00,28.290000000000003,38,0
12596,2,2011-10-19 13:02:00,22.898888888888887,51,0
12597,4,2011-11-20 13:33:00,18.50106796116505,19,0
12598,8,2011-11-30 12:18:00,22.902121212121212,10,0
12599,7,2011-11-10 13:34:00,16.654516129032256,29,0
12600,10,2011-11-11 10:29:00,40.61,29,0
12601,5,2011-06-03 10:17:00,20.609285714285715,190,1
12602,1,2011-10-12 11:22:00,12.76,59,0
12603,1,2011-11-18 10:42:00,369.59999999999997,22,0
12604,2,2011-09-21 14:08:00,15.88625,79,0
12607,1,2011-10-10 16:06:00,15.63871287128713,60,0
12609,3,2011-09-22 16:34:00,18.78083333333333,78,0
12610,5,2011-11-17 09:34:00,19.80698113207547,23,0
12611,1,2011-10-18 13:12:00,18.35876923076923,52,0
12612,1,2011-09-26 15:35:00,37.054736842105264,74,0
12613,5,2011-10-13 14:59:00,21.858692810457516,57,0
12614,1,2011-03-07 10:22:00,15.780000000000001,278,1
12615,4,2011-12-07 15:02:00,21.820857142857143,2,0
12616,2,2011-09-05 15:17:00,22.290625,95,1
12617,1,2011-11-10 14:39:00,8.609268292682927,29,0
12618,1,2011-11-18 11:10:00,16.11909090909091,22,0
12619,9,2011-11-23 14:52:00,40.45822222222222,16,0
12620,3,2011-11-25 10:20:00,14.558804347826088,15,0
12621,20,2011-12-08 11:25:00,29.31406852248394,2,0
12622,1,2011-04-21 16:39:00,16.37272727272727,232,1
12623,1,2011-03-08 13:50:00,16.950000000000003,276,1
12624,2,2011-08-25 15:04:00,16.87184210526316,106,1
12625,2,2011-05-12 09:54:00,31.207209302325584,212,1
12626,9,2011-11-16 16:06:00,22.518639455782314,23,0
12627,7,2011-11-29 12:07:00,19.47186956521739,11,0
12628,3,2011-12-05 13:15:00,19.181951219512197,4,0
12630,2,2011-11-30 10:48:00,19.8575,10,0
12631,1,2011-10-13 13:53:00,20.661290322580644,57,0
12633,4,2011-10-12 11:40:00,21.425544554455445,59,0
12635,2,2011-09-11 11:04:00,16.724554455445546,90,0
12637,8,2011-10-03 13:46:00,15.714397905759162,67,0
12638,1,2011-11-06 13:11:00,17.222820512820515,33,0
12639,1,2011-04-15 12:48:00,22.095454545454547,239,1
12640,3,2011-11-16 11:52:00,22.16188679245283,24,0
12641,1,2011-08-16 13:26:00,18.59,115,1
12642,3,2011-11-14 15:03:00,21.558723404255318,25,0
12643,6,2011-08-03 12:56:00,139.35999999999999,128,1
12644,1,2011-08-02 10:33:00,15.416451612903225,130,1
12645,4,2011-11-06 12:38:00,24.31753424657534,34,0
12646,2,2011-12-05 10:14:00,29.932666666666666,5,0
12647,12,2011-11-17 12:56:00,30.76710743801653,22,0
12648,1,2011-07-08 11:55:00,15.145238095238096,155,1
12649,3,2011-08-24 14:41:00,20.113225806451613,107,1
12650,1,2011-12-06 16:34:00,15.722,3,0
12651,1,2011-01-09 12:46:00,12.666666666666666,335,1
12652,1,2011-01-12 15:00:00,19.16625,331,1
12653,2,2011-07-14 10:41:00,51.391860465116274,149,1
12654,5,2011-11-29 10:10:00,15.841578947368422,11,0
12656,5,2011-11-22 13:42:00,32.152142857142856,17,0
12657,4,2011-11-28 15:47:00,34.961276595744685,11,0
12658,1,2011-11-21 10:22:00,19.056944444444444,19,0
12659,1,2011-11-10 11:53:00,18.336000000000002,30,0
12660,1,2011-11-28 13:26:00,18.853846153846156,11,0
12662,11,2011-12-09 11:59:00,16.73817391304348,1,0
12664,9,2011-12-01 17:07:00,131.94270270270272,8,0
12665,1,2011-01-19 08:34:00,21.0,325,1
12667,1,2011-10-12 17:00:00,18.791818181818183,58,0
12668,4,2011-11-28 10:56:00,23.64689440993789,12,0
12669,3,2011-07-12 09:54:00,27.168613861386135,151,1
12670,5,2011-11-29 15:23:00,32.56576086956522,10,0
12672,1,2011-01-14 09:20:00,22.59,330,1
12673,2,2011-12-04 13:55:00,14.536190476190475,5,0
12674,4,2011-11-01 12:12:00,23.742168674698792,39,0
12676,6,2011-11-15 12:25:00,29.586444444444446,25,0
12678,12,2011-10-28 13:04:00,106.83915151515151,42,0
12679,4,2011-10-12 12:30:00,23.187916666666666,59,0
12680,4,2011-12-09 12:50:00,16.592499999999998,1,0
12681,22,2011-11-25 11:33:00,21.610564263322885,15,0
12682,31,2011-12-06 10:00:00,23.434770992366413,4,0
12683,15,2011-12-05 16:31:00,24.641191860465117,4,0
12684,7,2011-12-02 09:53:00,21.748857142857144,8,0
12685,6,2011-11-11 13:46:00,18.236178343949042,28,0
12686,1,2010-12-03 09:51:00,12.734285714285715,372,1
12688,1,2011-08-18 08:49:00,28.50181286549708,114,1
12689,2,2011-11-14 08:31:00,17.327916666666667,26,0
12690,1,2011-05-18 09:09:00,24.313125,206,1
12691,6,2011-11-11 16:49:00,32.36875,28,0
12693,4,2011-08-04 17:51:00,21.946410256410257,127,1
12694,2,2011-09-30 13:06:00,23.504594594594593,70,0
12695,4,2011-12-02 13:22:00,21.55925925925926,7,0
12697,3,2011-11-11 08:47:00,23.355853658536585,29,0
12700,4,2011-12-02 10:47:00,18.432798507462685,8,0
12701,2,2011-09-21 10:47:00,15.051132075471699,80,0
12702,1,2011-11-20 10:36:00,18.25,20,0
12703,1,2011-09-29 17:52:00,13.502380952380953,71,0
12704,8,2011-12-02 13:15:00,26.600454545454546,7,0
12705,9,2011-11-24 13:17:00,20.56374251497006,15,0
12707,1,2011-02-21 08:38:00,18.285454545454545,292,1
12708,10,2011-11-10 09:52:00,17.27968152866242,30,0
12709,15,2011-11-24 15:38:00,46.891400966183575,15,0
12710,3,2011-09-04 12:00:00,14.922337662337663,97,1
12712,13,2011-11-11 08:19:00,33.053609022556394,29,0
12713,1,2011-12-09 12:16:00,22.330263157894734,1,0
12714,5,2011-11-30 15:43:00,18.18092664092664,9,0
12715,1,2011-08-25 15:22:00,17.168,106,1
12716,2,2011-12-06 08:55:00,15.267971014492753,4,0
12717,2,2011-07-11 14:47:00,18.74509090909091,151,1
12718,1,2011-09-29 16:38:00,12.539473684210526,71,0
12719,2,2011-12-04 13:45:00,16.53717948717949,5,0
12720,25,2011-12-07 08:03:00,16.33257062146893,3,0
12721,6,2011-11-08 12:13:00,16.497701863354038,32,0
12722,4,2011-09-15 14:50:00,18.82320754716981,85,0
12723,5,2011-12-06 10:19:00,10.508260869565218,4,0
12724,4,2011-12-04 16:02:00,19.460566037735852,5,0
12725,1,2010-12-03 15:45:00,17.825,371,1
12726,7,2011-11-11 13:35:00,21.041129032258063,28,0
12727,7,2011-11-29 11:46:00,28.63812949640288,11,0
12728,4,2011-09-29 15:31:00,18.18108695652174,71,0
12729,1,2011-08-18 11:40:00,17.423461538461538,114,1
12731,12,2011-11-16 11:59:00,68.96317518248175,24,0
12732,1,2011-06-13 11:33:00,19.688333333333336,180,1
12733,1,2011-04-19 16:19:00,17.452272727272728,234,1
12734,1,2010-12-22 12:47:00,27.599999999999998,353,1
12735,2,2011-01-28 13:37:00,18.12953488372093,315,1
12736,1,2011-01-11 07:57:00,58.5,333,1
12738,1,2010-12-02 18:27:00,14.122727272727273,372,1
12739,2,2011-09-22 13:00:00,26.658947368421053,78,0
12740,1,2011-10-07 10:44:00,15.837037037037037,64,0
12743,2,2011-07-28 16:21:00,4.123129770992366,134,1
12744,7,2011-10-19 11:18:00,95.85265765765766,52,0
12747,11,2011-12-07 14:34:00,40.737961165048546,2,0
12748,209,2011-12-09 12:20:00,7.491656844968269,1,0
12749,5,2011-12-06 09:56:00,20.55718592964824,4,0
12750,1,2011-08-03 09:13:00,18.392,129,1
12752,1,2011-09-19 13:32:00,82.3920754716981,81,0
12753,6,2011-11-17 10:52:00,108.77862944162436,23,0
12754,3,2011-04-18 09:00:00,47.78952380952381,236,1
12755,2,2011-03-04 12:42:00,952.9875000000001,281,1
12756,1,2011-09-14 09:31:00,28.02,87,0
12757,13,2011-11-24 12:30:00,21.52376373626374,16,0
12758,2,2011-08-15 10:22:00,28.779278350515465,117,1
12759,3,2011-10-18 14:49:00,16.12042105263158,52,0
12762,2,2011-12-02 10:23:00,27.51478260869565,8,0
12763,2,2011-07-24 14:12:00,27.448888888888888,138,1
12764,1,2011-01-27 10:19:00,37.64177777777778,317,1
12766,7,2011-12-06 08:46:00,22.547193548387096,4,0
12769,1,2011-04-15 10:25:00,35.7375,239,1
12770,1,2011-05-13 09:33:00,112.62083333333334,211,1
12772,1,2011-10-11 09:19:00,16.226727272727274,60,0
12775,5,2011-11-22 16:33:00,21.00060606060606,17,0
12778,6,2011-11-20 11:30:00,16.4446,20,0
12779,8,2011-11-02 11:43:00,26.72053691275168,38,0
12781,2,2011-10-07 10:37:00,33.0696,64,0
12782,5,2011-12-05 09:16:00,22.630291262135923,5,0
12783,6,2011-12-07 15:56:00,26.49892857142857,2,0
12784,2,2011-11-30 15:38:00,9.347719298245615,9,0
12785,1,2010-12-10 13:48:00,22.282142857142855,364,1
12787,3,2011-11-30 08:44:00,23.183,10,0
12789,1,2011-10-05 13:34:00,22.9625,65,0
12790,1,2011-05-31 14:14:00,15.472380952380954,192,1
12791,1,2010-12-01 11:27:00,96.30000000000001,374,1
12792,1,2011-03-28 11:36:00,16.0216,257,1
12793,2,2011-01-09 12:12:00,22.728333333333335,335,1
12794,2,2011-10-17 14:54:00,19.12022222222222,53,0
12795,1,2011-11-21 10:27:00,30.74857142857143,19,0
12797,1,2010-12-09 10:55:00,19.540769230769232,366,1
12798,3,2011-11-29 15:52:00,872.13,10,0
12802,1,2011-06-06 09:36:00,17.1032,187,1
12808,3,2011-11-03 10:05:00,17.273214285714285,37,0
12809,1,2011-06-15 10:51:00,19.572400000000002,178,1
12811,3,2011-03-24 09:42:00,16.608064516129033,261,1
12812,1,2011-10-26 09:54:00,15.309333333333335,45,0
12814,1,2011-08-30 12:11:00,62.96,102,1
12815,2,2011-07-15 10:21:00,22.6268085106383,148,1
12816,2,2011-09-05 12:41:00,19.731034482758623,96,1
12817,1,2011-03-03 16:28:00,41.510000000000005,281,1
12818,1,2011-03-23 12:06:00,110.14857142857143,262,1
12820,4,2011-12-06 15:12:00,15.97186440677966,3,0
12821,1,2011-05-09 15:51:00,15.453333333333333,214,1
12822,2,2011-09-30 10:04:00,20.62782608695652,71,0
12823,5,2011-09-26 07:35:00,351.9,75,0
12824,1,2011-10-11 12:49:00,15.8848,60,0
12826,7,2011-12-07 10:25:00,16.205714285714286,3,0
12827,3,2011-12-04 12:17:00,17.206,6,0
12828,6,2011-12-07 08:45:00,18.19125,3,0
12829,2,2011-01-07 11:13:00,26.636363636363637,337,1
12830,6,2011-11-02 11:54:00,179.33263157894737,38,0
12831,1,2011-03-22 13:02:00,23.894444444444446,262,1
12832,2,2011-11-07 13:30:00,14.186296296296298,32,0
12833,1,2011-07-17 13:46:00,17.390833333333333,145,1
12834,1,2011-03-02 09:49:00,17.354444444444443,283,1
12836,4,2011-10-11 15:10:00,15.002068965517243,59,0
12837,1,2011-06-19 16:07:00,11.174999999999999,173,1
12838,2,2011-11-06 12:20:00,5.599583333333333,34,0
12839,14,2011-12-07 12:33:00,17.80707006369427,3,0
12840,4,2011-07-19 09:29:00,24.13070796460177,144,1
12841,25,2011-12-05 11:13:00,9.641497584541062,5,0
12842,2,2011-09-30 15:33:00,32.9114705882353,70,0
12843,8,2011-10-05 12:09:00,16.526796116504855,66,0
12844,2,2011-11-10 13:31:00,6.268461538461539,29,0
12845,4,2011-03-17 13:34:00,13.114444444444446,267,1
12847,1,2011-11-17 13:16:00,10.043333333333333,22,0
12849,2,2011-11-08 13:41:00,21.047708333333333,31,0
12851,1,2011-09-04 12:41:00,2.8044680851063832,97,1
12852,1,2011-02-18 08:47:00,18.326470588235296,295,1
12853,6,2011-07-28 11:29:00,25.09102564102564,135,1
12854,3,2011-09-22 12:15:00,12.075688073394495,79,0
12855,1,2010-12-02 09:37:00,12.700000000000001,373,1
12856,6,2011-12-02 10:52:00,6.98,8,0
12857,2,2011-05-13 10:20:00,24.05217391304348,211,1
12863,1,2011-10-18 14:15:00,104.24000000000001,52,0
12864,1,2011-07-24 13:03:00,49.04,138,1
12865,2,2011-11-13 14:31:00,16.507684210526318,26,0
12866,1,2011-03-01 14:11:00,21.504615384615384,283,1
12867,7,2011-11-13 15:30:00,7.50812734082397,26,0
12868,6,2011-06-07 10:42:00,15.0192523364486,186,1
12871,2,2011-09-16 15:07:00,34.60363636363636,84,0
12872,2,2011-01-17 10:52:00,9.090454545454547,327,1
12873,1,2011-03-02 14:58:00,93.5,282,1
12875,2,2011-07-19 15:30:00,171.61500000000004,143,1
12876,2,2011-10-13 12:26:00,26.09435294117647,58,0
12877,12,2011-12-06 10:30:00,9.972532467532467,4,0
12878,2,2011-04-17 13:07:00,18.191276595744682,236,1
12879,3,2011-10-26 12:24:00,57.322,45,0
12881,1,2011-03-09 11:44:00,42.57142857142857,276,1
12882,2,2011-11-30 16:18:00,112.54153846153847,9,0
12883,4,2011-11-15 09:32:00,16.749285714285715,25,0
12884,1,2011-09-12 13:10:00,44.15,88,0
12885,3,2011-10-07 13:40:00,16.552394366197184,63,0
12886,2,2011-10-03 10:09:00,16.809756097560978,68,0
12888,2,2011-05-09 16:02:00,70.824,214,1
12890,1,2011-11-15 17:26:00,4.768607594936708,24,0
12891,3,2011-06-07 12:31:00,110.33333333333333,186,1
12893,1,2011-11-09 12:34:00,5.695161290322581,31,0
12895,2,2011-10-28 13:51:00,16.945454545454545,42,0
12897,2,2011-05-19 12:13:00,54.125,205,1
12901,28,2011-12-01 10:07:00,152.19431034482758,9,0
12902,1,2011-03-20 12:06:00,13.868,265,1
12904,2,2011-11-21 14:34:00,6.986760563380281,18,0
12906,5,2011-11-28 09:55:00,46.34619047619047,12,0
12908,2,2011-06-16 15:39:00,375.0,176,1
12909,5,2011-10-31 12:43:00,23.941428571428574,40,0
12910,8,2011-11-16 14:28:00,41.00053333333333,23,0
12912,5,2011-12-07 08:55:00,69.2625,3,0
12913,5,2011-12-05 12:11:00,49.6726,5,0
12915,2,2011-07-14 11:34:00,16.529545454545453,149,1
12916,4,2011-07-24 10:35:00,28.59174757281553,139,1
12917,1,2011-08-03 16:42:00,297.0,128,1
12919,6,2011-12-01 13:47:00,26.7038,8,0
12920,1,2011-11-22 15:05:00,6.028888888888889,17,0
12921,37,2011-11-30 16:22:00,23.037625,9,0
12922,1,2011-07-01 15:35:00,14.477857142857143,161,1
12923,1,2011-10-06 16:20:00,6.172142857142857,64,0
12924,4,2011-09-12 13:55:00,31.123333333333335,88,0
12925,2,2011-12-05 11:11:00,15.423333333333332,5,0
12928,5,2011-11-04 14:24:00,24.55595238095238,35,0
12929,1,2011-02-01 12:08:00,14.73125,312,1
12930,2,2011-09-22 15:18:00,16.632,78,0
12931,15,2011-11-18 12:39:00,512.8775609756098,22,0
12933,3,2011-11-15 16:38:00,5.7314150943396225,24,0
12935,7,2011-12-07 17:25:00,16.749612403100773,2,0
12936,4,2011-11-22 17:32:00,17.15967741935484,17,0
12937,4,2011-11-24 15:05:00,12.535583333333333,15,0
12938,1,2011-11-14 11:21:00,12.682222222222222,26,0
12939,8,2011-10-06 14:33:00,246.42127659574467,64,0
12940,2,2011-10-16 12:09:00,9.371770833333334,55,0
12942,3,2011-07-31 14:39:00,9.651428571428571,131,1
12944,2,2011-11-04 11:04:00,20.150333333333332,36,0
12945,1,2011-02-24 14:15:00,20.128260869565217,288,1
12947,6,2011-07-19 10:06:00,16.535979381443298,144,1
12948,7,2011-11-23 17:10:00,17.801293103448273,16,0
12949,8,2011-11-09 11:25:00,19.382418604651164,31,0
12950,3,2011-12-07 13:17:00,80.1304347826087,2,0
12951,6,2011-12-01 12:14:00,16.89,9,0
12952,4,2011-12-04 10:35:00,17.566962025316457,6,0
12953,1,2011-11-30 09:24:00,19.40294117647059,10,0
12955,11,2011-12-08 16:29:00,26.428666666666665,1,0
12956,1,2011-02-06 16:08:00,5.687894736842105,306,1
12957,8,2011-11-30 09:53:00,16.880420168067225,10,0
12962,2,2011-12-02 15:55:00,16.649375,7,0
12963,8,2011-12-01 12:55:00,19.54347368421053,8,0
12965,1,2011-09-11 15:31:00,7.1278703703703705,89,0
12966,1,2011-11-30 12:38:00,16.018,10,0
12967,2,2010-12-16 19:10:00,87.41578947368421,358,1
12968,1,2011-08-19 15:44:00,27.189999999999998,112,1
12970,4,2011-12-02 14:30:00,3.1431782945736435,7,0
12971,86,2011-12-06 12:20:00,36.68822950819672,4,0
12974,1,2011-05-26 09:33:00,18.1,198,1
12976,1,2011-05-12 09:55:00,33.57272727272727,212,1
12977,1,2011-07-06 16:40:00,4.359999999999999,156,1
12980,9,2011-07-05 09:34:00,368.745,158,1
12981,2,2011-11-10 12:00:00,18.610999999999997,30,0
12982,1,2011-04-11 11:51:00,13.947857142857144,243,1
12984,1,2011-11-21 12:37:00,24.375,19,0
12985,2,2011-12-09 10:46:00,16.30763157894737,1,0
12987,2,2011-09-27 12:03:00,19.95357142857143,74,0
12988,1,2011-02-20 14:31:00,6.094216867469879,292,1
12989,15,2011-12-06 15:28:00,108.18921875,3,0
12990,3,2011-11-08 13:01:00,31.5,31,0
12991,2,2011-11-16 15:34:00,16.25032258064516,23,0
12993,4,2011-11-16 15:49:00,15.361481481481482,23,0
12994,3,2011-12-05 15:43:00,15.974098360655738,4,0
12995,1,2011-09-15 15:44:00,70.44,85,0
12997,4,2011-11-17 15:47:00,20.794745762711866,22,0
12999,3,2011-05-27 13:24:00,16.28142857142857,196,1
13000,3,2011-08-25 10:43:00,17.253225806451614,107,1
13001,13,2011-12-05 14:51:00,29.038486646884277,4,0
13002,1,2011-01-25 15:18:00,17.27857142857143,318,1
13003,3,2011-08-26 10:50:00,24.84166666666667,106,1
13004,18,2011-11-28 11:27:00,13.999777227722772,12,0
13005,2,2011-06-19 10:53:00,19.75769230769231,174,1
13006,1,2011-10-14 13:49:00,20.3925,56,0
13008,1,2011-01-20 14:24:00,16.390714285714285,323,1
13011,1,2010-12-02 17:22:00,16.85,372,1
13012,8,2011-11-30 13:05:00,18.71409090909091,9,0
13013,13,2011-12-08 15:01:00,21.967762557077627,1,0
13014,10,2011-11-29 12:27:00,31.800733944954132,11,0
13015,5,2011-10-17 13:19:00,19.08365714285714,53,0
13016,3,2011-09-27 14:08:00,16.806170212765956,73,0
13017,1,2011-12-02 15:53:00,204.0,7,0
13018,28,2011-11-23 13:28:00,15.890174672489083,16,0
13021,9,2011-12-05 16:37:00,19.97236641221374,4,0
13023,2,2011-10-06 16:27:00,17.2475,64,0
13026,5,2011-12-08 16:58:00,24.384,1,0
13027,6,2011-08-18 09:39:00,265.84615384615387,114,1
13028,2,2011-11-17 11:10:00,14.695999999999998,23,0
13029,3,2011-11-09 09:13:00,124.75,31,0
13030,2,2011-11-28 14:30:00,8.178695652173914,11,0
13032,2,2011-10-18 15:54:00,14.227887323943662,52,0
13033,1,2010-12-17 14:23:00,17.322727272727274,357,1
13034,2,2011-10-16 12:21:00,17.372162162162162,55,0
13035,2,2011-09-27 08:57:00,34.1437037037037,74,0
13037,3,2011-07-24 15:46:00,18.355625,138,1
13038,3,2011-09-20 14:37:00,32.445,80,0
13040,2,2011-12-01 10:38:00,15.743953488372092,9,0
13043,1,2011-03-11 14:52:00,39.72461538461538,273,1
13044,1,2011-02-21 15:20:00,16.983939393939394,291,1
13045,1,2011-09-01 15:04:00,16.96,99,1
13046,2,2011-11-09 08:36:00,17.980285714285714,31,0
13047,10,2011-11-08 12:06:00,18.822906976744186,32,0
13048,4,2011-11-25 13:23:00,13.477111111111112,14,0
13049,2,2011-10-06 15:31:00,46.90571428571429,64,0
13050,17,2011-11-25 09:18:00,14.483523573200992,15,0
13052,1,2011-05-11 14:12:00,19.34166666666667,212,1
13055,3,2011-09-22 14:26:00,15.979078947368421,78,0
13058,3,2011-11-15 12:43:00,33.925000000000004,25,0
13059,1,2011-04-04 10:40:00,22.925,250,1
13060,1,2011-03-31 11:37:00,20.502000000000002,254,1
13061,1,2011-09-28 16:04:00,24.861,72,0
13062,1,2011-06-01 15:12:00,31.543636363636367,191,1
13064,4,2011-11-27 12:31:00,16.258676470588235,13,0
13065,1,2010-12-01 16:52:00,14.704285714285716,373,1
13066,2,2011-11-15 12:57:00,9.808333333333334,24,0
13067,1,2011-09-18 13:38:00,7.697333333333334,82,0
13068,2,2011-11-29 15:00:00,172.0,10,0
13069,24,2011-12-09 08:39:00,10.451509433962263,1,0
13070,1,2011-05-31 13:45:00,25.422222222222224,192,1
13072,1,2011-03-18 08:12:00,25.307142857142857,267,1
13075,1,2011-08-02 10:19:00,41.80045454545455,130,1
13077,4,2011-12-08 19:24:00,6.558738738738739,1,0
13078,26,2011-12-06 15:36:00,35.27357541899441,3,0
13079,5,2011-12-05 16:53:00,36.68333333333334,4,0
13080,1,2011-06-13 14:59:00,9.68,179,1
13081,11,2011-11-28 10:54:00,27.67322265625,12,0
13082,9,2011-08-05 16:16:00,49.50178082191781,126,1
13083,2,2011-12-05 15:01:00,16.875,4,0
13085,2,2011-07-05 12:11:00,18.91272727272727,158,1
13089,97,2011-12-07 09:02:00,32.393649393605294,3,0
13090,14,2011-12-01 12:39:00,57.48916129032258,9,0
13091,1,2011-11-11 15:54:00,16.467619047619046,28,0
13092,5,2011-09-30 11:18:00,19.1132,71,0
13093,8,2011-03-09 12:14:00,49.260817610062894,276,1
13094,12,2011-11-18 14:07:00,80.305,21,0
13095,1,2011-09-30 12:03:00,12.399999999999999,71,0
13097,10,2011-11-07 10:43:00,14.259429928741094,33,0
13098,28,2011-12-08 14:14:00,50.49377622377622,1,0
13099,1,2011-09-01 17:40:00,207.36,99,1
13101,1,2011-04-19 14:37:00,12.64875,234,1
13102,24,2011-12-08 12:52:00,21.131875,1,0
13103,1,2011-10-31 09:38:00,30.4925,40,0
13104,6,2011-12-06 13:10:00,54.924,3,0
13106,1,2011-07-29 15:12:00,76.5,133,1
13107,4,2011-10-26 14:52:00,26.407241379310346,44,0
13108,1,2010-12-02 10:35:00,35.006,373,1
13109,2,2011-10-11 10:16:00,16.734893617021275,60,0
13110,7,2011-11-08 14:30:00,10.266689655172414,31,0
13113,24,2011-12-09 12:49:00,61.229800000000004,1,0
13115,4,2011-11-28 12:38:00,19.12316666666667,12,0
13116,1,2011-07-24 14:33:00,16.704666666666665,138,1
13117,8,2011-11-18 12:02:00,12.959342105263158,22,0
13118,5,2011-11-20 12:46:00,15.162151898734177,20,0
13120,1,2011-04-15 10:19:00,30.6,239,1
13121,1,2011-03-15 16:47:00,5.674600000000001,269,1
13122,2,2011-09-06 15:53:00,16.77072727272727,94,1
13124,3,2011-09-11 12:45:00,16.920405405405404,90,0
13126,8,2011-12-05 10:00:00,14.997428571428571,5,0
13127,1,2011-09-23 10:26:00,17.278000000000002,78,0
13130,1,2011-09-06 15:30:00,32.0,94,1
13131,3,2011-11-16 13:21:00,24.393181818181816,23,0
13132,1,2011-03-23 12:44:00,25.766666666666666,262,1
13133,2,2011-03-11 10:31:00,15.685714285714285,274,1
13134,4,2011-09-15 10:35:00,18.301836734693875,86,0
13135,1,2011-05-27 10:52:00,3096.0,197,1
13136,5,2011-10-14 13:41:00,20.53236220472441,56,0
13137,8,2011-11-29 12:09:00,5.244963609898107,11,0
13138,6,2011-11-17 16:51:00,15.276031746031746,22,0
13139,7,2011-11-23 13:54:00,29.793764705882356,16,0
13140,3,2011-08-23 15:33:00,9.388222222222224,108,1
13141,5,2011-09-16 09:54:00,17.694444444444443,85,0
13142,1,2011-11-20 16:07:00,13.351739130434783,19,0
13144,1,2011-01-11 11:15:00,36.983333333333334,333,1
13145,4,2011-10-31 12:45:00,103.08666666666666,40,0
13146,1,2011-11-13 15:29:00,13.465294117647058,26,0
13147,4,2011-11-29 13:59:00,178.2,10,0
13148,12,2011-11-10 15:23:00,11.805320512820513,29,0
13149,4,2011-11-25 13:09:00,19.48906976744186,14,0
13151,1,2011-02-17 12:29:00,16.998243243243245,296,1
13153,1,2011-12-04 12:14:00,32.41466666666667,6,0
13155,4,2011-11-06 15:41:00,11.432470588235294,33,0
13157,4,2011-10-21 13:50:00,20.014022988505747,49,0
13158,4,2011-09-06 11:58:00,15.203291139240505,95,1
13159,4,2011-12-01 11:20:00,11.911249999999999,9,0
13160,1,2011-11-17 13:07:00,22.95,22,0
13161,1,2011-01-30 14:03:00,14.09375,313,1
13162,4,2011-08-09 15:59:00,21.370759493670885,122,1
13165,2,2011-10-24 15:05:00,24.32095238095238,46,0
13166,1,2011-03-01 15:16:00,10.175609756097561,283,1
13167,4,2011-11-21 12:24:00,12.174307692307693,19,0
13168,4,2011-11-03 12:56:00,10.314206349206348,36,0
13169,2,2011-10-07 12:11:00,54.83692307692308,64,0
13170,1,2011-11-13 12:19:00,3.6270000000000002,27,0
13171,3,2011-11-18 10:27:00,10.182826086956522,22,0
13173,2,2011-12-05 15:51:00,8.224418604651163,4,0
13174,3,2011-11-23 14:35:00,9.361160409556314,16,0
13176,1,2011-10-24 15:43:00,7.186417910447761,46,0
13177,1,2011-10-06 09:56:00,16.61470588235294,65,0
13178,11,2011-11-13 16:14:00,21.60554716981132,26,0
13182,1,2011-10-25 13:46:00,11.016363636363637,45,0
13183,9,2011-12-02 10:30:00,42.10404255319149,8,0
13184,10,2011-11-25 12:02:00,9.323743016759776,15,0
13185,1,2011-03-17 11:56:00,71.4,268,1
13186,3,2011-10-31 11:40:00,19.947974683544306,40,0
13187,1,2011-01-06 18:57:00,6.378918918918919,337,1
13188,1,2011-11-28 15:28:00,57.3,11,0
13189,2,2011-11-21 10:39:00,8.988965517241379,19,0
13192,2,2011-09-05 14:13:00,14.475238095238096,95,1
13193,1,2011-10-09 14:30:00,4.4832,61,0
13194,1,2011-07-27 09:01:00,20.233333333333334,136,1
13196,4,2011-11-28 13:54:00,16.343454545454545,11,0
13198,6,2011-11-29 15:17:00,15.049734513274338,10,0
13199,38,2011-12-06 12:30:00,82.49680672268909,4,0
13200,4,2011-11-20 15:35:00,18.915,19,0
13203,4,2011-11-30 10:45:00,15.253684210526316,10,0
13207,2,2011-11-24 14:52:00,31.282500000000002,15,0
13208,6,2011-10-12 09:54:00,8.227364864864866,59,0
13209,8,2011-11-09 13:54:00,18.35392523364486,30,0
13210,1,2011-09-07 08:18:00,16.067272727272726,94,1
13211,3,2011-11-29 14:43:00,19.916727272727275,10,0
13212,3,2011-11-20 12:40:00,5.580354609929079,20,0
13213,5,2011-10-14 11:42:00,16.895333333333333,57,0
13216,1,2011-03-17 12:18:00,66.748,268,1
13217,3,2011-08-09 15:32:00,133.495,122,1
13218,1,2011-08-04 16:59:00,12.528,127,1
13220,4,2011-09-22 13:38:00,39.01380952380953,78,0
13221,2,2011-04-13 16:58:00,12.839545454545455,240,1
13223,2,2011-05-23 13:03:00,32.64,200,1
13224,2,2011-10-10 14:55:00,19.9625,60,0
13225,7,2011-12-06 13:29:00,201.995,3,0
13226,1,2011-03-11 14:35:00,6.7631250000000005,273,1
13227,1,2011-05-22 11:47:00,28.633333333333333,202,1
13228,1,2011-09-19 14:28:00,179.0,81,0
13229,1,2011-04-28 12:07:00,16.095,226,1
13230,14,2011-12-05 16:03:00,4.69442930153322,4,0
13232,7,2011-11-27 10:39:00,6.575990099009901,13,0
13233,2,2011-09-26 13:25:00,14.072558139534884,74,0
13235,1,2011-05-11 17:13:00,17.77706896551724,212,1
13236,2,2011-11-15 12:50:00,20.69027777777778,25,0
13238,4,2011-11-22 15:37:00,22.604193548387098,17,0
13239,1,2011-03-23 10:25:00,15.693333333333333,262,1
13240,4,2011-09-04 14:08:00,9.905223880597015,96,1
13242,3,2011-08-19 12:53:00,20.800000000000004,112,1
13243,1,2011-05-20 13:14:00,10.265263157894736,203,1
13244,1,2011-09-08 11:46:00,4.508888888888889,93,1
13245,1,2011-10-20 11:40:00,26.90625,51,0
13246,6,2011-11-21 16:50:00,14.422941176470587,18,0
13247,4,2011-11-22 10:59:00,20.0448,18,0
13248,2,2011-08-07 12:40:00,17.91076923076923,125,1
13249,3,2011-09-08 13:26:00,30.93086956521739,92,1
13253,2,2011-07-06 10:09:00,28.622222222222224,157,1
13255,2,2011-11-30 13:14:00,30.73153846153846,9,0
13258,3,2011-11-28 09:31:00,18.689722222222223,12,0
13259,1,2011-10-09 10:48:00,3.4960493827160493,62,0
13260,1,2011-10-09 13:21:00,69.7025,61,0
13261,2,2011-03-16 12:22:00,104.9,269,1
13262,1,2011-03-21 15:06:00,18.208181818181817,263,1
13263,35,2011-12-08 13:59:00,4.46126574685063,1,0
13265,5,2011-10-17 15:02:00,23.251777777777775,53,0
13266,12,2011-11-28 14:39:00,20.504064171122995,11,0
13267,19,2011-12-07 11:12:00,21.428862559241704,3,0
13268,11,2011-11-22 11:51:00,7.331986143187067,18,0
13269,15,2011-12-08 14:53:00,16.96279365079365,1,0
13270,1,2010-12-08 14:53:00,590.0,366,1
13271,1,2011-11-02 14:31:00,2.430919540229885,37,0
13272,2,2011-11-08 14:00:00,18.437333333333335,31,0
13273,1,2011-08-18 14:02:00,8.68625,113,1
13276,2,2011-10-07 12:44:00,19.69766666666667,64,0
13277,4,2011-11-24 09:21:00,32.3,16,0
13278,1,2011-10-30 11:49:00,11.798478260869565,41,0
13279,1,2011-09-22 17:24:00,15.305555555555555,78,0
13280,3,2011-08-09 13:14:00,9.737317073170733,122,1
13282,3,2011-11-21 15:33:00,30.59837837837838,18,0
13283,2,2011-10-11 09:50:00,13.379999999999999,60,0
13284,1,2011-01-13 09:23:00,15.476153846153846,331,1
13285,4,2011-11-16 13:19:00,14.487272727272726,23,0
13291,1,2011-07-07 10:36:00,8.597857142857142,156,1
13292,2,2011-11-01 10:04:00,18.675483870967742,39,0
13294,2,2011-06-03 08:54:00,16.18037037037037,190,1
13295,1,2010-12-15 11:21:00,20.12,360,1
13296,1,2011-07-25 13:46:00,17.48,137,1
13297,4,2011-12-02 09:32:00,35.421186440677964,8,0
13298,1,2011-12-08 13:11:00,180.0,1,0
13299,1,2011-03-16 12:55:00,28.5,268,1
13300,1,2011-06-23 13:09:00,18.5945,169,1
13301,4,2011-08-28 11:25:00,7.630740740740741,104,1
13302,1,2011-07-07 17:56:00,63.75,155,1
13304,1,2010-12-23 14:35:00,14.305714285714286,351,1
13305,10,2011-12-05 15:15:00,24.701975308641973,4,0
13307,1,2011-08-11 17:14:00,15.0,120,1
13308,3,2011-11-17 09:31:00,25.657592592592593,23,0
13309,5,2011-12-02 16:34:00,13.614859813084111,7,0
13310,3,2011-11-11 17:23:00,15.722638888888888,28,0
13311,2,2011-12-05 12:55:00,23.02192307692308,4,0
13313,5,2011-11-17 16:48:00,19.94,22,0
13314,3,2011-12-08 12:29:00,12.515161290322581,2,0
13316,4,2011-11-02 13:40:00,66.66197674418605,37,0
13317,6,2011-10-04 13:35:00,18.336129032258064,66,0
13318,3,2011-12-08 18:51:00,32.038,1,0
13319,26,2011-12-04 13:34:00,22.784768907563027,5,0
13320,4,2011-09-22 18:07:00,14.592380952380953,78,0
13321,2,2011-09-28 15:24:00,51.57818181818182,72,0
13322,1,2011-11-22 14:21:00,7.9792000000000005,17,0
13323,5,2011-12-06 17:12:00,37.516666666666666,3,0
13324,10,2011-11-03 16:28:00,94.95933333333333,36,0
13325,1,2011-09-19 10:36:00,56.275,82,0
13327,8,2011-11-01 10:21:00,33.59046296296296,39,0
13328,1,2011-01-27 15:22:00,76.96941176470588,316,1
13329,2,2011-11-08 10:29:00,46.411764705882355,32,0
13330,3,2011-09-08 12:27:00,21.526981132075473,93,1
13332,1,2011-11-25 13:30:00,16.709523809523812,14,0
13334,3,2011-09-18 15:21:00,13.216301886792454,82,0
13336,1,2011-09-23 14:05:00,15.590588235294117,77,0
13338,1,2011-07-05 09:06:00,25.632631578947368,158,1
13339,1,2011-05-23 08:31:00,15.928148148148148,201,1
13340,7,2011-10-25 13:15:00,80.12298507462687,45,0
13341,1,2011-03-24 09:50:00,18.472619047619048,261,1
13343,1,2011-06-15 12:24:00,18.60157894736842,178,1
13344,3,2011-10-03 09:45:00,21.6525,68,0
13345,1,2011-02-25 09:01:00,19.475,288,1
13347,1,2011-09-30 13:28:00,42.67,70,0
13348,1,2011-10-06 17:28:00,16.697142857142858,64,0
13349,1,2011-11-29 08:07:00,15.4575,11,0
13350,2,2011-11-23 16:33:00,24.478,16,0
13351,1,2011-10-04 12:55:00,23.37125,66,0
13352,1,2011-10-10 13:55:00,16.5825,60,0
13354,1,2011-09-29 13:17:00,14.579019607843136,71,0
13355,1,2011-08-09 14:48:00,21.084375,122,1
13356,1,2011-09-20 14:33:00,18.291428571428572,80,0
13357,1,2011-03-27 13:56:00,6.847191011235955,257,1
13358,1,2011-03-16 11:52:00,15.138965517241381,269,1
13359,1,2011-10-07 09:30:00,19.11130434782609,64,0
13362,4,2011-11-30 14:41:00,18.618915662650604,9,0
13363,2,2011-11-22 12:40:00,16.541666666666668,18,0
13364,1,2011-09-29 18:13:00,13.496,71,0
13365,2,2011-11-06 12:36:00,17.385703125,34,0
13366,1,2011-10-20 13:37:00,56.16,50,0
13368,2,2011-03-28 09:59:00,21.49655172413793,257,1
13369,1,2010-12-09 11:30:00,22.020000000000003,366,1
13370,1,2010-12-03 10:26:00,19.355641025641027,372,1
13372,1,2011-09-11 12:46:00,16.46260869565217,90,0
13373,3,2011-10-10 10:51:00,20.963607594936708,61,0
13375,1,2011-09-12 10:19:00,21.044594594594592,89,0
13376,3,2011-09-01 16:16:00,19.240754716981133,99,1
13379,3,2011-11-13 13:45:00,5.902680412371134,26,0
13381,6,2011-11-08 11:58:00,21.15877906976744,32,0
13382,1,2011-03-04 10:03:00,14.866000000000001,281,1
13384,7,2011-11-09 11:04:00,27.315328947368425,31,0
13385,1,2011-01-14 09:52:00,15.273428571428573,330,1
13388,2,2011-07-31 12:52:00,19.345714285714287,131,1
13389,3,2011-11-28 14:01:00,15.646274509803922,11,0
13390,1,2011-09-26 08:38:00,41.8523076923077,75,0
13391,1,2011-05-20 10:50:00,59.8,204,1
13394,8,2011-12-08 11:36:00,16.258193548387098,2,0
13395,1,2011-06-07 15:04:00,14.653333333333334,185,1
13396,2,2011-11-10 16:59:00,31.65093023255814,29,0
13397,5,2011-09-28 10:56:00,40.635000000000005,73,0
13398,1,2011-05-31 13:17:00,17.59,192,1
13402,2,2011-08-04 15:51:00,15.92897435897436,127,1
13403,1,2011-11-22 08:28:00,25.0,18,0
13404,2,2011-12-08 15:37:00,22.953636363636363,1,0
13405,3,2011-09-26 17:01:00,21.201888888888888,74,0
13408,62,2011-12-08 09:05:00,58.82225941422595,2,0
13410,5,2011-11-15 15:33:00,35.82357142857143,24,0
13411,1,2011-08-24 13:57:00,11.863888888888889,107,1
13414,3,2011-07-29 11:45:00,57.9375,134,1
13416,2,2011-10-27 08:56:00,37.5,44,0
13417,2,2011-12-05 08:49:00,22.886785714285715,5,0
13418,18,2011-11-28 10:23:00,20.156019736842108,12,0
13419,1,2011-10-07 12:49:00,13.81625,64,0
13420,2,2011-07-13 08:48:00,19.98125,150,1
13421,2,2011-10-30 14:21:00,17.977549019607842,40,0
13422,1,2011-10-06 13:42:00,20.67952755905512,64,0
13425,3,2011-08-23 17:13:00,20.823205128205128,108,1
13426,10,2011-12-09 08:59:00,23.193121019108283,1,0
13427,3,2011-11-20 13:02:00,20.089655172413792,19,0
13428,1,2011-11-29 14:20:00,2.8419718309859157,10,0
13429,4,2011-11-29 09:10:00,15.02686567164179,11,0
13430,2,2011-11-21 08:19:00,13.866326530612247,19,0
13431,2,2011-10-03 13:49:00,27.589130434782607,67,0
13434,2,2011-09-26 14:30:00,53.424,74,0
13435,7,2011-12-04 14:45:00,37.72168316831683,5,0
13436,1,2011-12-08 10:33:00,16.4075,2,0
13437,7,2011-11-25 14:00:00,20.40754491017964,14,0
13439,1,2011-03-29 14:20:00,5.253888888888889,255,1
13441,1,2011-09-09 09:38:00,22.818461538461538,92,1
13447,3,2011-11-16 13:38:00,19.137966101694918,23,0
13448,6,2011-11-23 12:33:00,18.22005154639175,17,0
13449,1,2011-11-16 08:28:00,15.362105263157895,24,0
13450,6,2011-11-13 11:54:00,28.784788732394368,27,0
13451,5,2011-11-13 15:58:00,6.693441108545034,26,0
13452,2,2011-03-25 14:19:00,295.0,259,1
13453,2,2011-06-27 09:34:00,20.998823529411766,166,1
13455,2,2011-11-15 11:21:00,23.007391304347824,25,0
13456,6,2011-11-22 09:18:00,28.043174603174602,18,0
13458,14,2011-12-02 15:29:00,25.252801047120418,7,0
13460,2,2011-11-10 17:17:00,10.790588235294118,29,0
13461,3,2011-11-01 09:01:00,53.51851851851852,39,0
13462,1,2011-04-01 11:20:00,16.833333333333332,253,1
13464,1,2011-10-12 15:01:00,16.45560975609756,58,0
13466,1,2011-06-08 16:39:00,18.111764705882354,184,1
13467,2,2011-11-29 10:01:00,10.937857142857144,11,0
13468,37,2011-12-08 10:39:00,18.89062913907285,2,0
13470,2,2011-09-01 14:57:00,16.5,99,1
13471,4,2011-12-08 15:44:00,9.84976377952756,1,0
13473,2,2011-10-10 11:20:00,20.125714285714285,61,0
13474,1,2011-04-17 13:53:00,3.658709677419355,236,1
13475,4,2011-06-01 13:52:00,16.648604651162792,191,1
13476,2,2011-06-14 12:00:00,21.352931034482758,179,1
13477,6,2011-11-02 12:04:00,18.41240506329114,38,0
13479,2,2011-05-23 10:45:00,20.063333333333333,201,1
13481,5,2011-10-25 09:07:00,16.55559633027523,46,0
13482,1,2011-04-21 17:03:00,16.785454545454545,232,1
13483,1,2011-10-05 11:53:00,14.034,66,0
13484,1,2011-04-12 16:30:00,39.225,241,1
13485,1,2011-04-20 13:58:00,19.749565217391304,233,1
13486,3,2011-09-22 13:13:00,16.2668115942029,78,0
13487,3,2011-10-13 12:07:00,16.923529411764704,58,0
13488,13,2011-11-22 14:41:00,21.25191943127962,17,0
13489,4,2011-08-26 13:16:00,32.10857142857143,105,1
13491,10,2011-10-19 08:32:00,14.137441860465115,52,0
13492,3,2011-07-26 14:25:00,25.3968,136,1
13493,2,2011-03-09 15:35:00,77.32875,275,1
13494,1,2011-02-01 11:58:00,17.570000000000004,312,1
13495,5,2011-12-02 11:21:00,42.60145833333333,8,0
13496,2,2011-11-29 10:58:00,18.66657142857143,11,0
13497,2,2011-03-02 09:04:00,18.318421052631578,283,1
13499,5,2011-11-22 11:21:00,27.597857142857144,18,0
13500,3,2011-11-16 15:35:00,17.950307692307693,23,0
13501,1,2011-02-24 18:59:00,25.775384615384613,288,1
13502,3,2011-11-23 10:39:00,16.22222222222222,17,0
13503,1,2011-09-29 13:23:00,12.755882352941176,71,0
13504,1,2011-10-06 13:20:00,13.451363636363636,64,0
13505,4,2011-09-28 11:56:00,20.435488372093022,73,0
13506,2,2011-01-27 13:53:00,17.635384615384616,316,1
13507,4,2011-12-06 13:13:00,15.303456790123455,3,0
13508,1,2011-04-10 11:58:00,9.2475,244,1
13509,7,2011-12-01 10:10:00,22.266363636363636,9,0
13510,4,2011-12-08 13:46:00,15.578782608695652,1,0
13512,1,2011-03-24 10:03:00,16.747333333333334,261,1
13513,1,2011-08-05 11:50:00,20.509999999999998,127,1
13514,1,2011-09-27 09:39:00,38.050000000000004,74,0
13515,4,2011-09-28 11:26:00,15.103728813559322,73,0
13516,3,2011-11-18 13:15:00,31.5775,21,0
13517,3,2011-10-11 11:43:00,15.09517730496454,60,0
13518,1,2011-09-15 10:29:00,17.42111111111111,86,0
13519,1,2011-09-22 18:24:00,15.34375,78,0
13520,6,2011-10-12 10:20:00,38.97150537634408,59,0
13521,3,2011-12-08 13:50:00,2.5639473684210525,1,0
13522,1,2011-11-09 15:11:00,25.160000000000004,30,0
13523,5,2011-11-06 15:11:00,23.051627906976744,33,0
13524,5,2011-10-30 12:34:00,25.191851851851855,41,0
13525,2,2011-11-25 12:01:00,104.79666666666667,15,0
13527,7,2011-11-06 12:04:00,10.333456221198157,34,0
13529,2,2011-09-22 09:15:00,20.517333333333333,79,0
13531,2,2011-05-18 16:56:00,21.990909090909092,205,1
13532,1,2011-11-06 12:25:00,3.1865151515151515,34,0
13533,3,2011-06-10 11:54:00,3.5878666666666663,183,1
13534,25,2011-12-07 14:52:00,19.83135135135135,2,0
13536,7,2011-12-08 16:38:00,19.35050561797753,1,0
13538,7,2011-10-27 16:34:00,51.233999999999995,43,0
13539,3,2011-09-15 10:18:00,17.063243243243242,86,0
13544,2,2011-10-31 11:57:00,3.539230769230769,40,0
13546,3,2011-11-27 14:50:00,6.4029896907216495,12,0
13548,2,2011-09-04 14:50:00,5.51349593495935,96,1
13549,7,2011-11-14 09:20:00,18.00392156862745,26,0
13551,1,2011-01-24 14:46:00,22.950000000000003,319,1
13552,12,2011-10-04 15:19:00,34.31256880733945,66,0
13555,4,2011-09-27 12:36:00,30.362074074074076,74,0
13557,2,2011-11-11 15:24:00,17.17823529411765,28,0
13558,4,2011-12-04 11:24:00,3.517869822485207,6,0
13560,1,2011-12-02 13:11:00,5.3568750000000005,7,0
13561,1,2011-05-08 12:39:00,10.132857142857143,216,1
13562,3,2011-09-19 10:51:00,21.943048780487807,82,0
13563,2,2011-09-16 14:45:00,15.867959183673468,84,0
13564,3,2011-07-18 14:33:00,21.29222222222222,144,1
13565,2,2011-11-20 14:33:00,6.321578947368421,19,0
13566,2,2011-10-30 11:59:00,5.0700591715976335,41,0
13568,1,2011-06-19 14:42:00,4.3500000000000005,173,1
13569,2,2011-11-22 13:07:00,4.286329113924051,17,0
13570,1,2011-04-10 13:36:00,8.870000000000001,243,1
13571,12,2011-11-27 10:47:00,6.143941176470588,13,0
13572,1,2011-05-18 11:59:00,41.946969696969695,206,1
13573,2,2011-10-20 14:33:00,11.61,50,0
13575,5,2011-11-16 13:14:00,15.914565217391305,23,0
13576,18,2011-11-29 15:34:00,53.312222222222225,10,0
13577,4,2011-11-14 15:19:00,20.33253012048193,25,0
13579,2,2011-11-25 08:41:00,20.30608695652174,15,0
13581,1,2011-02-03 14:41:00,11.8,309,1
13583,1,2011-07-07 10:40:00,14.736415094339621,156,1
13584,1,2011-02-06 12:49:00,5.933333333333334,307,1
13587,1,2011-10-07 12:31:00,89.05,64,0
13588,9,2011-11-24 10:42:00,14.246839080459768,16,0
13589,2,2011-11-25 12:10:00,18.07857142857143,15,0
13590,6,2011-11-28 12:54:00,22.780689655172413,11,0
13591,3,2011-10-06 12:26:00,19.26086206896552,65,0
13592,4,2011-11-04 09:49:00,15.497499999999999,36,0
13593,5,2011-08-23 13:35:00,15.841574803149607,108,1
13594,1,2011-10-18 10:19:00,15.268076923076924,53,0
13596,2,2011-12-04 12:01:00,4.548698630136986,6,0
13598,1,2011-10-23 14:28:00,4.572571428571428,47,0
13599,21,2011-12-08 16:10:00,20.934634146341462,1,0
13600,1,2011-01-31 15:27:00,11.553684210526317,312,1
13601,2,2011-10-25 17:31:00,7.003232323232324,45,0
13602,1,2011-10-06 11:47:00,18.647391304347824,65,0
13603,1,2011-11-13 15:57:00,6.086666666666667,26,0
13606,3,2011-11-10 17:46:00,6.91875,29,0
13607,1,2011-10-30 16:17:00,6.964020618556701,40,0
13610,7,2011-11-27 15:38:00,5.034093023255814,12,0
13611,3,2011-09-11 14:51:00,16.033333333333335,89,0
13614,4,2011-11-15 14:47:00,8.130564102564103,24,0
13615,1,2011-01-25 08:21:00,18.160434782608696,319,1
13617,3,2011-10-30 13:50:00,12.367727272727272,40,0
13618,1,2011-06-19 11:09:00,13.641538461538461,174,1
13621,1,2011-08-15 08:26:00,11.255263157894737,117,1
13623,5,2011-11-09 12:00:00,9.33,31,0
13626,1,2011-04-01 10:05:00,13.53842105263158,253,1
13627,5,2011-10-11 14:20:00,17.80945652173913,59,0
13629,11,2011-11-16 13:21:00,132.07389830508475,23,0
13630,7,2011-12-04 15:16:00,28.61661971830986,5,0
13631,11,2011-09-01 09:57:00,279.1290909090909,100,1
13632,5,2011-11-15 10:51:00,14.613310344827585,25,0
13634,5,2011-11-06 13:40:00,8.319139784946238,33,0
13635,1,2011-10-03 10:55:00,17.274677419354838,68,0
13636,5,2011-11-03 10:30:00,15.065396825396826,37,0
13637,3,2011-10-18 13:32:00,8.124242424242423,52,0
13638,1,2011-11-24 10:38:00,15.33,16,0
13639,1,2011-09-26 13:36:00,25.833499999999997,74,0
13642,1,2011-05-08 12:34:00,5.478596491228069,216,1
13643,3,2011-11-08 15:37:00,18.551428571428573,31,0
13644,4,2011-11-23 14:07:00,17.974383561643837,16,0
13645,1,2011-08-11 16:11:00,50.42,120,1
13647,4,2011-11-30 12:00:00,21.12974358974359,10,0
13649,2,2011-03-28 11:51:00,15.069565217391306,257,1
13650,6,2011-11-23 12:22:00,19.128541666666667,17,0
13651,2,2011-11-04 14:59:00,15.700000000000001,35,0
13652,3,2011-10-25 08:51:00,17.38222222222222,46,0
13654,6,2011-10-27 16:24:00,16.30921686746988,43,0
13655,2,2011-08-17 14:25:00,16.66017857142857,114,1
13656,2,2011-06-28 10:31:00,7.747959183673469,165,1
13657,2,2011-11-29 12:32:00,23.88375,11,0
13658,5,2011-11-30 10:13:00,24.43675925925926,10,0
13659,2,2011-05-18 12:37:00,15.174757281553399,206,1
13662,3,2011-09-15 12:04:00,16.947307692307692,86,0
13663,1,2011-06-13 15:44:00,14.574615384615385,179,1
13666,3,2011-10-10 15:39:00,7.054166666666667,60,0
13667,1,2011-07-13 15:42:00,3.603012048192771,149,1
13668,21,2011-12-07 12:11:00,13.628142548596113,3,0
13669,2,2011-10-20 09:32:00,24.283333333333335,51,0
13670,1,2011-09-25 15:25:00,13.988,75,0
13672,2,2011-02-11 13:53:00,31.065,301,1
13673,2,2011-11-21 12:11:00,6.457333333333334,19,0
13675,2,2011-07-11 12:57:00,19.472800000000003,151,1
13678,1,2011-07-11 10:14:00,14.5375,152,1
13680,4,2011-12-08 13:47:00,19.170721649484534,1,0
13681,4,2011-11-22 11:13:00,14.523333333333333,18,0
13682,1,2011-06-05 14:06:00,19.833333333333332,187,1
13684,1,2011-02-27 10:13:00,2.245862068965517,286,1
13685,7,2011-12-07 11:41:00,79.98564102564103,3,0
13686,1,2011-06-10 09:10:00,9.0,183,1
13689,1,2011-10-07 13:21:00,151.66666666666666,63,0
13690,1,2011-10-11 15:03:00,19.13888888888889,59,0
13692,3,2011-11-15 11:17:00,28.081509433962264,25,0
13694,50,2011-12-06 09:32:00,114.50637323943663,4,0
13695,15,2011-11-08 14:26:00,27.823666666666668,31,0
13697,1,2011-11-01 09:14:00,12.608333333333334,39,0
13699,1,2011-07-07 16:51:00,22.041428571428575,155,1
13700,10,2011-11-13 13:00:00,11.590876288659794,26,0
13703,1,2011-01-25 13:10:00,99.5,318,1
13704,9,2011-12-04 15:13:00,17.224328358208954,5,0
13705,3,2011-12-02 12:32:00,25.423571428571428,8,0
13706,1,2011-02-10 09:21:00,16.5395,303,1
13707,2,2011-03-17 18:03:00,16.800208333333334,267,1
13708,1,2011-03-13 13:46:00,5.823061224489796,271,1
13709,13,2011-12-06 10:28:00,18.828805970149254,4,0
13710,1,2011-11-08 08:16:00,22.56,32,0
13711,2,2011-05-05 10:31:00,19.38923076923077,219,1
13712,1,2011-04-07 12:33:00,22.884,247,1
13715,5,2011-03-03 19:21:00,10.359519230769232,281,1
13716,1,2011-03-15 13:49:00,6.584761904761905,269,1
13717,6,2011-11-07 14:13:00,14.166764705882352,32,0
13718,2,2011-04-07 13:24:00,25.545833333333334,246,1
13719,5,2011-11-24 15:26:00,17.361333333333334,15,0
13720,4,2011-08-15 12:46:00,18.60232558139535,117,1
13721,1,2011-11-03 14:05:00,18.719285714285714,36,0
13722,3,2011-07-31 12:44:00,27.945999999999998,132,1
13723,1,2011-05-06 17:04:00,33.30833333333334,217,1
13725,8,2011-10-21 10:03:00,19.043846153846154,50,0
13726,2,2011-11-01 10:49:00,25.70619047619048,39,0
13727,2,2011-11-11 09:46:00,16.674,29,0
13728,6,2011-11-03 10:49:00,16.12920634920635,37,0
13730,2,2011-07-27 08:35:00,17.50232558139535,136,1
13731,2,2011-05-04 14:33:00,16.068157894736842,219,1
13732,1,2011-11-11 15:49:00,14.904848484848486,28,0
13735,4,2011-11-15 11:14:00,14.787384615384616,25,0
13736,2,2011-12-04 15:19:00,3.8410526315789473,5,0
13737,1,2011-05-23 16:32:00,11.32,200,1
13739,1,2011-11-21 13:35:00,72.3,18,0
13740,1,2011-04-13 10:32:00,15.25,241,1
13741,3,2011-09-29 09:19:00,19.65970588235294,72,0
13742,12,2011-11-23 11:07:00,9.92929712460064,17,0
13743,7,2011-12-07 10:09:00,32.72195121951219,3,0
13744,2,2011-09-05 15:19:00,17.15111111111111,95,1
13745,1,2011-06-30 16:43:00,12.001600000000002,162,1
13747,1,2010-12-01 10:37:00,79.6,374,1
13748,5,2011-09-05 09:45:00,33.86607142857143,96,1
13750,5,2011-10-17 12:16:00,68.63583333333334,54,0
13751,1,2011-02-24 15:56:00,32.916666666666664,288,1
13752,6,2011-08-07 14:16:00,15.671733333333334,124,1
13753,1,2011-02-25 12:48:00,21.178857142857144,288,1
13754,2,2011-07-11 11:51:00,23.55,152,1
13755,9,2011-12-06 12:26:00,6.567165109034268,4,0
13756,14,2011-12-07 16:44:00,36.54591549295775,2,0
13758,7,2011-11-28 11:11:00,27.26965811965812,12,0
13759,2,2011-11-06 14:47:00,26.376400000000004,33,0
13760,2,2011-10-16 16:13:00,5.03140350877193,54,0
13761,2,2011-10-20 14:01:00,15.295000000000002,50,0
13762,1,2011-05-05 09:15:00,43.81714285714286,219,1
13763,1,2011-10-07 15:13:00,114.33066666666667,63,0
13764,3,2011-09-30 12:03:00,7.340193236714976,71,0
13767,37,2011-12-07 15:00:00,46.79445652173913,2,0
13769,10,2011-12-07 15:08:00,20.71488888888889,2,0
13771,4,2011-10-06 14:18:00,22.138235294117646,64,0
13772,3,2011-11-06 11:43:00,6.489190751445087,34,0
13774,1,2011-09-19 12:06:00,15.681818181818182,82,0
13777,33,2011-12-09 12:25:00,131.86375634517768,1,0
13778,1,2011-08-28 15:25:00,19.855555555555554,103,1
13780,2,2011-12-02 13:49:00,6.315964912280702,7,0
13781,1,2011-04-03 12:08:00,7.5200000000000005,251,1
13782,6,2011-11-27 11:54:00,8.043008849557522,13,0
13784,11,2011-11-30 09:33:00,79.44483870967741,10,0
13786,1,2010-12-07 13:53:00,32.91428571428572,367,1
13787,2,2011-09-25 12:06:00,9.969032258064518,76,0
13790,1,2011-12-05 15:48:00,7.75111111111111,4,0
13791,2,2011-08-04 11:44:00,137.8181818181818,128,1
13792,2,2011-10-04 14:31:00,15.042307692307693,66,0
13798,57,2011-12-08 15:51:00,106.4580229226361,1,0
13799,2,2011-08-15 12:07:00,17.663076923076922,117,1
13800,1,2011-02-03 12:27:00,16.91878787878788,310,1
13801,1,2011-10-04 10:15:00,14.121739130434783,67,0
13802,3,2011-07-24 10:54:00,76.657,139,1
13803,1,2011-03-29 12:57:00,16.298235294117646,255,1
13804,7,2011-11-09 12:32:00,19.173259259259257,31,0
13805,2,2011-10-18 14:50:00,71.12307692307692,52,0
13806,1,2011-10-07 11:43:00,25.637999999999998,64,0
13807,1,2010-12-07 15:48:00,16.085714285714285,367,1
13808,5,2011-12-04 12:18:00,22.995526315789476,6,0
13809,1,2011-02-07 13:15:00,12.920833333333334,305,1
13810,3,2011-11-11 08:33:00,42.828857142857146,29,0
13811,3,2011-06-09 09:54:00,62.65384615384615,184,1
13812,3,2011-10-28 14:27:00,14.972222222222221,42,0
13813,4,2011-10-31 10:38:00,19.809565217391306,40,0
13814,2,2011-09-08 13:48:00,27.703859649122805,92,1
13815,4,2011-11-17 14:19:00,22.882727272727273,22,0
13816,2,2011-11-16 08:38:00,20.416785714285716,24,0
13817,2,2011-11-10 17:49:00,15.957500000000001,29,0
13819,3,2011-02-11 10:38:00,31.676388888888887,302,1
13821,2,2011-07-18 09:49:00,6.536271186440678,145,1
13822,2,2011-12-04 12:13:00,6.583333333333333,6,0
13823,2,2011-11-21 10:22:00,23.941499999999998,19,0
13824,5,2011-11-07 12:41:00,36.93347826086956,33,0
13826,1,2011-06-16 13:48:00,18.95,176,1
13827,3,2011-10-13 12:38:00,4.4543478260869565,58,0
13828,1,2011-11-17 16:02:00,13.966000000000001,22,0
13831,6,2011-11-23 15:41:00,30.534027777777776,16,0
13832,1,2011-11-20 15:36:00,17.400000000000002,19,0
13833,1,2011-07-03 13:27:00,13.708928571428572,159,1
13835,4,2011-11-14 15:37:00,15.174000000000001,25,0
13837,2,2011-05-12 12:10:00,14.810555555555558,212,1
13838,4,2011-12-04 11:00:00,4.089818181818182,6,0
13841,1,2011-04-01 12:10:00,85.0,253,1
13842,9,2011-10-12 10:51:00,16.43504854368932,59,0
13844,1,2011-11-28 13:21:00,18.081,11,0
13845,1,2011-10-06 08:25:00,34.775555555555556,65,0
13846,3,2011-11-15 12:07:00,15.728363636363637,25,0
13848,3,2011-09-08 12:58:00,251.0,92,1
13849,2,2011-10-19 10:59:00,15.227227722772279,52,0
13850,1,2011-08-02 14:04:00,17.155698924731183,129,1
13851,3,2011-09-05 12:36:00,32.73407407407407,96,1
13853,1,2011-10-13 14:18:00,47.39739130434782,57,0
13854,25,2011-12-01 09:06:00,73.72290909090908,9,0
13856,3,2011-06-24 10:03:00,27.75,169,1
13858,1,2011-10-13 16:17:00,19.651818181818182,57,0
13859,1,2011-01-17 16:14:00,7.184285714285714,326,1
13860,5,2011-12-08 12:57:00,16.39342105263158,1,0
13862,8,2011-11-21 16:24:00,15.894676258992806,18,0
13863,1,2011-04-06 10:20:00,15.288999999999998,248,1
13865,4,2011-10-12 13:31:00,16.718666666666667,58,0
13866,1,2011-09-26 14:54:00,20.81,74,0
13867,3,2011-11-08 15:48:00,16.7515,31,0
13868,2,2011-12-02 16:32:00,96.74363636363637,7,0
13869,4,2011-08-08 13:53:00,10.143585526315789,123,1
13870,8,2011-12-07 13:23:00,24.095130434782607,2,0
13871,13,2011-11-17 10:49:00,19.057291666666668,23,0
13873,3,2011-08-12 10:08:00,16.93913043478261,120,1
13874,1,2010-12-16 18:20:00,30.025000000000002,358,1
13875,5,2011-10-17 09:36:00,17.180673076923078,54,0
13876,1,2011-10-07 10:22:00,17.52857142857143,64,0
13877,1,2011-09-14 15:49:00,39.08,86,0
13878,1,2011-10-16 12:19:00,36.330571428571425,55,0
13880,13,2011-11-18 13:44:00,19.513757575757577,21,0
13881,20,2011-12-06 12:50:00,96.40179775280899,4,0
13882,5,2011-12-07 11:16:00,18.325076923076924,3,0
13883,5,2011-11-29 10:45:00,18.834366197183098,11,0
13884,5,2011-12-02 16:30:00,13.349152542372881,7,0
13885,2,2011-06-03 15:07:00,18.1,189,1
13886,1,2011-09-29 13:17:00,15.2225,71,0
13887,1,2011-05-19 17:22:00,18.397368421052633,204,1
13888,2,2011-08-12 10:13:00,15.273589743589742,120,1
13889,1,2011-09-08 09:13:00,27.793333333333337,93,1
13890,10,2011-12-08 15:36:00,17.125545454545453,1,0
13892,4,2011-11-13 11:50:00,23.443333333333335,27,0
13893,1,2011-02-15 11:30:00,39.1,298,1
13894,3,2011-11-16 09:44:00,20.911851851851853,24,0
13895,4,2011-11-11 16:57:00,21.975169491525424,28,0
13897,1,2011-10-20 14:30:00,18.303529411764707,50,0
13898,1,2011-01-18 10:28:00,12.994166666666667,326,1
13899,2,2011-11-23 13:40:00,20.448421052631577,16,0
13900,3,2011-06-09 19:26:00,17.23139534883721,183,1
13901,5,2011-09-28 14:48:00,19.24295302013423,72,0
13904,2,2011-11-02 13:41:00,12.793846153846154,37,0
13908,4,2011-09-21 11:49:00,19.42254098360656,80,0
13911,9,2011-10-13 15:43:00,17.43858108108108,57,0
13914,2,2011-11-28 10:35:00,18.983333333333334,12,0
13917,2,2011-10-21 09:56:00,15.113333333333335,50,0
13918,2,2011-10-21 12:25:00,40.428000000000004,50,0
13919,2,2011-10-11 14:24:00,13.743214285714286,59,0
13922,1,2010-12-23 10:38:00,24.607142857142858,352,1
13923,1,2011-10-17 12:33:00,17.5565,54,0
13924,6,2011-12-08 09:39:00,15.716666666666669,2,0
13925,4,2011-09-08 12:47:00,16.54268292682927,93,1
13926,1,2011-11-16 13:16:00,20.35,23,0
13927,1,2011-09-26 12:00:00,16.61857142857143,75,0
13928,4,2011-11-29 10:33:00,17.206296296296298,11,0
13929,2,2011-06-23 15:26:00,93.62777777777778,169,1
13930,2,2011-10-13 09:45:00,19.843529411764706,58,0
13931,2,2011-09-05 10:12:00,21.336724137931036,96,1
13932,1,2011-02-18 12:02:00,19.2125,295,1
13933,2,2011-08-22 14:03:00,26.469130434782606,109,1
13934,1,2011-03-21 08:39:00,29.74516129032258,264,1
13936,1,2011-06-13 08:47:00,14.483846153846153,180,1
13937,1,2011-06-23 16:35:00,17.65,169,1
13938,1,2011-11-04 14:37:00,10.237142857142857,35,0
13939,3,2011-11-16 13:33:00,12.634444444444444,23,0
13940,4,2011-11-22 15:15:00,17.12530612244898,17,0
13941,5,2011-11-18 09:43:00,113.62133333333334,22,0
13946,3,2011-09-21 13:33:00,51.051818181818184,79,0
13947,1,2011-10-05 14:42:00,18.12,65,0
13948,1,2010-12-14 10:18:00,34.0,361,1
13949,6,2011-12-07 09:35:00,15.170750000000002,3,0
13950,4,2011-11-28 14:44:00,21.287428571428574,11,0
13951,3,2011-06-16 16:43:00,17.293589743589745,176,1
13952,2,2011-05-06 09:00:00,23.730445255474454,218,1
13953,7,2011-12-02 16:04:00,175.784,7,0
13954,2,2011-12-08 12:50:00,17.5968,2,0
13955,2,2011-07-08 17:19:00,9.786666666666665,154,1
13956,5,2011-12-04 13:20:00,6.933809523809524,5,0
13959,3,2011-09-21 15:06:00,6.600444444444444,79,0
13960,2,2011-11-18 15:27:00,19.185,21,0
13962,2,2011-11-18 08:47:00,15.413636363636362,22,0
13963,4,2011-02-04 14:43:00,18.986857142857144,308,1
13967,1,2011-07-17 12:02:00,40.35,146,1
13969,18,2011-12-02 15:11:00,14.578626817447496,7,0
13971,8,2011-11-21 12:06:00,18.511812080536913,19,0
13972,2,2011-09-30 11:54:00,12.683333333333334,71,0
13973,1,2011-02-25 15:21:00,24.063636363636363,287,1
13974,1,2011-10-21 14:41:00,14.77107142857143,49,0
13975,6,2011-11-08 13:19:00,7.480972644376901,31,0
13976,1,2011-05-17 09:13:00,35.798,207,1
13978,2,2011-11-25 11:36:00,13.119333333333334,15,0
13979,1,2011-09-27 13:32:00,16.108703703703704,73,0
13980,1,2011-10-10 13:34:00,18.19454545454545,60,0
13982,4,2011-10-31 16:24:00,16.863153153153153,39,0
13983,12,2011-11-10 11:06:00,24.3311214953271,30,0
13984,5,2011-11-13 12:38:00,57.531875,27,0
13985,15,2011-12-05 17:06:00,20.229598853868197,4,0
13986,1,2011-11-22 15:00:00,24.650769230769228,17,0
13988,6,2011-11-20 10:15:00,17.726324786324785,20,0
13989,2,2011-10-05 09:47:00,30.88,66,0
13990,1,2011-05-10 15:19:00,19.45625,213,1
13991,6,2011-11-27 16:18:00,10.400975609756097,12,0
13992,1,2011-11-09 15:23:00,15.36,30,0
13993,9,2011-10-28 09:06:00,28.647603305785125,43,0
13994,6,2011-12-06 11:05:00,15.36581081081081,4,0
13995,5,2011-11-24 14:22:00,16.205697674418605,15,0
13999,12,2011-11-29 13:40:00,18.758701923076924,10,0
14000,1,2011-05-12 16:50:00,42.37733333333333,211,1
14001,3,2011-10-25 10:31:00,52.38666666666667,46,0
14002,2,2011-07-28 15:55:00,11.270851063829788,134,1
14004,7,2011-10-27 14:40:00,26.799064327485382,43,0
14005,5,2011-11-30 12:41:00,34.22285714285714,10,0
14006,3,2011-08-16 09:39:00,32.073,116,1
14009,2,2011-05-25 15:47:00,16.562142857142856,198,1
14012,1,2011-03-07 12:26:00,29.89090909090909,278,1
14013,3,2011-08-21 15:01:00,13.91235294117647,110,1
14014,1,2011-09-23 13:18:00,12.953333333333333,77,0
14015,1,2011-10-18 10:02:00,45.867000000000004,53,0
14016,4,2011-07-01 11:29:00,26.964037267080744,162,1
14019,3,2011-10-24 10:13:00,21.539545454545458,47,0
14020,2,2011-11-23 09:22:00,16.48205128205128,17,0
14021,3,2011-07-07 15:46:00,28.722727272727273,155,1
14022,1,2011-04-28 14:39:00,15.714285714285714,225,1
14023,2,2011-12-02 13:58:00,18.840967741935486,7,0
14024,2,2011-08-10 11:30:00,20.48125,122,1
14027,1,2011-10-10 09:01:00,17.47,61,0
14029,2,2011-10-07 14:46:00,31.177333333333333,63,0
14030,8,2011-11-21 16:48:00,9.747272727272728,18,0
14031,19,2011-12-02 17:13:00,69.14744,7,0
14032,11,2011-12-07 15:23:00,20.80832167832168,2,0
14034,3,2011-11-17 14:02:00,7.545232558139535,22,0
14035,5,2011-11-11 10:03:00,21.636666666666667,29,0
14036,1,2011-02-28 09:26:00,16.49078947368421,285,1
14037,2,2011-06-16 13:57:00,5.257142857142858,176,1
14038,3,2011-09-22 13:37:00,16.960652173913044,78,0
14039,1,2011-11-06 13:48:00,25.366666666666664,33,0
14040,12,2011-10-30 12:42:00,15.547248908296943,41,0
14041,1,2011-03-18 13:25:00,6.733809523809524,266,1
14044,4,2011-11-13 12:05:00,3.1379611650485435,27,0
14045,4,2011-08-22 15:27:00,276.625,109,1
14046,1,2011-02-28 14:48:00,11.070714285714287,284,1
14047,5,2011-12-01 11:43:00,40.894062500000004,9,0
14048,1,2011-02-07 14:53:00,4.822705882352941,305,1
14049,4,2011-11-23 12:20:00,11.670962343096235,17,0
14050,2,2011-11-08 10:00:00,13.821481481481483,32,0
14051,23,2011-12-09 10:20:00,74.33519047619048,1,0
14052,1,2011-11-20 12:30:00,4.024285714285714,20,0
14053,2,2011-08-07 14:27:00,65.0625,124,1
14054,1,2011-10-05 15:49:00,15.410000000000002,65,0
14055,1,2011-08-25 15:04:00,72.56400000000001,106,1
14056,23,2011-12-08 13:36:00,7.493299632352941,1,0
14057,17,2011-11-16 10:32:00,21.949328621908126,24,0
14059,1,2011-03-18 10:06:00,22.95,267,1
14060,19,2011-12-05 12:29:00,30.39811881188119,5,0
14062,12,2011-11-30 10:04:00,94.27792792792793,10,0
14064,5,2011-11-10 13:14:00,17.329090909090908,29,0
14066,1,2011-03-18 12:21:00,21.792857142857144,267,1
14067,2,2011-10-07 10:21:00,7.2057692307692305,64,0
14068,1,2011-01-23 16:02:00,11.077083333333334,320,1
14071,8,2011-12-06 12:27:00,4.450681114551084,4,0
14073,1,2011-11-07 15:49:00,11.618461538461538,32,0
14075,3,2011-12-05 08:38:00,21.913023255813954,5,0
14076,1,2011-08-02 15:19:00,2.6970454545454547,129,1
14077,5,2011-10-30 12:35:00,11.890952380952381,41,0
14078,6,2011-08-30 12:16:00,16.144153846153845,102,1
14079,1,2011-08-07 12:10:00,31.258333333333336,125,1
14080,1,2011-11-07 11:09:00,11.399999999999999,33,0
14081,2,2011-02-10 16:17:00,6.1441333333333334,302,1
14082,1,2010-12-10 11:02:00,6.2844827586206895,365,1
14083,9,2011-12-05 13:14:00,5.6661016949152545,4,0
14085,18,2011-12-07 13:46:00,9.868950892857143,2,0
14087,1,2011-12-07 12:41:00,2.8157352941176472,3,0
14088,13,2011-11-29 16:16:00,85.7246349745331,10,0
14089,1,2011-10-14 10:38:00,12.211538461538462,57,0
14090,1,2011-01-19 10:51:00,76.32000000000001,325,1
14092,14,2011-12-02 12:13:00,19.050981308411217,8,0
14093,1,2011-11-27 16:27:00,4.3386000000000005,12,0
14096,17,2011-12-05 17:17:00,12.749909998043435,4,0
14098,1,2011-11-03 10:13:00,7.016666666666667,37,0
14099,11,2011-11-23 13:53:00,12.41668,16,0
14100,1,2011-07-25 11:01:00,7.678,138,1
14101,6,2011-09-27 12:28:00,170.76542857142857,74,0
14102,5,2011-12-04 15:38:00,19.066896551724135,5,0
14104,2,2011-07-08 12:50:00,10.295714285714286,155,1
14105,1,2011-04-14 17:58:00,17.111216216216217,239,1
14107,7,2011-10-19 12:12:00,21.977479674796747,52,0
14108,2,2011-11-09 10:41:00,17.585588235294118,31,0
14109,1,2011-09-28 10:18:00,16.022222222222222,73,0
14110,12,2011-12-06 12:26:00,36.66548387096774,4,0
14111,4,2011-11-25 13:44:00,69.285,14,0
14112,7,2011-11-17 12:30:00,18.2196875,23,0
14113,4,2011-12-06 12:18:00,54.13,4,0
14114,2,2011-03-11 09:42:00,25.768666666666665,274,1
14116,5,2011-11-20 10:29:00,19.204722222222223,20,0
14117,1,2011-07-19 09:49:00,30.0,144,1
14121,4,2011-12-06 12:19:00,17.485220125786164,4,0
14124,1,2011-09-16 13:32:00,83.916,84,0
14125,3,2011-11-29 12:47:00,16.38933734939759,11,0
14126,3,2011-12-02 11:45:00,47.07533333333334,8,0
14127,3,2011-08-09 10:49:00,16.129772727272726,123,1
14128,2,2011-10-10 12:00:00,13.858695652173912,61,0
14129,5,2011-12-08 11:02:00,21.61269230769231,2,0
14130,1,2011-01-24 16:05:00,7.286515151515152,319,1
14132,11,2011-12-07 13:35:00,17.93015,2,0
14133,3,2011-08-02 11:34:00,21.63,130,1
14135,15,2011-12-08 11:38:00,35.00231343283583,2,0
14138,2,2011-12-08 12:44:00,20.997391304347826,2,0
14139,1,2011-10-24 13:34:00,15.993076923076924,46,0
14140,2,2011-12-06 09:05:00,14.167424242424241,4,0
14141,4,2011-12-07 09:53:00,22.87825,3,0
14142,1,2010-12-01 16:33:00,14.173181818181819,373,1
14143,1,2011-07-29 09:48:00,16.54285714285714,134,1
14145,4,2011-10-24 12:10:00,340.2,47,0
14146,5,2011-12-01 10:18:00,19.957142857142856,9,0
14147,2,2011-09-22 18:10:00,96.67999999999999,78,0
14148,1,2011-04-20 12:02:00,52.4,234,1
14149,1,2011-05-03 09:44:00,15.950714285714286,221,1
14150,2,2011-11-04 10:05:00,25.33230769230769,36,0
14152,2,2011-09-25 12:54:00,12.67938775510204,75,0
14154,2,2011-04-14 16:26:00,25.87730769230769,239,1
14155,1,2011-03-18 14:13:00,19.791666666666668,266,1
14156,55,2011-11-30 10:54:00,84.02156272401434,10,0
14157,2,2011-11-20 11:32:00,9.236739130434783,20,0
14158,1,2011-10-30 15:08:00,12.381951219512194,40,0
14159,11,2011-11-20 12:36:00,3.9407234042553196,20,0
14161,3,2011-05-08 11:41:00,10.554038461538463,216,1
14162,2,2011-06-19 11:36:00,11.5744,174,1
14163,4,2011-09-13 15:18:00,47.036730769230765,87,0
14164,2,2011-09-30 12:24:00,56.26793103448276,71,0
14165,1,2011-03-09 12:39:00,5.0183333333333335,276,1
14167,4,2011-10-31 14:29:00,11.251800000000001,39,0
14171,1,2011-09-02 16:43:00,6.272241379310345,98,1
14173,4,2011-11-29 11:54:00,15.546206896551723,11,0
14174,1,2011-11-06 13:17:00,5.171538461538462,33,0
14175,3,2011-10-11 11:55:00,21.626174496644296,60,0
14176,4,2011-02-15 13:12:00,18.609677419354842,297,1
14177,4,2011-09-14 15:11:00,13.401463414634147,86,0
14178,7,2011-12-01 12:01:00,5.032264150943396,9,0
14179,2,2011-10-30 12:07:00,4.46859872611465,41,0
14180,25,2011-11-29 10:56:00,19.785500000000003,11,0
14184,1,2011-10-04 12:43:00,18.870416666666667,67,0
14185,1,2011-01-12 13:52:00,65.88333333333334,331,1
14188,6,2011-11-09 12:45:00,31.605538461538462,31,0
14189,15,2011-12-07 15:55:00,17.56256603773585,2,0
14191,13,2011-12-08 09:23:00,18.08787644787645,2,0
14193,2,2011-10-03 09:34:00,20.318809523809524,68,0
14194,21,2011-12-05 10:38:00,19.601934369602763,5,0
14195,2,2011-05-22 10:29:00,144.57142857142858,202,1
14196,1,2011-08-25 10:25:00,55.919999999999995,107,1
14198,4,2011-11-21 16:35:00,17.984615384615385,18,0
14199,1,2011-05-05 13:44:00,92.69999999999999,218,1
14201,7,2011-10-10 13:27:00,20.20108108108108,60,0
14204,1,2011-12-07 13:38:00,3.861794871794872,2,0
14205,2,2011-11-23 10:55:00,19.445833333333333,17,0
14206,1,2011-04-14 16:38:00,16.407999999999998,239,1
14208,1,2011-09-06 12:48:00,15.174000000000001,95,1
14209,6,2011-11-29 10:18:00,23.83252873563218,11,0
14210,6,2011-08-26 12:36:00,18.684705882352944,106,1
14211,9,2011-10-17 13:23:00,20.009821428571428,53,0
14212,1,2011-09-11 12:45:00,118.94222222222223,90,0
14214,5,2011-11-09 10:31:00,14.990746268656716,31,0
14215,6,2011-11-28 12:19:00,16.57148148148148,12,0
14216,4,2011-12-06 14:56:00,31.17457627118644,3,0
14217,17,2011-12-08 11:53:00,20.0498,2,0
14218,1,2011-10-28 10:00:00,14.123333333333335,43,0
14219,1,2011-12-05 16:23:00,12.848571428571429,4,0
14220,2,2011-04-06 13:23:00,30.114285714285717,247,1
14221,9,2011-10-28 13:42:00,17.78652849740933,42,0
14222,1,2011-06-15 16:42:00,16.662682926829266,177,1
14223,3,2011-09-08 13:38:00,16.518833333333333,92,1
14224,4,2011-08-21 13:24:00,8.93566371681416,110,1
14226,5,2011-11-11 11:34:00,33.55742424242424,29,0
14227,10,2011-11-13 15:48:00,19.148342857142858,26,0
14229,3,2011-10-19 10:04:00,38.68,52,0
14231,3,2011-06-09 11:05:00,18.514200000000002,184,1
14232,5,2011-10-28 11:09:00,17.80930434782609,43,0
14233,4,2011-10-21 15:54:00,41.792,49,0
14234,4,2011-11-17 17:53:00,5.130068027210885,22,0
14235,5,2011-09-25 14:37:00,39.80835443037975,75,0
14236,2,2011-09-20 09:13:00,32.724000000000004,81,0
14237,1,2010-12-01 13:20:00,17.88888888888889,373,1
14238,1,2011-01-17 14:40:00,18.35625,326,1
14239,11,2011-10-27 14:40:00,21.257589285714285,43,0
14240,2,2011-11-09 13:45:00,21.19857142857143,30,0
14241,1,2011-06-09 11:46:00,21.37,184,1
14242,2,2011-04-19 11:46:00,17.534375,235,1
14243,10,2011-12-01 11:12:00,18.360070921985816,9,0
14245,2,2011-05-04 08:40:00,15.680092592592594,220,1
14246,3,2011-08-21 11:50:00,19.654133333333334,111,1
14247,1,2011-03-06 15:21:00,6.838500000000001,278,1
14248,1,2011-01-25 14:45:00,37.8225,318,1
14250,3,2011-12-02 14:30:00,17.153603603603603,7,0
14251,5,2011-12-08 08:32:00,36.91923076923077,2,0
14256,2,2011-03-24 13:17:00,18.284150943396227,260,1
14257,5,2011-10-06 16:54:00,29.242641509433966,64,0
14258,9,2011-11-30 15:27:00,114.14396396396396,9,0
14259,1,2011-07-21 10:44:00,24.0,142,1
14261,2,2011-10-20 10:04:00,22.37403846153846,51,0
14262,8,2011-12-01 14:17:00,18.3093006993007,8,0
14264,2,2011-07-08 10:20:00,19.64529411764706,155,1
14265,2,2011-08-22 13:32:00,17.10258064516129,109,1
14267,3,2011-06-30 10:09:00,27.568,163,1
14270,1,2011-01-12 09:33:00,16.98793103448276,332,1
14271,1,2011-04-28 12:47:00,11.232000000000001,226,1
14272,2,2011-09-27 10:08:00,13.271515151515151,74,0
14273,4,2011-10-19 13:20:00,19.309310344827587,51,0
14276,3,2011-09-02 09:45:00,17.4959375,99,1
14277,3,2011-11-24 15:01:00,18.864864864864863,15,0
14280,1,2011-05-27 10:37:00,16.755,197,1
14282,15,2011-12-06 17:04:00,24.035324675324677,3,0
14284,2,2011-11-09 08:11:00,18.6015625,31,0
14285,4,2011-11-18 14:50:00,70.74111111111111,21,0
14286,3,2011-11-16 10:34:00,16.53125,24,0
14287,3,2011-12-01 13:25:00,19.625555555555554,8,0
14288,1,2011-05-10 13:22:00,26.6625,213,1
14289,6,2011-12-01 11:44:00,19.388510638297873,9,0
14290,5,2011-11-28 14:02:00,22.917326732673267,11,0
14291,11,2011-12-08 10:26:00,16.385021097046412,2,0
14292,9,2011-12-02 11:50:00,48.719300000000004,8,0
14293,4,2011-12-06 15:17:00,17.15672131147541,3,0
14295,1,2011-10-30 15:50:00,33.24,40,0
14297,4,2011-11-22 09:06:00,21.053709677419352,18,0
14298,44,2011-12-01 13:12:00,31.476664630421503,8,0
14299,9,2011-12-01 16:05:00,27.73160839160839,8,0
14300,1,2011-11-21 08:57:00,14.4,19,0
14301,1,2011-08-14 15:33:00,49.24153846153846,117,1
14304,1,2011-05-01 11:50:00,22.555882352941175,223,1
14305,3,2011-09-29 15:29:00,17.70438095238095,71,0
14306,2,2011-10-19 13:23:00,63.4339393939394,51,0
14307,6,2011-09-12 09:38:00,16.64288888888889,89,0
14309,9,2011-12-01 13:33:00,20.10709401709402,8,0
14311,1,2011-04-11 10:14:00,15.513,243,1
14312,6,2011-10-24 09:46:00,18.52402298850575,47,0
14314,1,2011-08-25 10:39:00,15.0,107,1
14315,6,2011-10-26 12:06:00,24.565643564356435,45,0
14317,1,2011-10-06 10:44:00,21.190833333333334,65,0
14320,2,2011-05-17 09:24:00,15.412580645161292,207,1
14321,5,2011-11-29 09:47:00,12.445121951219512,11,0
14323,2,2011-08-17 11:37:00,16.807222222222222,115,1
14326,1,2011-04-11 15:04:00,22.98125,242,1
14327,1,2011-06-29 13:58:00,25.970833333333335,163,1
14329,7,2011-11-22 15:50:00,19.28387596899225,17,0
14331,2,2011-08-07 13:17:00,16.52357142857143,124,1
14332,3,2011-11-17 11:54:00,33.6084,23,0
14333,1,2011-10-03 10:38:00,27.68,68,0
14334,8,2011-11-23 10:01:00,15.754382716049383,17,0
14335,2,2011-11-23 13:41:00,7.581,16,0
14336,4,2011-11-23 11:40:00,17.943444444444445,17,0
14338,2,2011-07-01 14:08:00,18.97483870967742,161,1
14339,1,2011-04-11 11:06:00,22.10857142857143,243,1
14340,1,2011-05-05 09:44:00,22.45,219,1
14341,8,2011-10-25 15:48:00,16.92953125,45,0
14342,4,2011-11-18 13:21:00,31.836190476190477,21,0
14344,8,2011-08-04 13:51:00,12.534225352112676,127,1
14345,1,2011-11-01 09:51:00,18.163333333333334,39,0
14346,2,2011-08-11 09:47:00,17.026333333333334,121,1
14348,1,2011-03-24 16:23:00,22.753888888888888,260,1
14349,1,2011-11-29 15:39:00,4.306451612903226,10,0
14350,1,2011-03-10 14:14:00,15.718333333333334,274,1
14351,1,2011-06-28 11:56:00,51.0,165,1
14352,4,2011-07-05 15:41:00,22.95659574468085,157,1
14353,1,2011-05-08 16:06:00,15.1,215,1
14354,2,2011-12-04 11:32:00,18.18,6,0
14355,1,2010-12-09 12:16:00,15.854545454545455,366,1
14356,2,2011-09-21 09:18:00,21.24939393939394,80,0
14357,1,2011-10-27 16:23:00,5.628,43,0
14359,3,2011-11-20 13:17:00,16.585090909090912,19,0
14360,4,2011-11-08 09:12:00,18.102820512820514,32,0
14362,1,2011-11-17 15:08:00,4.094594594594595,22,0
14364,8,2011-08-23 11:01:00,53.87463768115942,109,1
14367,16,2011-12-01 13:19:00,17.711746641074857,8,0
14368,1,2011-01-24 09:52:00,19.375,320,1
14371,1,2011-02-17 16:35:00,25.125,295,1
14373,1,2010-12-16 15:40:00,19.1375,358,1
14375,1,2011-06-07 13:44:00,3.5690909090909093,185,1
14377,2,2011-06-01 13:32:00,56.095454545454544,191,1
14379,2,2011-10-26 16:43:00,7.567391304347827,44,0
14381,1,2011-10-18 17:10:00,3.619285714285714,52,0
14382,1,2011-11-13 16:18:00,4.88484126984127,26,0
14383,3,2011-11-01 15:53:00,21.14728813559322,38,0
14385,3,2011-11-30 15:36:00,14.43642857142857,9,0
14386,1,2011-02-16 09:45:00,20.342857142857145,297,1
14387,3,2011-11-07 12:29:00,12.428776978417266,33,0
14388,8,2011-11-29 13:32:00,17.273333333333333,10,0
14389,2,2011-10-05 15:17:00,23.188000000000002,65,0
14390,9,2011-11-29 13:49:00,16.347077464788732,10,0
14393,1,2011-05-05 18:16:00,13.59,218,1
14395,9,2011-12-07 14:34:00,9.999741379310345,2,0
14396,2,2011-10-05 16:09:00,6.684794520547945,65,0
14397,19,2011-12-07 09:22:00,30.034022988505747,3,0
14400,1,2011-07-13 15:50:00,22.988000000000003,149,1
14401,13,2011-12-05 13:30:00,22.26087912087912,4,0
14403,4,2011-08-01 12:57:00,73.7905,130,1
14404,6,2011-11-06 12:30:00,14.4932,34,0
14406,1,2011-08-12 16:54:00,19.59375,119,1
14407,6,2011-08-24 14:02:00,29.557945205479452,107,1
14408,7,2011-11-29 11:41:00,24.519150943396227,11,0
14409,6,2011-09-29 18:18:00,38.137962962962966,71,0
14410,9,2011-09-08 15:08:00,5.821534391534391,92,1
14411,1,2011-02-02 10:56:00,75.92857142857143,311,1
14412,2,2011-10-28 10:45:00,17.90767441860465,43,0
14413,1,2010-12-12 13:37:00,5.502272727272727,362,1
14414,7,2011-09-09 12:09:00,15.432783505154639,92,1
14415,13,2011-12-08 14:38:00,10.113246977547496,1,0
14416,2,2011-11-17 15:22:00,35.01571428571429,22,0
14418,3,2011-12-06 11:39:00,15.622983870967742,4,0
14419,6,2011-11-29 11:22:00,5.206881188118811,11,0
14420,1,2011-09-01 18:07:00,13.362758620689654,99,1
14421,2,2011-10-13 13:24:00,30.115185185185187,57,0
14422,6,2011-12-09 11:26:00,19.205585585585588,1,0
14423,1,2011-05-05 15:12:00,88.39999999999999,218,1
14424,1,2011-11-22 11:48:00,322.08,18,0
14426,10,2011-11-16 12:25:00,20.007455357142856,24,0
14427,2,2011-10-20 14:23:00,21.37294117647059,50,0
14428,5,2011-12-02 13:17:00,8.934744525547444,7,0
14431,1,2011-02-10 10:40:00,27.668235294117647,303,1
14432,6,2011-11-30 08:04:00,5.964190981432361,10,0
14434,6,2011-11-18 08:56:00,114.39999999999999,22,0
14436,1,2011-09-02 10:13:00,9.895555555555555,99,1
14437,1,2010-12-09 09:27:00,12.6,366,1
14438,1,2011-02-06 14:56:00,14.655555555555557,306,1
14439,1,2011-01-24 11:39:00,83.16375,320,1
14440,5,2011-12-01 15:42:00,42.86690909090909,8,0
14441,4,2011-12-09 09:07:00,33.58607843137255,1,0
14442,2,2011-05-19 11:36:00,25.235238095238095,205,1
14443,4,2011-10-17 10:10:00,15.270967741935484,54,0
14446,4,2011-12-09 11:34:00,3.6474729241877255,1,0
14447,5,2011-11-21 08:28:00,16.617571428571427,19,0
14448,2,2011-11-30 13:50:00,18.767500000000002,9,0
14449,4,2011-11-21 12:06:00,3.5431999999999997,19,0
14450,3,2011-06-12 10:46:00,12.08125,181,1
14451,2,2011-10-10 13:38:00,6.132380952380952,60,0
14452,2,2011-11-29 12:06:00,4.3175,11,0
14453,1,2011-06-02 14:15:00,5.451363636363637,190,1
14456,9,2011-12-04 13:59:00,3.1861457233368533,5,0
14457,1,2011-02-02 09:39:00,28.41,311,1
14459,1,2011-07-07 13:35:00,49.67351351351351,155,1
14460,3,2011-08-21 14:19:00,27.14625,110,1
14461,3,2011-07-14 17:11:00,11.683666666666666,148,1
14462,11,2011-10-04 15:55:00,8.500300429184549,66,0
14463,3,2011-09-02 15:20:00,88.27,98,1
14465,3,2011-04-07 12:38:00,8.44260162601626,247,1
14466,7,2011-11-10 14:07:00,31.561111111111114,29,0
14467,4,2011-11-22 12:48:00,6.699550561797753,18,0
14470,2,2011-11-28 10:31:00,10.725348837209303,12,0
14472,8,2011-08-28 11:01:00,6.991207547169812,104,1
14473,2,2011-09-26 15:10:00,33.47714285714286,74,0
14474,1,2011-10-24 13:26:00,18.884827586206896,46,0
14475,3,2011-09-29 10:46:00,22.04404761904762,72,0
14476,1,2011-03-27 15:39:00,11.352941176470589,257,1
14477,4,2011-11-20 11:11:00,130.95999999999998,20,0
14479,2,2011-03-31 09:07:00,17.569444444444443,254,1
14480,1,2011-11-28 16:35:00,21.465384615384615,11,0
14481,2,2011-06-28 10:38:00,21.217,165,1
14482,6,2011-11-21 13:14:00,14.765036496350364,18,0
14483,1,2011-03-03 10:26:00,15.233333333333333,282,1
14484,1,2011-10-20 14:11:00,22.994285714285716,50,0
14485,1,2011-11-01 12:25:00,3.539130434782609,39,0
14487,6,2011-11-13 12:17:00,8.324857142857143,27,0
14488,1,2011-10-03 09:30:00,23.136521739130433,68,0
14489,1,2011-05-16 14:51:00,15.446,207,1
14491,2,2011-06-17 15:22:00,20.05470588235294,175,1
14493,5,2011-12-02 16:14:00,19.860333333333337,7,0
14494,1,2011-11-14 09:21:00,19.937142857142856,26,0
14495,2,2011-10-20 12:28:00,20.633333333333336,51,0
14496,2,2011-02-01 09:01:00,28.35842105263158,312,1
14497,1,2011-02-03 17:01:00,16.392068965517243,309,1
14498,5,2011-10-28 12:09:00,10.141554404145078,43,0
14499,3,2011-11-13 13:01:00,4.254947368421053,26,0
14500,3,2011-09-12 16:45:00,50.978571428571435,88,0
14501,2,2011-06-09 12:02:00,25.121000000000002,184,1
14502,11,2011-11-20 11:50:00,3.9964309210526316,20,0
14503,6,2011-12-06 13:30:00,21.605243902439025,3,0
14504,4,2011-10-23 16:00:00,6.2921495327102805,47,0
14505,8,2011-11-22 15:45:00,7.464242038216561,17,0
14506,5,2011-11-22 13:02:00,6.6462711864406785,17,0
14507,6,2011-11-16 12:21:00,14.398736842105265,24,0
14508,2,2011-11-17 19:48:00,4.873636363636364,22,0
14511,5,2011-11-28 17:05:00,19.33544117647059,11,0
14512,2,2011-06-05 12:39:00,11.968695652173912,188,1
14513,3,2011-08-31 11:25:00,37.965833333333336,101,1
14514,3,2011-10-09 16:05:00,14.35072463768116,61,0
14515,6,2011-11-22 11:37:00,21.192755102040817,18,0
14517,2,2011-11-06 14:20:00,18.358333333333334,33,0
14518,1,2011-10-06 14:43:00,10.898125,64,0
14520,2,2011-12-08 09:46:00,67.65,2,0
14522,4,2011-11-15 13:24:00,57.32588235294117,24,0
14523,1,2011-08-23 13:13:00,20.090833333333332,108,1
14524,9,2011-11-08 12:29:00,9.359543147208122,32,0
14525,9,2011-11-20 11:37:00,14.95,20,0
14527,55,2011-12-07 12:19:00,8.761204943357363,3,0
14528,1,2011-11-02 17:09:00,20.234444444444442,37,0
14529,3,2011-10-10 15:27:00,2.7164788732394367,60,0
14530,6,2011-11-14 10:38:00,13.437136150234743,26,0
14532,4,2011-04-17 13:05:00,14.57578125,236,1
14533,7,2011-11-15 12:05:00,31.44709677419355,25,0
14534,18,2011-12-07 12:19:00,8.656102362204726,3,0
14535,3,2011-10-10 15:39:00,8.70378048780488,60,0
14536,1,2011-03-25 12:21:00,9.497222222222222,260,1
14537,1,2011-10-13 10:54:00,35.556,58,0
14538,2,2011-10-06 10:31:00,20.43421052631579,65,0
14539,2,2011-11-24 09:50:00,16.79625,16,0
14540,3,2011-11-30 10:15:00,13.417746478873239,10,0
14541,8,2011-10-12 10:08:00,13.84142857142857,59,0
14542,1,2011-06-07 08:19:00,20.65,186,1
14543,16,2011-11-11 12:45:00,50.70042253521127,29,0
14544,2,2011-11-15 15:06:00,18.056756756756755,24,0
14546,5,2011-12-04 13:00:00,6.48345088161209,5,0
14547,8,2011-12-06 11:06:00,11.196478873239437,4,0
14548,2,2011-07-12 12:19:00,163.2,151,1
14549,1,2011-02-01 13:47:00,5.165,311,1
14550,2,2011-11-29 12:12:00,16.114255319148935,11,0
14551,2,2011-11-21 13:36:00,18.622999999999998,18,0
14552,1,2011-07-11 12:49:00,2.8810526315789473,152,1
14553,5,2011-11-20 13:20:00,7.604159292035398,19,0
14554,4,2011-11-29 16:44:00,11.229014778325125,10,0
14555,2,2011-10-13 16:24:00,16.449473684210528,57,0
14557,1,2011-09-15 15:48:00,49.27375,85,0
14560,22,2011-12-02 15:22:00,30.240135135135134,7,0
14561,3,2011-09-25 12:39:00,15.6631884057971,76,0
14562,18,2011-12-06 11:05:00,11.949331742243437,4,0
14565,4,2011-09-05 09:07:00,24.40251968503937,96,1
14566,1,2011-08-21 11:05:00,358.0,111,1
14567,2,2011-10-14 10:21:00,46.374545454545455,57,0
14569,1,2011-12-08 14:58:00,18.949166666666667,1,0
14570,2,2011-03-04 10:58:00,7.519310344827586,281,1
14572,7,2011-12-06 14:40:00,10.704351145038167,3,0
14573,9,2011-06-13 11:15:00,7.223876651982379,180,1
14576,1,2010-12-02 17:51:00,35.400000000000006,372,1
14577,4,2011-11-27 12:47:00,6.989512195121952,13,0
14578,1,2011-12-06 17:18:00,7.02625,3,0
14581,1,2011-11-23 12:39:00,8.152941176470588,17,0
14582,1,2011-10-30 11:56:00,19.018333333333334,41,0
14583,5,2011-12-04 12:32:00,3.2680794701986757,6,0
14584,4,2011-06-23 18:33:00,10.54142857142857,169,1
14585,1,2011-10-20 14:33:00,5.415517241379311,50,0
14586,1,2011-03-08 10:04:00,12.492631578947368,277,1
14587,9,2011-11-21 11:34:00,4.259541778975741,19,0
14589,1,2010-12-03 11:42:00,13.25,372,1
14591,4,2011-11-24 13:57:00,7.501193181818182,15,0
14592,3,2011-11-04 16:35:00,3.5312658227848104,35,0
14593,3,2011-11-18 12:48:00,4.087086092715231,22,0
14594,2,2011-12-02 13:28:00,6.987115384615384,7,0
14595,6,2011-11-20 12:12:00,17.064705882352943,20,0
14597,2,2011-11-28 13:13:00,18.430638297872342,11,0
14598,1,2011-10-26 13:19:00,4.4394,44,0
14600,1,2011-02-07 09:48:00,15.733200000000002,306,1
14601,1,2011-11-29 09:48:00,30.565714285714286,11,0
14603,1,2011-03-10 10:27:00,330.0,275,1
14606,93,2011-12-08 19:28:00,4.511075831154277,1,0
14607,14,2011-11-24 10:35:00,200.1172839506173,16,0
14608,4,2011-12-05 16:52:00,89.25750000000001,4,0
14609,4,2011-09-28 12:54:00,150.39,72,0
14616,3,2011-04-11 09:54:00,135.36,243,1
14618,3,2011-11-30 13:45:00,34.59,9,0
14619,1,2011-04-08 07:37:00,19.722,246,1
14620,2,2011-05-18 11:58:00,15.876153846153848,206,1
14621,5,2011-12-08 16:22:00,19.438695652173916,1,0
14622,1,2011-06-08 12:42:00,15.265714285714287,185,1
14623,5,2011-11-07 13:56:00,6.666917293233083,32,0
14624,2,2011-10-13 13:44:00,17.373076923076923,57,0
14625,2,2011-05-27 15:32:00,16.974150943396225,196,1
14626,4,2011-11-16 10:37:00,22.87926229508197,24,0
14628,2,2011-09-09 14:58:00,27.998333333333335,91,1
14629,2,2011-12-05 16:55:00,6.3684,4,0
14631,3,2011-10-20 11:17:00,24.56048780487805,51,0
14632,1,2011-03-22 08:49:00,14.32,263,1
14633,1,2011-03-18 17:07:00,17.245,266,1
14636,2,2011-11-03 16:12:00,21.780357142857145,36,0
14638,1,2011-10-20 10:10:00,27.725,51,0
14639,6,2011-10-18 15:06:00,17.35168604651163,52,0
14640,6,2011-11-15 13:07:00,20.070285714285717,24,0
14641,1,2011-11-18 10:42:00,15.780000000000001,22,0
14642,1,2011-10-12 11:08:00,48.06,59,0
14643,2,2011-06-22 14:41:00,22.380967741935486,170,1
14644,2,2011-10-03 08:30:00,31.95230769230769,68,0
14645,2,2011-07-06 09:15:00,19.903000000000002,157,1
14646,73,2011-12-08 12:12:00,134.97399807321773,2,0
14647,1,2011-05-22 13:40:00,8.430000000000001,201,1
14649,4,2011-12-05 12:30:00,7.5408064516129025,5,0
14651,2,2011-10-03 15:52:00,6.4727722772277225,67,0
14652,1,2011-09-23 14:21:00,3.937241379310345,77,0
14653,7,2011-12-08 13:45:00,8.233547008547008,1,0
14655,4,2011-12-01 16:28:00,39.43326530612245,8,0
14656,2,2011-06-23 13:51:00,3.638125,169,1
14657,4,2011-11-22 12:47:00,6.7319047619047625,18,0
14658,2,2011-12-04 15:35:00,8.522413793103448,5,0
14659,9,2011-12-01 12:17:00,9.999723320158102,9,0
14660,2,2011-09-14 11:34:00,9.524666666666667,87,0
14661,1,2011-11-13 11:51:00,26.9875,27,0
14662,4,2011-11-11 12:13:00,4.722101910828026,29,0
14664,2,2011-11-20 10:59:00,6.492244897959184,20,0
14665,5,2011-10-10 09:14:00,20.39666666666667,61,0
14666,1,2011-11-15 12:57:00,13.946428571428571,24,0
14667,25,2011-11-29 11:30:00,16.18172839506173,11,0
14669,3,2011-04-12 11:43:00,7.58578313253012,242,1
14670,2,2011-03-04 14:13:00,3.1939837398373987,280,1
14672,2,2011-04-19 10:19:00,12.55,235,1
14673,5,2011-12-06 14:31:00,23.464864864864865,3,0
14675,1,2011-11-23 12:58:00,6.148041237113402,16,0
14676,6,2011-11-08 13:29:00,60.672380952380955,31,0
14680,16,2011-11-14 16:59:00,111.45003875968993,25,0
14681,3,2011-09-29 15:52:00,71.27857142857142,71,0
14682,2,2011-06-05 12:12:00,26.0,188,1
14684,5,2011-11-14 11:33:00,3.080794871794872,26,0
14687,1,2011-08-25 11:59:00,41.892,107,1
14688,21,2011-12-02 12:26:00,17.219444444444445,8,0
14689,1,2011-05-15 11:22:00,8.676923076923078,209,1
14690,2,2011-10-26 15:39:00,7.3968750000000005,44,0
14691,5,2011-11-09 12:30:00,29.779295774647885,31,0
14692,4,2011-07-25 15:08:00,8.699264705882353,137,1
14693,1,2011-03-20 12:50:00,21.6125,265,1
14696,7,2011-12-05 13:43:00,15.991923076923076,4,0
14697,2,2011-05-05 15:39:00,8.57318181818182,218,1
14698,5,2011-12-08 12:26:00,6.0863499999999995,2,0
14699,1,2011-05-09 14:54:00,13.641250000000001,214,1
14700,3,2011-11-07 14:40:00,19.599107142857143,32,0
14701,9,2011-11-29 12:38:00,7.725045871559633,11,0
14702,17,2011-12-08 19:29:00,9.508157894736842,1,0
14703,1,2011-11-25 09:23:00,14.462272727272728,15,0
14704,9,2011-11-28 12:51:00,3.8014249363867685,11,0
14705,1,2011-05-25 12:39:00,179.0,199,1
14708,3,2011-12-07 08:21:00,40.227500000000006,3,0
14709,13,2011-11-24 15:41:00,25.10734693877551,15,0
14710,4,2011-11-25 14:53:00,4.4079411764705885,14,0
14711,11,2011-11-29 14:58:00,8.230782608695652,10,0
14712,3,2011-11-10 12:59:00,36.6828,29,0
14713,11,2011-11-30 16:26:00,7.876331360946745,9,0
14714,1,2011-11-15 13:07:00,16.019,24,0
14715,4,2011-11-15 12:10:00,12.21661971830986,25,0
14716,2,2011-10-27 17:29:00,6.029607843137255,43,0
14719,5,2011-12-08 12:43:00,6.731234042553191,2,0
14720,3,2011-12-04 12:02:00,17.94081081081081,6,0
14722,1,2011-07-15 14:58:00,6.4435714285714285,147,1
14723,6,2011-11-29 15:23:00,4.333436293436293,10,0
14725,1,2011-11-15 12:42:00,13.948510638297874,25,0
14727,1,2011-03-10 14:45:00,26.857999999999997,274,1
14729,1,2010-12-01 12:43:00,4.415352112676056,374,1
14730,8,2011-12-08 14:39:00,4.107294372294372,1,0
14731,3,2011-10-23 15:54:00,8.444888888888888,47,0
14732,8,2011-12-01 14:34:00,18.384285714285717,8,0
14733,12,2011-11-23 15:39:00,47.455,16,0
14735,32,2011-12-06 12:09:00,31.266443298969076,4,0
14737,3,2011-12-06 10:16:00,68.50294117647059,4,0
14738,7,2011-10-28 08:56:00,24.34166666666667,43,0
14739,7,2011-12-05 16:54:00,65.038,4,0
14740,3,2011-05-26 18:17:00,16.272022471910113,197,1
14741,6,2011-11-28 08:48:00,23.734576271186445,12,0
14744,7,2011-11-23 12:51:00,42.30692307692308,16,0
14745,5,2011-08-19 10:05:00,17.684927536231886,113,1
14747,1,2011-04-04 14:09:00,18.233333333333334,249,1
14748,5,2011-11-10 18:33:00,15.907303370786517,29,0
14752,1,2011-10-27 11:55:00,77.92800000000001,44,0
14753,1,2011-09-13 14:50:00,18.771666666666665,87,0
14754,2,2011-10-26 12:01:00,15.562195121951218,45,0
14755,11,2011-11-30 11:24:00,21.320340425531914,10,0
14756,1,2011-11-24 18:13:00,19.446315789473687,15,0
14757,1,2011-09-25 14:36:00,22.13157894736842,75,0
14758,4,2011-07-18 08:21:00,20.90225352112676,145,1
14759,3,2011-12-05 12:03:00,15.940882352941177,5,0
14760,1,2011-02-15 16:27:00,17.84,297,1
14761,2,2011-10-12 12:10:00,23.263636363636365,59,0
14762,1,2011-03-21 08:20:00,14.310476190476189,264,1
14764,1,2011-10-24 11:54:00,46.38333333333333,47,0
14765,3,2011-11-10 19:53:00,6.515641025641026,29,0
14766,6,2011-12-01 16:05:00,18.321259259259257,8,0
14768,2,2011-11-22 12:54:00,38.52,17,0
14769,8,2011-12-07 10:24:00,9.808832391713747,3,0
14770,2,2011-04-21 14:21:00,16.85423076923077,232,1
14772,1,2011-08-19 15:04:00,15.473333333333333,112,1
14775,3,2011-10-12 15:27:00,16.865,58,0
14776,11,2011-10-19 15:34:00,21.694871794871794,51,0
14778,2,2011-08-04 15:23:00,20.881714285714285,127,1
14779,3,2011-03-04 12:42:00,9.418292682926829,281,1
14780,2,2011-10-16 12:46:00,16.58074074074074,55,0
14782,1,2011-01-24 11:12:00,33.35,320,1
14784,2,2011-11-13 13:30:00,19.332666666666668,26,0
14785,2,2011-11-29 13:21:00,25.8,10,0
14788,2,2011-12-02 17:06:00,22.648000000000003,7,0
14789,1,2011-11-11 08:59:00,32.94,29,0
14790,4,2011-11-23 09:28:00,16.19695652173913,17,0
14792,1,2011-10-07 09:19:00,3.1,64,0
14793,1,2011-11-18 14:50:00,16.356428571428573,21,0
14794,7,2011-12-07 10:11:00,16.498875,3,0
14795,1,2011-06-26 13:04:00,21.908333333333335,166,1
14796,17,2011-12-08 15:31:00,7.045485865724381,1,0
14798,3,2011-10-18 10:58:00,14.478333333333333,53,0
14799,1,2011-10-19 16:16:00,12.13076923076923,51,0
14800,12,2011-10-23 12:46:00,11.310156657963446,48,0
14801,1,2011-10-09 15:24:00,3.3217543859649123,61,0
14803,3,2011-06-30 13:58:00,19.217045454545456,162,1
14804,1,2011-12-01 11:20:00,29.439166666666665,9,0
14805,4,2011-11-24 16:20:00,11.878260869565217,15,0
14806,1,2011-09-25 15:32:00,17.580909090909092,75,0
14808,8,2011-10-31 12:21:00,11.768831168831168,40,0
14810,11,2011-10-30 11:19:00,8.209960629921259,41,0
14813,2,2010-12-05 11:57:00,5.2717241379310344,370,1
14815,2,2011-11-03 11:36:00,14.68867924528302,37,0
14816,1,2011-05-26 13:16:00,67.9625,197,1
14817,2,2011-05-23 13:35:00,17.624444444444443,200,1
14818,3,2011-09-27 11:01:00,13.704166666666666,74,0
14819,2,2011-10-06 13:41:00,20.928461538461537,64,0
14820,4,2011-11-18 15:41:00,17.492758620689656,21,0
14821,1,2010-12-08 08:43:00,24.400000000000002,367,1
14823,3,2011-06-12 13:12:00,4.591857142857143,180,1
14824,4,2011-11-29 14:20:00,38.88655172413793,10,0
14825,12,2011-12-06 11:38:00,18.50841666666667,4,0
14828,3,2011-05-27 10:16:00,125.86823529411765,197,1
14829,4,2011-11-10 16:16:00,16.60833333333333,29,0
14830,1,2011-10-17 14:29:00,4.843076923076923,53,0
14834,6,2011-11-22 10:30:00,25.676119402985073,18,0
14836,3,2011-11-29 16:45:00,17.075,10,0
14837,4,2011-09-11 10:58:00,15.273148148148149,90,0
14840,1,2011-03-17 12:00:00,15.7125,268,1
14841,6,2011-10-17 15:03:00,23.88231884057971,53,0
14842,4,2011-10-27 12:37:00,19.480620689655172,44,0
14844,4,2011-10-07 10:41:00,24.537,64,0
14847,1,2011-07-14 10:52:00,23.800000000000004,149,1
14849,25,2011-11-18 10:58:00,20.439536082474227,22,0
14850,1,2011-02-01 11:21:00,15.511904761904763,312,1
14851,2,2011-11-16 14:20:00,18.2625,23,0
14852,6,2011-10-12 13:20:00,19.83699300699301,58,0
14853,2,2011-11-15 16:56:00,52.86666666666667,24,0
14854,7,2011-09-22 17:00:00,21.746269841269843,78,0
14855,2,2011-08-12 14:02:00,32.2825,119,1
14856,3,2011-11-03 14:53:00,19.854307692307692,36,0
14857,2,2011-10-11 09:23:00,19.552000000000003,60,0
14859,4,2011-11-27 11:18:00,23.340344827586208,13,0
14860,1,2011-11-20 14:17:00,15.483636363636363,19,0
14861,1,2011-10-18 12:54:00,20.965,52,0
14862,2,2011-11-14 10:01:00,17.525000000000002,26,0
14863,1,2011-11-10 15:04:00,24.25090909090909,29,0
14865,2,2011-12-02 16:25:00,13.05,7,0
14866,12,2011-11-29 11:45:00,145.35252525252525,11,0
14867,3,2011-06-07 11:39:00,19.73,186,1
14868,8,2011-12-06 14:49:00,20.511041666666667,3,0
14869,2,2011-12-01 12:36:00,10.306428571428572,9,0
14870,1,2011-03-23 10:51:00,25.173076923076923,262,1
14871,4,2011-12-06 13:42:00,5.390107526881721,3,0
14873,1,2011-05-13 13:52:00,18.56,210,1
14875,2,2011-08-24 12:20:00,31.17702127659574,108,1
14878,9,2011-11-27 11:15:00,12.099098360655738,13,0
14880,3,2011-09-23 13:42:00,15.012826086956522,77,0
14881,1,2011-11-20 11:06:00,15.023529411764706,20,0
14882,2,2011-11-13 12:47:00,53.60909090909092,27,0
14883,6,2011-11-21 10:23:00,14.369622641509434,19,0
14885,1,2011-07-31 12:05:00,51.02133333333333,132,1
14886,1,2011-04-01 08:56:00,20.266666666666666,253,1
14887,1,2011-09-21 15:32:00,310.3333333333333,79,0
14888,1,2011-05-16 14:58:00,18.46,207,1
14889,1,2011-01-07 15:19:00,13.59,336,1
14890,1,2011-03-31 11:57:00,17.95,254,1
14891,2,2011-07-14 18:08:00,16.79939393939394,148,1
14893,2,2011-11-30 12:31:00,16.956849315068496,10,0
14894,1,2011-09-15 13:51:00,28.51086956521739,85,0
14895,20,2011-12-02 09:23:00,22.366887550200804,8,0
14896,2,2011-05-19 10:20:00,10.901627906976746,205,1
14897,4,2011-12-02 10:32:00,24.84327272727273,8,0
14898,6,2011-11-16 14:54:00,11.645045871559633,23,0
14901,9,2011-11-28 17:09:00,14.805104166666666,11,0
14902,1,2011-11-14 10:34:00,16.633000000000003,26,0
14903,5,2011-11-18 16:07:00,7.986657142857142,21,0
14904,2,2011-12-07 12:55:00,14.86144927536232,2,0
14905,2,2011-07-05 12:41:00,36.24411764705882,158,1
14907,7,2011-12-06 14:14:00,21.21878787878788,3,0
14908,1,2011-09-26 12:56:00,30.866666666666667,74,0
14910,4,2011-12-07 10:06:00,14.478333333333333,3,0
14911,201,2011-12-08 15:54:00,25.345885361552032,1,0
14912,2,2011-11-23 09:20:00,32.14259259259259,17,0
14913,4,2011-11-04 08:29:00,14.108390804597702,36,0
14915,2,2011-09-09 13:34:00,25.623333333333335,91,1
14916,4,2011-09-30 09:20:00,16.48025974025974,71,0
14918,2,2011-08-16 11:50:00,35.781111111111116,116,1
14920,2,2011-05-11 10:32:00,17.153859649122808,213,1
14921,2,2011-11-09 13:17:00,16.872692307692308,30,0
14923,1,2011-10-20 11:51:00,17.025000000000002,51,0
14924,1,2011-04-08 09:25:00,31.005000000000003,246,1
14929,1,2011-11-07 17:21:00,20.35272727272727,32,0
14930,3,2011-08-23 10:31:00,18.605984251968504,109,1
14931,5,2011-12-05 10:19:00,30.675121951219513,5,0
14932,1,2010-12-09 11:48:00,21.384117647058822,366,1
14934,2,2011-09-19 10:10:00,21.734942528735633,82,0
14935,1,2011-02-15 14:44:00,178.471,297,1
14936,8,2011-11-06 10:30:00,22.35445054945055,34,0
14937,3,2011-10-14 12:29:00,47.70235294117647,57,0
14944,12,2011-11-10 09:10:00,34.707352941176474,30,0
14946,1,2011-11-25 13:33:00,33.63333333333333,14,0
14947,2,2011-09-28 15:48:00,20.77285714285714,72,0
14948,6,2011-11-16 17:16:00,17.491587301587302,23,0
14950,1,2011-11-20 13:48:00,19.53684210526316,19,0
14951,1,2011-09-21 15:15:00,15.5845,79,0
14952,11,2011-10-11 10:33:00,58.69195652173913,60,0
14953,1,2011-11-14 14:59:00,5.2901851851851855,25,0
14954,1,2011-11-27 14:30:00,3.8292207792207793,12,0
14957,1,2011-03-31 17:59:00,4.8741666666666665,253,1
14958,3,2011-07-15 14:20:00,11.79829268292683,147,1
14959,4,2011-10-06 18:23:00,11.786779661016949,64,0
14960,2,2011-12-01 12:54:00,8.195185185185185,8,0
14961,9,2011-11-29 09:42:00,22.579102564102566,11,0
14962,1,2011-03-14 09:42:00,25.34,271,1
14963,5,2011-11-30 12:16:00,7.6684375,10,0
14964,1,2011-04-06 14:13:00,15.862307692307693,247,1
14965,2,2011-09-04 13:20:00,7.359135802469136,96,1
14966,1,2011-11-25 12:20:00,5.08388888888889,15,0
14967,1,2011-10-21 11:06:00,77.3,50,0
14968,1,2011-11-09 13:58:00,3.988918918918919,30,0
14970,4,2011-10-02 13:44:00,46.825294117647054,68,0
14971,3,2011-11-04 17:07:00,7.083741935483871,35,0
14972,1,2011-08-03 14:54:00,6.376111111111111,128,1
14973,3,2011-08-24 15:51:00,41.0765625,107,1
14974,1,2011-11-02 13:01:00,5.290588235294117,37,0
14975,1,2011-10-13 14:08:00,25.44909090909091,57,0
14976,7,2011-10-13 16:37:00,10.984166666666667,57,0
14978,5,2011-09-28 13:07:00,8.97836448598131,72,0
14981,1,2011-04-07 13:45:00,12.765,246,1
14984,2,2011-11-20 14:28:00,5.188974358974359,19,0
14985,2,2011-05-25 14:29:00,3.5181927710843373,198,1
14987,2,2011-11-24 09:59:00,81.6,16,0
14988,1,2011-05-12 12:05:00,8.3635,212,1
14995,2,2011-11-01 11:39:00,3.866333333333334,39,0
14997,3,2011-10-24 13:28:00,21.007692307692306,46,0
14998,2,2011-06-22 17:30:00,5.606351351351352,170,1
15000,1,2011-10-23 11:42:00,6.37038961038961,48,0
15002,4,2011-08-16 10:44:00,14.276173913043479,116,1
15004,1,2011-07-15 14:05:00,7.927077922077922,147,1
15005,28,2011-11-24 12:25:00,5.661303956834533,16,0
15006,1,2011-10-19 15:08:00,3.639242424242424,51,0
15007,1,2011-07-03 16:00:00,13.075833333333334,159,1
15009,3,2011-11-27 13:35:00,6.996833333333334,12,0
15010,1,2011-11-04 12:42:00,15.447,36,0
15012,2,2011-10-17 12:22:00,3.3200000000000003,54,0
15014,2,2011-10-27 20:07:00,7.808181818181819,43,0
15016,1,2011-06-20 12:06:00,8.501999999999999,173,1
15017,1,2011-11-06 10:33:00,6.279,34,0
15018,3,2011-11-01 12:47:00,16.006774193548388,39,0
15019,1,2011-03-18 12:35:00,3.8304545454545456,267,1
15021,9,2011-12-01 11:53:00,4.215698198198198,9,0
15022,4,2011-11-28 12:35:00,7.044545454545454,12,0
15023,11,2011-12-06 17:23:00,12.152640144665462,3,0
15024,10,2011-11-30 12:06:00,10.765986842105264,10,0
15025,1,2011-11-06 15:20:00,5.402388059701492,33,0
15026,3,2011-09-20 13:52:00,7.688524590163935,80,0
15027,4,2011-11-09 10:16:00,30.461428571428574,31,0
15028,4,2011-12-01 14:06:00,13.065208333333333,8,0
15030,2,2011-09-29 10:50:00,74.03999999999999,72,0
15031,4,2011-12-05 14:19:00,5.93809090909091,4,0
15032,3,2011-03-28 15:03:00,95.3673076923077,256,1
15033,10,2011-12-05 12:40:00,5.104151696606786,5,0
15034,8,2011-11-24 12:11:00,10.959384615384614,16,0
15035,1,2011-09-11 11:08:00,9.36037037037037,90,0
15036,3,2011-09-28 15:42:00,3.609747899159664,72,0
15038,6,2011-10-12 11:33:00,5.48592,59,0
15039,47,2011-11-30 11:31:00,13.38293161814489,10,0
15041,1,2011-06-22 16:16:00,2.7262121212121215,170,1
15042,1,2011-05-24 16:25:00,27.186,199,1
15043,1,2011-11-08 14:26:00,179.0,31,0
15044,17,2011-11-20 13:20:00,17.19533783783784,19,0
15045,2,2011-07-11 11:33:00,61.305,152,1
15046,15,2011-11-30 15:50:00,25.32547263681592,9,0
15047,1,2011-03-15 10:49:00,15.61909090909091,270,1
15048,4,2011-10-05 14:55:00,4.053191489361702,65,0
15049,1,2011-03-11 12:13:00,40.39000000000001,274,1
15050,3,2011-11-14 16:17:00,22.86434210526316,25,0
15051,3,2011-11-16 15:38:00,9.741971830985914,23,0
15052,1,2011-01-24 15:52:00,7.418928571428572,319,1
15053,3,2011-12-05 12:08:00,10.057246376811595,5,0
15054,2,2011-11-27 15:02:00,2.6500000000000004,12,0
15057,2,2011-03-09 15:17:00,59.58,275,1
15058,11,2011-11-14 14:57:00,7.904285714285714,25,0
15059,9,2011-10-30 11:35:00,5.644388185654009,41,0
15060,4,2011-12-01 13:47:00,2.5586956521739133,8,0
15061,48,2011-12-06 12:06:00,135.32044665012407,4,0
15062,4,2011-09-29 16:51:00,17.330877192982456,71,0
15063,1,2011-05-10 13:25:00,74.16,213,1
15065,4,2011-11-02 09:45:00,20.37503225806452,38,0
15066,1,2011-10-17 13:25:00,21.275952380952383,53,0
15067,3,2011-09-22 13:20:00,21.277560975609756,78,0
15068,2,2011-10-24 14:47:00,5.320769230769231,46,0
15069,1,2011-06-13 14:16:00,15.850428571428571,179,1
15070,1,2010-12-02 11:23:00,106.2,373,1
15071,2,2011-09-07 11:43:00,37.77192307692308,94,1
15073,3,2011-11-30 10:44:00,19.322407407407407,10,0
15074,1,2011-08-26 14:45:00,17.943170731707315,105,1
15075,1,2011-09-23 12:27:00,28.63074074074074,78,0
15076,1,2011-06-20 08:23:00,17.976530612244897,173,1
15078,32,2011-12-02 15:41:00,22.14343181818182,7,0
15079,4,2011-05-11 12:45:00,19.055531914893617,213,1
15081,5,2011-11-17 17:08:00,15.296969696969697,22,0
15083,1,2011-03-28 12:18:00,17.64,257,1
15087,1,2011-03-03 10:34:00,20.462666666666667,282,1
15088,2,2011-11-18 13:14:00,20.352105263157895,21,0
15089,6,2011-11-29 16:31:00,16.69544827586207,10,0
15090,1,2011-02-04 14:03:00,16.57913043478261,308,1
15091,1,2011-10-03 12:47:00,16.023666666666667,68,0
15092,2,2011-05-08 14:10:00,17.608076923076922,215,1
15093,6,2011-11-21 13:09:00,42.565000000000005,18,0
15095,4,2011-08-28 12:01:00,29.161702127659577,104,1
15096,1,2011-10-28 10:27:00,19.944545454545455,43,0
15097,1,2011-12-05 14:03:00,9.923200000000001,4,0
15098,3,2011-06-10 15:33:00,13305.5,182,1
15099,1,2011-09-16 13:13:00,17.84695652173913,84,0
15100,3,2011-01-10 10:35:00,292.0,334,1
15101,2,2011-12-01 10:18:00,39.691250000000004,9,0
15103,2,2011-11-08 14:53:00,20.096,31,0
15104,2,2011-05-27 12:29:00,14.828955223880596,197,1
15105,7,2011-11-21 16:54:00,22.76168316831683,18,0
15106,5,2011-11-22 09:16:00,14.2252,18,0
15107,6,2011-02-01 14:46:00,19.96875,311,1
15108,4,2011-07-21 10:24:00,21.670833333333334,142,1
15109,1,2011-04-08 09:58:00,17.319642857142856,246,1
15110,4,2011-11-16 11:16:00,28.46,24,0
15111,3,2011-11-10 16:58:00,18.660476190476192,29,0
15113,3,2011-11-30 08:23:00,36.179690721649486,10,0
15114,10,2011-11-09 15:05:00,14.012994923857867,30,0
15115,1,2011-11-21 14:59:00,16.195714285714285,18,0
15116,4,2011-11-22 12:25:00,30.06111111111111,18,0
15117,5,2011-11-25 08:12:00,19.64278481012658,15,0
15118,1,2011-07-28 14:54:00,244.8,134,1
15119,1,2011-04-08 09:08:00,19.02857142857143,246,1
15120,1,2011-07-29 09:48:00,17.086666666666666,134,1
15121,2,2011-10-20 14:51:00,16.34714285714286,50,0
15122,3,2011-08-17 16:48:00,19.924146341463413,114,1
15123,2,2011-12-02 13:12:00,20.748207547169812,7,0
15124,2,2011-11-17 10:09:00,12.279333333333334,23,0
15125,15,2011-11-14 13:57:00,90.77543307086614,25,0
15127,1,2011-10-05 10:30:00,25.408125000000002,66,0
15128,4,2011-10-10 13:54:00,14.42156862745098,60,0
15129,11,2011-10-20 14:40:00,41.04047619047619,50,0
15130,1,2011-06-23 10:15:00,15.005,170,1
15132,5,2011-11-21 17:10:00,18.806346153846157,18,0
15133,3,2011-08-04 10:44:00,33.87655172413793,128,1
15134,8,2011-11-25 08:55:00,19.013561643835615,15,0
15135,1,2011-04-14 19:16:00,15.450000000000001,239,1
15136,4,2011-12-07 12:26:00,18.92205882352941,3,0
15139,2,2011-04-14 11:39:00,13.766153846153847,240,1
15140,7,2011-10-18 14:07:00,29.428125,52,0
15142,1,2011-10-24 12:51:00,19.182307692307692,46,0
15143,1,2011-04-28 12:03:00,18.532142857142855,226,1
15144,17,2011-12-01 15:12:00,30.32460829493088,8,0
15145,4,2011-12-05 17:21:00,17.83179104477612,4,0
15146,2,2011-06-28 12:09:00,14.584175824175825,165,1
15147,1,2011-04-13 15:57:00,22.267857142857142,240,1
15148,1,2011-11-29 08:21:00,15.0645,11,0
15149,1,2011-07-29 10:58:00,22.643478260869568,134,1
15150,10,2011-11-22 12:52:00,15.517096774193549,17,0
15152,13,2011-11-30 12:32:00,17.511771217712177,10,0
15153,1,2011-11-08 17:09:00,14.965909090909092,31,0
15154,1,2011-09-25 16:05:00,3.581408450704225,75,0
15156,3,2011-12-08 18:22:00,17.481636363636365,1,0
15157,3,2011-12-06 11:28:00,15.48856,4,0
15158,1,2011-10-25 13:53:00,57.34285714285715,45,0
15159,30,2011-12-08 12:05:00,26.254943661971833,2,0
15160,1,2010-12-17 14:15:00,39.54,357,1
15163,2,2011-11-21 13:10:00,10.49896551724138,18,0
15164,3,2011-10-02 12:05:00,8.164158415841584,69,0
15165,1,2010-12-01 14:03:00,18.064814814814813,373,1
15167,1,2011-01-23 12:41:00,4.071794871794872,321,1
15168,1,2011-11-14 11:26:00,21.312,26,0
15171,1,2011-01-12 15:36:00,257.9,331,1
15172,5,2011-12-01 11:51:00,14.764090909090909,9,0
15174,1,2011-01-21 09:06:00,12.340909090909092,323,1
15175,1,2011-09-29 11:31:00,9.745217391304347,72,0
15178,1,2011-03-24 15:12:00,13.5,260,1
15179,5,2011-11-21 12:53:00,23.730645161290326,18,0
15180,1,2010-12-07 14:57:00,14.583333333333334,367,1
15181,3,2011-10-04 13:58:00,43.0925,66,0
15182,2,2011-07-08 13:37:00,21.477586206896554,154,1
15184,2,2011-11-10 13:41:00,6.487096774193549,29,0
15185,1,2011-09-30 14:06:00,14.791428571428572,70,0
15186,2,2011-11-25 14:58:00,21.653157894736843,14,0
15187,16,2011-12-08 11:56:00,52.49648351648352,2,0
15189,41,2011-12-08 13:22:00,76.53485849056604,1,0
15192,3,2011-08-12 11:41:00,20.47686274509804,120,1
15193,1,2011-10-10 08:23:00,26.28,61,0
15194,15,2011-12-06 15:10:00,24.569451612903226,3,0
15195,1,2011-12-07 12:20:00,3861.0,3,0
15197,3,2011-11-29 10:00:00,33.7378125,11,0
15198,2,2011-09-08 14:42:00,19.363999999999997,92,1
15199,4,2011-10-11 15:12:00,97.5923076923077,59,0
15201,5,2011-09-13 14:53:00,17.92086956521739,87,0
15203,6,2011-11-14 08:16:00,12.871830985915492,26,0
15204,1,2010-12-17 13:49:00,35.175555555555555,357,1
15205,2,2011-09-15 19:36:00,17.655135135135136,85,0
15206,4,2011-11-29 13:41:00,46.7,10,0
15208,5,2011-12-08 17:24:00,20.717142857142857,1,0
15210,1,2011-04-28 16:11:00,16.559,225,1
15211,2,2011-10-10 13:31:00,17.20019230769231,60,0
15212,1,2011-04-12 13:45:00,20.36,241,1
15213,2,2011-01-25 12:21:00,13.68125,319,1
15214,8,2011-12-08 12:07:00,15.104000000000001,2,0
15215,3,2011-10-24 11:41:00,20.998285714285714,47,0
15216,1,2011-09-13 11:41:00,48.3,88,0
15218,11,2011-11-29 11:48:00,34.680060240963854,11,0
15219,1,2011-06-16 16:57:00,33.97222222222222,176,1
15220,6,2011-10-19 12:39:00,15.204786324786324,52,0
15221,1,2010-12-08 13:08:00,80.65,366,1
15222,1,2011-01-25 08:03:00,117.0,319,1
15223,2,2011-04-28 11:31:00,37.7875,226,1
15224,2,2010-12-16 15:02:00,23.005714285714284,358,1
15225,1,2011-04-19 14:51:00,17.8,234,1
15226,1,2011-02-02 11:41:00,19.30125,311,1
15227,5,2011-11-03 11:59:00,21.024137931034485,37,0
15228,4,2011-10-04 13:56:00,27.09368,66,0
15230,2,2011-04-14 14:39:00,18.678260869565218,239,1
15232,2,2011-08-18 16:27:00,19.743870967741934,113,1
15234,1,2011-03-08 08:53:00,14.071428571428571,277,1
15235,12,2011-05-06 09:44:00,15.716853146853149,218,1
15236,1,2011-02-14 10:52:00,21.403333333333332,299,1
15237,4,2011-12-08 09:46:00,14.265858585858584,2,0
15238,3,2011-11-10 14:28:00,21.4398,29,0
15239,2,2011-11-29 14:14:00,15.930408163265307,10,0
15240,5,2011-10-26 09:50:00,21.879102564102563,45,0
15241,8,2011-10-04 09:05:00,15.967636363636364,67,0
15243,1,2011-09-26 14:12:00,14.394545454545455,74,0
15244,2,2011-10-05 13:19:00,18.57558823529412,65,0
15245,3,2011-07-28 18:56:00,28.267865168539327,134,1
15246,2,2011-04-15 14:45:00,15.58030303030303,238,1
15247,1,2011-08-09 12:52:00,59.333333333333336,122,1
15249,13,2011-11-08 11:45:00,19.109885714285713,32,0
15251,11,2011-11-30 15:02:00,94.45936936936937,9,0
15252,2,2011-11-03 13:30:00,16.83590909090909,36,0
15253,5,2011-11-23 16:22:00,17.324528301886794,16,0
15254,1,2011-08-04 15:04:00,16.686666666666667,127,1
15255,1,2011-10-04 12:43:00,18.95425531914894,67,0
15256,1,2011-07-14 11:47:00,16.408333333333335,149,1
15257,1,2011-03-01 12:58:00,45.30714285714286,283,1
15258,2,2011-06-24 12:30:00,18.328235294117647,169,1
15260,7,2011-08-31 13:55:00,23.516493506493507,100,1
15261,1,2011-07-27 15:20:00,13.41157894736842,135,1
15262,1,2011-01-20 12:16:00,17.895000000000003,324,1
15263,1,2011-08-25 10:26:00,13.042499999999999,107,1
15264,1,2011-10-06 13:49:00,17.11913043478261,64,0
15265,2,2011-07-11 14:46:00,18.36731707317073,151,1
15266,1,2011-01-05 13:40:00,19.883333333333333,338,1
15267,5,2011-11-17 15:59:00,156.12363636363636,22,0
15269,1,2011-11-16 09:32:00,204.4,24,0
15270,7,2011-11-24 09:24:00,58.03634146341463,16,0
15271,15,2011-12-02 14:11:00,9.444469696969698,7,0
15272,2,2011-10-13 12:59:00,11.45936507936508,57,0
15274,2,2011-12-05 16:57:00,15.246170212765959,4,0
15275,1,2011-11-02 11:20:00,15.003414634146342,38,0
15276,1,2011-10-04 16:39:00,2.6251020408163264,66,0
15277,1,2011-10-24 10:08:00,21.325,47,0
15279,1,2010-12-20 10:48:00,15.29,355,1
15280,1,2011-06-20 17:14:00,7.07,172,1
15281,9,2011-10-12 09:10:00,16.778057553956835,59,0
15286,1,2011-10-21 11:08:00,80.18333333333334,50,0
15287,2,2011-11-17 15:34:00,24.3345,22,0
15288,5,2011-10-27 16:58:00,26.210454545454546,43,0
15289,3,2011-11-10 13:49:00,16.20310344827586,29,0
15290,18,2011-12-05 11:39:00,38.93735294117647,5,0
15291,15,2011-11-14 11:02:00,45.32330097087379,26,0
15292,1,2011-05-22 15:00:00,7.432916666666666,201,1
15296,6,2011-10-20 11:47:00,18.932268041237116,51,0
15297,3,2011-11-29 16:32:00,16.46,10,0
15298,12,2011-12-07 17:17:00,24.999479166666664,2,0
15299,7,2011-10-03 14:19:00,643.8585714285715,67,0
15300,1,2011-10-06 17:08:00,17.73,64,0
15301,12,2011-10-20 09:57:00,20.867561983471074,51,0
15303,1,2011-02-22 13:59:00,18.516774193548386,290,1
15304,8,2011-10-10 10:23:00,30.191304347826087,61,0
15306,3,2011-10-06 12:56:00,20.24741379310345,64,0
15307,1,2011-09-05 11:38:00,17.108333333333334,96,1
15308,1,2011-03-10 13:08:00,16.340526315789475,274,1
15311,91,2011-12-09 12:00:00,25.626690617075234,1,0
15312,4,2011-09-25 13:10:00,19.677659574468084,75,0
15313,1,2011-08-21 16:02:00,52.0,110,1
15314,1,2011-05-24 14:39:00,13.665416666666667,199,1
15315,2,2011-10-06 12:51:00,15.41891891891892,64,0
15316,1,2011-01-17 11:34:00,165.0,327,1
15318,1,2011-12-06 11:30:00,9.473333333333333,4,0
15319,1,2011-03-01 12:48:00,12.78125,284,1
15320,1,2011-10-26 13:27:00,7.420277777777778,44,0
15321,3,2011-09-30 09:40:00,28.92957894736842,71,0
15322,1,2011-09-15 09:34:00,16.18285714285714,86,0
15325,1,2011-08-28 11:55:00,3.3695833333333334,104,1
15326,1,2011-01-10 11:38:00,10.748620689655171,334,1
15327,1,2011-10-18 11:55:00,20.875,53,0
15329,3,2011-10-31 15:36:00,18.41578947368421,39,0
15330,2,2011-11-07 17:50:00,54.99692307692307,32,0
15332,4,2010-12-08 14:43:00,47.45885714285714,366,1
15333,1,2011-05-15 13:27:00,64.285,208,1
15334,3,2011-07-06 11:22:00,3.579795918367347,157,1
15335,1,2011-10-17 12:50:00,4.863428571428571,54,0
15339,2,2011-10-04 12:51:00,6.675232558139536,66,0
15341,1,2011-09-20 09:40:00,118.85411764705883,81,0
15342,1,2011-08-02 10:19:00,16.920416666666668,130,1
15343,1,2011-09-13 13:55:00,17.357142857142858,87,0
15344,3,2011-12-09 10:45:00,21.69,1,0
15345,1,2011-10-25 11:28:00,19.677,46,0
15346,1,2011-01-11 11:18:00,14.848235294117648,333,1
15347,1,2010-12-08 15:25:00,40.32000000000001,366,1
15348,1,2011-09-28 13:17:00,17.56,72,0
15349,2,2011-07-04 16:06:00,6.533943661971831,158,1
15350,1,2010-12-01 13:33:00,23.130000000000003,373,1
15351,7,2011-11-27 12:52:00,8.83406392694064,12,0
15353,2,2011-03-30 12:15:00,12.624918032786885,255,1
15355,2,2011-11-10 13:44:00,19.789285714285715,29,0
15356,10,2011-11-08 13:11:00,5.446953907815631,31,0
15358,22,2011-12-05 09:04:00,15.149183303085302,5,0
15360,1,2011-10-31 09:35:00,32.917692307692306,40,0
15361,1,2010-12-13 09:52:00,59.84571428571429,362,1
15363,1,2010-12-02 12:28:00,20.375,373,1
15364,2,2011-09-05 09:46:00,31.489310344827587,96,1
15365,7,2011-11-14 08:29:00,20.301052631578948,26,0
15366,2,2011-09-25 15:01:00,13.69340909090909,75,0
15367,4,2011-10-13 14:13:00,19.764105263157898,57,0
15368,1,2011-11-18 14:42:00,111.73500000000001,21,0
15370,7,2011-10-30 10:58:00,25.383510638297874,41,0
15372,1,2011-07-25 16:39:00,74.34814814814816,137,1
15373,12,2011-12-01 15:05:00,18.302348484848483,8,0
15374,1,2011-08-03 09:59:00,56.0,129,1
15376,3,2011-10-30 15:04:00,10.530689655172413,40,0
15379,7,2011-06-23 13:13:00,19.089123711340207,169,1
15380,5,2011-12-01 12:13:00,46.95166666666667,9,0
15381,2,2011-05-10 11:55:00,74.60625,214,1
15382,6,2011-11-25 10:58:00,19.7208940397351,15,0
15384,2,2011-06-23 10:57:00,15.668536585365853,170,1
15385,1,2011-10-30 15:11:00,26.406666666666666,40,0
15386,1,2011-06-06 13:47:00,12.714193548387096,186,1
15388,1,2011-03-14 13:53:00,14.053999999999998,270,1
15389,1,2011-06-20 16:18:00,500.0,172,1
15392,4,2011-12-05 11:01:00,18.280119047619046,5,0
15393,2,2011-11-23 16:48:00,19.32166666666667,16,0
15394,4,2011-11-30 11:49:00,25.68870588235294,10,0
15395,1,2011-01-18 12:40:00,15.35,326,1
15396,1,2011-08-19 10:56:00,20.584285714285716,113,1
15397,1,2011-02-23 09:25:00,15.666666666666666,290,1
15398,2,2011-11-23 16:47:00,18.43191780821918,16,0
15399,3,2011-12-08 13:04:00,16.3154,1,0
15400,5,2011-09-08 13:57:00,59.68333333333334,92,1
15402,2,2011-07-14 12:17:00,14.923095238095238,149,1
15405,1,2011-06-03 14:44:00,43.6375,189,1
15406,2,2011-11-08 13:22:00,9.636037735849058,31,0
15407,4,2011-11-06 11:55:00,7.072567567567567,34,0
15408,1,2011-03-20 15:02:00,7.858235294117647,264,1
15410,8,2011-09-16 14:47:00,28.285573770491805,84,0
15411,4,2011-11-13 15:19:00,13.764591836734695,26,0
15412,1,2011-06-21 15:24:00,19.053,171,1
15414,3,2011-11-30 09:50:00,19.86923076923077,10,0
15415,1,2011-01-30 14:13:00,11.906595744680851,313,1
15416,4,2011-10-06 09:38:00,20.75166666666667,65,0
15417,1,2011-09-15 15:26:00,18.17142857142857,85,0
15419,1,2011-11-15 09:23:00,16.9825,25,0
15421,4,2011-10-12 09:20:00,17.93132075471698,59,0
15422,2,2011-01-20 16:17:00,16.283333333333335,323,1
15423,1,2011-11-01 14:01:00,21.75,38,0
15424,2,2011-03-30 13:02:00,22.54941176470588,254,1
15426,5,2011-11-20 15:36:00,5.105709090909091,19,0
15427,3,2011-11-06 14:29:00,4.899109589041096,33,0
15428,1,2011-11-24 16:54:00,15.63,15,0
15429,2,2011-11-13 12:28:00,4.845731707317073,27,0
15432,1,2011-11-16 16:30:00,17.119000000000003,23,0
15433,2,2011-05-10 10:45:00,13.00731707317073,214,1
15434,5,2011-12-01 13:33:00,18.936,8,0
15435,1,2011-11-17 16:39:00,5.147931034482759,22,0
15436,3,2011-11-27 16:05:00,3.6692439862542954,12,0
15437,1,2011-03-22 13:11:00,4.4479999999999995,262,1
15438,1,2011-07-31 14:19:00,6.263199999999999,131,1
15440,3,2011-10-16 12:16:00,6.188387096774194,55,0
15442,1,2011-04-05 12:24:00,297.0,249,1
15443,7,2011-12-08 10:40:00,8.638682795698925,2,0
15444,2,2011-11-30 17:37:00,6.594439252336449,9,0
15445,1,2011-03-20 15:06:00,22.7,264,1
15447,1,2011-01-13 11:26:00,17.241111111111113,331,1
15448,1,2011-01-31 10:42:00,17.665714285714284,313,1
15449,3,2011-11-13 15:02:00,16.242,26,0
15450,1,2011-11-09 17:11:00,14.328,30,0
15452,3,2011-11-10 12:13:00,9.437142857142858,30,0
15453,7,2011-12-08 10:59:00,4.91673835125448,2,0
15454,1,2010-12-12 14:21:00,7.164,362,1
15456,3,2011-03-01 13:51:00,7.492931034482758,283,1
15457,1,2011-03-22 15:31:00,4.087413793103448,262,1
15458,1,2011-11-14 13:08:00,23.09142857142857,25,0
15460,1,2010-12-20 16:08:00,3.8260714285714283,354,1
15462,3,2011-09-06 13:11:00,21.327272727272728,94,1
15463,1,2011-11-10 12:57:00,18.02,29,0
15464,1,2011-01-05 15:56:00,6.739677419354839,338,1
15465,18,2011-11-20 10:11:00,75.82082474226804,20,0
15466,1,2011-09-15 14:08:00,5.868947368421052,85,0
15467,3,2011-11-30 14:17:00,10.093846153846155,9,0
15468,2,2011-10-19 13:49:00,19.479583333333334,51,0
15469,2,2011-10-20 16:21:00,22.43958333333333,50,0
15471,1,2011-12-07 14:12:00,6.225753424657534,2,0
15472,1,2011-08-18 15:17:00,4.888947368421053,113,1
15473,7,2011-11-25 15:15:00,161.01818181818183,14,0
15475,1,2011-09-23 15:20:00,15.65896551724138,77,0
15478,2,2011-10-30 14:19:00,31.816363636363636,40,0
15480,1,2011-08-15 14:32:00,20.122222222222224,116,1
15482,12,2011-11-24 10:46:00,112.16247422680412,16,0
15483,4,2011-07-01 13:07:00,2.6816666666666666,161,1
15484,4,2011-12-08 15:03:00,19.200053475935828,1,0
15485,3,2011-11-09 14:31:00,30.17058823529412,30,0
15488,1,2011-09-08 10:11:00,45.660000000000004,93,1
15489,3,2011-11-17 08:53:00,22.6856,23,0
15491,6,2011-09-05 15:56:00,20.130454545454548,95,1
15492,2,2011-11-11 14:53:00,18.841714285714286,28,0
15493,5,2011-11-07 12:04:00,6.7592041522491355,33,0
15494,2,2011-11-18 14:51:00,10.49655737704918,21,0
15497,2,2011-11-22 11:51:00,84.14666666666668,18,0
15498,27,2011-12-07 12:48:00,26.00859375,3,0
15500,4,2011-12-01 13:47:00,16.640588235294118,8,0
15502,12,2011-11-24 12:48:00,48.75553990610329,16,0
15503,1,2010-12-12 10:57:00,2.1369696969696967,363,1
15504,1,2011-09-19 13:45:00,4.063846153846153,81,0
15505,5,2011-10-18 07:56:00,37.22639175257732,53,0
15506,3,2011-11-17 12:11:00,6.03776397515528,23,0
15507,1,2011-06-21 11:19:00,10.574666666666667,172,1
15508,6,2011-06-03 15:43:00,10.8725,189,1
15510,1,2011-01-13 12:10:00,250.0,331,1
15511,5,2011-11-28 09:43:00,5.699556962025317,12,0
15512,2,2011-07-07 10:20:00,17.285714285714285,156,1
15513,19,2011-11-06 14:36:00,47.9162987012987,33,0
15514,11,2011-11-27 14:40:00,24.239277108433736,12,0
15516,3,2011-10-26 10:51:00,4.162,45,0
15517,1,2011-04-20 14:02:00,9.889999999999999,233,1
15518,8,2011-10-06 13:05:00,9.150238095238095,64,0
15520,1,2011-12-08 10:58:00,19.083333333333332,2,0
15521,8,2011-10-30 13:42:00,16.217297297297296,40,0
15522,2,2011-11-07 11:26:00,7.106964285714286,33,0
15523,1,2011-09-16 16:29:00,41.20100000000001,84,0
15524,1,2011-11-15 12:09:00,440.0,25,0
15525,3,2011-12-07 14:43:00,4.7075000000000005,2,0
15526,2,2011-11-06 15:04:00,37.11,33,0
15527,8,2011-11-21 12:17:00,14.990925925925927,19,0
15528,1,2011-03-30 16:14:00,8.820384615384615,254,1
15529,11,2011-11-17 11:29:00,5.985800604229607,23,0
15530,4,2011-11-18 12:25:00,13.993551401869158,22,0
15531,2,2011-12-01 18:43:00,9.00634703196347,8,0
15532,4,2011-11-14 14:51:00,6.23398406374502,25,0
15533,3,2011-11-20 15:35:00,9.729759036144578,19,0
15535,4,2011-06-19 16:02:00,6.984722222222222,173,1
15537,1,2011-06-29 13:10:00,4.621666666666667,163,1
15539,1,2011-12-02 13:36:00,13.133170731707319,7,0
15540,1,2011-11-28 13:51:00,14.22,11,0
15541,1,2011-08-17 14:58:00,2.9355172413793107,114,1
15543,1,2011-02-24 15:26:00,4.566428571428571,288,1
15544,9,2011-11-30 16:43:00,13.693861003861004,9,0
15545,2,2011-10-16 13:24:00,3.612125,54,0
15547,14,2011-12-02 12:52:00,7.065611510791367,7,0
15549,3,2011-09-23 16:22:00,14.749649122807018,77,0
15550,4,2011-12-05 15:38:00,9.43655737704918,4,0
15551,1,2011-11-03 12:37:00,15.036551724137931,37,0
15552,1,2011-05-06 14:47:00,5.301176470588236,217,1
15553,1,2011-10-10 14:02:00,7.798727272727273,60,0
15554,1,2011-03-07 09:00:00,15.514285714285714,278,1
15555,16,2011-11-27 16:19:00,5.4057046223224345,12,0
15556,1,2011-11-15 16:08:00,9.024838709677418,24,0
15557,1,2011-11-11 12:46:00,24.679473684210528,29,0
15561,4,2011-11-28 11:07:00,29.65148148148148,12,0
15562,1,2010-12-23 09:55:00,134.55,352,1
15563,4,2011-11-17 14:50:00,12.393274336283186,22,0
15565,2,2011-10-20 14:33:00,21.645000000000003,50,0
15567,1,2011-11-21 10:48:00,26.572857142857142,19,0
15568,3,2011-12-07 11:27:00,14.307358490566036,3,0
15569,5,2011-08-28 10:15:00,44.377741935483876,104,1
15570,12,2011-12-02 14:47:00,13.005705329153605,7,0
15571,4,2011-11-28 10:02:00,11.411052631578949,12,0
15572,7,2011-12-05 10:09:00,11.950094339622641,5,0
15573,2,2011-11-08 11:38:00,6.094742268041236,32,0
15574,4,2011-06-15 12:01:00,4.445,178,1
15576,1,2011-11-02 12:03:00,21.427209302325583,38,0
15577,3,2011-07-11 17:03:00,6.637948717948718,151,1
15578,1,2011-06-30 13:03:00,9.776923076923076,162,1
15579,2,2011-10-02 12:45:00,6.825,69,0
15581,13,2011-08-11 09:38:00,25.176506849315068,121,1
15582,3,2011-11-15 09:55:00,15.52068181818182,25,0
15584,4,2011-11-16 10:55:00,5.908688524590164,24,0
15585,1,2011-06-16 08:38:00,14.687096774193549,177,1
15587,4,2011-10-20 13:37:00,101.52,50,0
15589,3,2011-03-29 09:54:00,16.50103448275862,256,1
15592,1,2011-10-24 08:59:00,16.190833333333334,47,0
15593,1,2011-09-30 11:46:00,39.96,71,0
15594,5,2011-11-24 08:53:00,17.201747572815535,16,0
15596,5,2011-08-31 10:55:00,18.267402597402597,101,1
15597,1,2011-11-04 13:26:00,14.753181818181817,35,0
15598,1,2011-10-17 16:04:00,17.19142857142857,53,0
15599,2,2011-11-13 11:44:00,14.648846153846154,27,0
15601,14,2011-11-28 15:15:00,16.52819512195122,11,0
15602,9,2011-12-01 14:14:00,28.214565217391307,8,0
15603,1,2011-09-22 10:04:00,24.240000000000002,79,0
15604,1,2011-10-18 14:47:00,12.728823529411766,52,0
15605,5,2011-11-03 14:17:00,17.88402985074627,36,0
15606,9,2011-10-09 15:47:00,37.92415584415584,61,0
15607,1,2011-01-07 12:44:00,8.05846153846154,337,1
15608,4,2011-11-11 13:20:00,18.228,28,0
15609,1,2011-06-08 13:00:00,18.655,184,1
15610,1,2011-10-19 10:36:00,18.743333333333336,52,0
15611,13,2011-11-30 12:36:00,37.01046511627907,10,0
15612,2,2011-11-03 14:52:00,32.525,36,0
15615,23,2011-11-29 14:42:00,24.585673758865248,10,0
15618,4,2011-11-07 08:34:00,17.263355555555556,33,0
15619,1,2011-11-29 08:14:00,112.13333333333333,11,0
15620,3,2011-10-14 12:41:00,15.5318,57,0
15621,4,2011-12-05 14:01:00,80.814375,4,0
15622,9,2011-10-27 16:44:00,20.051675675675675,43,0
15623,1,2011-07-21 17:26:00,15.843684210526318,141,1
15624,4,2011-08-15 11:38:00,17.297941176470587,117,1
15625,4,2011-08-28 10:21:00,23.9728125,104,1
15626,2,2011-09-26 10:03:00,13.791836734693877,75,0
15628,9,2011-12-05 10:24:00,18.51767741935484,5,0
15630,2,2011-10-25 15:36:00,19.772499999999997,45,0
15632,8,2011-11-24 09:51:00,19.67251497005988,16,0
15634,1,2011-11-22 16:28:00,16.236666666666668,17,0
15636,2,2011-09-11 11:17:00,28.9904,90,0
15637,1,2011-10-18 08:28:00,14.890666666666668,53,0
15639,1,2011-07-28 14:30:00,17.0128,134,1
15640,15,2011-12-05 14:35:00,26.084264705882354,4,0
15641,4,2011-08-26 14:04:00,15.858823529411765,105,1
15643,3,2011-06-01 07:38:00,20.12121212121212,192,1
15644,4,2011-06-26 14:54:00,3.4635344827586207,166,1
15645,1,2011-11-21 11:55:00,11.769423076923077,19,0
15646,3,2011-07-05 09:53:00,12.789714285714288,158,1
15648,2,2011-05-19 15:53:00,26.645833333333332,204,1
15649,2,2011-01-07 13:34:00,408.0,336,1
15651,3,2011-11-03 08:41:00,20.196875,37,0
15652,1,2011-09-09 14:22:00,16.082857142857144,91,1
15653,2,2011-09-08 10:49:00,146.24,93,1
15654,2,2011-11-30 13:08:00,43.93,9,0
15655,1,2011-04-10 15:25:00,16.49029411764706,243,1
15656,4,2011-10-25 14:56:00,15.925531914893616,45,0
15657,1,2011-11-17 12:19:00,30.0,23,0
15658,5,2011-06-02 15:22:00,21.33541666666667,190,1
15659,1,2011-10-27 09:23:00,27.85909090909091,44,0
15660,9,2011-11-14 16:58:00,17.787333333333333,25,0
15661,2,2011-01-26 13:56:00,61.96,317,1
15663,1,2011-08-25 15:50:00,15.348888888888887,106,1
15664,1,2011-10-20 10:57:00,22.731176470588235,51,0
15665,2,2011-06-24 14:57:00,19.323565217391305,168,1
15667,1,2011-10-31 10:56:00,23.17846153846154,40,0
15668,1,2011-05-06 10:39:00,76.32000000000001,218,1
15669,4,2011-10-30 16:03:00,20.737575757575758,40,0
15670,1,2011-02-16 10:50:00,14.420833333333334,297,1
15671,7,2011-11-21 12:43:00,34.065769230769234,19,0
15673,4,2011-09-12 16:12:00,19.755289855072466,88,0
15674,5,2011-09-27 15:17:00,21.46140350877193,73,0
15675,3,2011-09-19 13:48:00,15.413809523809524,81,0
15676,3,2011-11-21 12:40:00,17.00871287128713,19,0
15677,1,2011-10-21 15:36:00,19.916060606060608,49,0
15678,1,2011-10-18 09:25:00,29.391666666666666,53,0
15679,4,2011-11-15 16:19:00,7.102545454545455,24,0
15680,3,2011-11-30 13:46:00,17.09846153846154,9,0
15681,5,2011-11-14 16:30:00,26.90867924528302,25,0
15683,1,2011-08-14 12:56:00,19.375,117,1
15687,9,2011-12-01 08:33:00,18.030722891566263,9,0
15689,2,2011-08-12 09:37:00,28.233333333333334,120,1
15690,2,2011-12-05 15:59:00,12.618947368421052,4,0
15691,1,2011-04-01 15:13:00,68.4,252,1
15692,1,2011-11-11 14:12:00,15.92,28,0
15694,14,2011-12-09 09:44:00,83.06923076923077,1,0
15695,2,2011-03-18 08:32:00,18.635454545454547,267,1
15696,8,2011-11-06 14:02:00,16.137559523809525,33,0
15699,1,2011-11-22 08:26:00,17.202777777777776,18,0
15700,2,2011-06-20 16:53:00,8.10093023255814,172,1
15701,4,2011-12-07 14:39:00,6.647826086956521,2,0
15703,1,2011-03-20 10:51:00,42.3,265,1
15704,4,2011-07-22 13:35:00,19.603589743589744,140,1
15705,1,2011-05-22 15:37:00,23.849999999999998,201,1
15706,4,2011-10-07 10:09:00,19.28290909090909,64,0
15707,4,2011-11-04 14:35:00,4.473073170731707,35,0
15708,7,2011-10-30 10:54:00,11.8507326007326,41,0
15709,1,2011-03-01 10:38:00,22.208333333333332,284,1
15712,5,2011-11-30 14:09:00,20.233207547169815,9,0
15713,2,2011-07-19 13:34:00,18.773684210526316,143,1
15714,2,2011-11-28 11:26:00,9.706764705882353,12,0
15716,4,2011-07-17 11:59:00,9.411196581196581,146,1
15717,1,2011-04-19 13:21:00,21.47142857142857,234,1
15719,13,2011-11-07 12:29:00,5.402867883995703,33,0
15720,1,2011-11-15 14:48:00,4.677578125,24,0
15721,1,2011-11-28 12:14:00,5.611904761904762,12,0
15722,5,2011-11-04 11:43:00,33.00313432835821,36,0
15723,1,2010-12-10 11:12:00,5.018421052631579,365,1
15724,2,2011-05-22 14:40:00,19.84090909090909,201,1
15725,1,2011-11-24 14:51:00,12.9765625,15,0
15727,7,2011-11-23 12:36:00,17.139734219269105,17,0
15729,1,2011-05-11 12:36:00,17.0,213,1
15730,3,2011-10-05 12:31:00,16.01257142857143,66,0
15732,2,2011-05-11 14:24:00,21.00857142857143,212,1
15733,1,2011-03-02 09:05:00,16.23,283,1
15734,2,2011-08-17 10:50:00,51.517307692307696,115,1
15737,8,2011-11-25 11:21:00,16.734084507042255,15,0
15738,16,2011-11-21 08:26:00,27.817456647398846,19,0
15739,1,2011-10-04 13:42:00,56.14,66,0
15740,1,2011-10-21 14:29:00,17.20888888888889,49,0
15743,4,2011-11-23 17:19:00,9.022790697674418,16,0
15744,1,2011-09-23 09:52:00,11.6,78,0
15745,4,2011-11-20 13:45:00,17.65467741935484,19,0
15746,1,2011-07-28 15:21:00,7.031428571428571,134,1
15747,3,2011-11-27 12:26:00,10.518222222222223,13,0
15748,1,2011-10-30 12:51:00,7.218000000000001,40,0
15749,3,2011-04-18 13:20:00,4453.43,235,1
15750,8,2011-12-07 12:34:00,8.464089347079039,3,0
15752,7,2011-10-31 11:37:00,6.485432098765432,40,0
15753,1,2011-02-08 12:41:00,79.2,305,1
15754,3,2011-10-19 14:40:00,16.3775,51,0
15755,6,2011-11-29 14:57:00,16.7677304964539,10,0
15756,4,2011-10-09 13:30:00,2.764450261780105,61,0
15757,2,2011-10-05 12:14:00,15.876,66,0
15758,1,2011-11-15 10:48:00,22.805555555555557,25,0
15759,3,2011-05-05 15:13:00,36.14857142857143,218,1
15762,2,2011-10-05 16:15:00,15.777027027027026,65,0
15763,2,2011-11-08 09:44:00,17.818360655737706,32,0
15764,6,2011-09-12 17:58:00,18.222055555555556,88,0
15766,1,2011-10-06 17:03:00,28.64181818181818,64,0
15768,3,2011-08-16 10:48:00,23.030740740740743,116,1
15769,26,2011-12-02 13:52:00,432.7132307692308,7,0
15773,1,2011-12-04 12:48:00,63.568000000000005,6,0
15774,1,2011-10-02 12:04:00,10.832,69,0
15775,1,2011-04-08 12:56:00,14.985714285714286,245,1
15776,1,2011-07-29 13:46:00,13.423333333333334,133,1
15777,4,2011-04-12 16:43:00,49.86238095238096,241,1
15780,3,2011-06-09 12:01:00,16.38896551724138,184,1
15781,3,2011-11-14 14:57:00,17.273000000000003,25,0
15782,3,2011-11-30 10:49:00,60.80790697674418,10,0
15783,1,2011-11-29 09:50:00,17.592857142857145,11,0
15785,5,2011-11-07 11:33:00,28.059879518072293,33,0
15786,3,2011-10-24 14:13:00,18.492481203007518,46,0
15787,3,2011-11-13 14:55:00,4.6663,26,0
15789,1,2010-12-16 14:35:00,14.052,358,1
15790,1,2011-11-29 14:53:00,6.4338235294117645,10,0
15791,2,2011-10-27 10:14:00,21.502533333333336,44,0
15793,3,2011-11-25 09:31:00,80.4675,15,0
15795,1,2011-07-13 10:43:00,14.524047619047618,150,1
15796,8,2011-12-08 19:55:00,20.519772727272727,1,0
15797,4,2011-08-18 17:04:00,275.925,113,1
15799,3,2011-09-25 12:46:00,9.021836734693878,76,0
15800,2,2011-08-24 14:23:00,5.956324786324786,107,1
15801,3,2011-10-24 13:52:00,16.62421875,46,0
15802,1,2011-07-20 11:38:00,451.42,143,1
15803,1,2011-10-19 14:56:00,51.977500000000006,51,0
15804,13,2011-12-09 12:31:00,16.05492366412214,1,0
15805,17,2011-11-16 16:32:00,18.355117056856187,23,0
15806,3,2011-10-24 14:35:00,25.309032258064516,46,0
15807,3,2011-10-20 14:10:00,18.83125,50,0
15808,4,2011-02-06 14:33:00,18.72446153846154,306,1
15809,5,2011-11-03 16:40:00,14.736285714285714,36,0
15810,4,2011-09-22 09:38:00,15.640224719101123,79,0
15811,6,2011-11-17 15:31:00,16.681353383458646,22,0
15812,5,2011-08-24 14:19:00,43.930243902439024,107,1
15813,2,2011-05-16 08:13:00,32.59775,208,1
15814,4,2011-11-23 08:17:00,27.018472222222226,17,0
15815,5,2011-10-07 12:42:00,42.86938775510204,64,0
15819,4,2011-10-21 14:50:00,15.491463414634147,49,0
15820,1,2011-01-24 12:00:00,12.175294117647057,320,1
15821,2,2011-10-26 15:48:00,9.209032258064516,44,0
15822,2,2011-12-06 14:50:00,26.832424242424242,3,0
15823,1,2010-12-02 15:08:00,15.0,372,1
15825,1,2011-06-20 13:27:00,26.647000000000002,172,1
15826,3,2011-10-14 16:05:00,24.328088235294118,56,0
15827,14,2011-09-27 15:35:00,15.966,73,0
15829,2,2011-09-01 16:45:00,12.473333333333333,99,1
15830,1,2011-11-02 10:40:00,14.76923076923077,38,0
15831,3,2011-10-12 13:14:00,12.04,58,0
15832,1,2011-03-30 15:29:00,15.49611111111111,254,1
15834,4,2011-09-30 14:41:00,8.271933085501859,70,0
15835,4,2011-10-26 15:47:00,19.0818,44,0
15836,1,2011-10-20 17:13:00,13.737,50,0
15837,1,2011-10-06 09:01:00,16.3325,65,0
15838,19,2011-11-28 14:00:00,201.45556886227547,11,0
15839,3,2011-11-06 13:54:00,16.911129032258064,33,0
15840,2,2011-10-12 09:08:00,13.168888888888889,59,0
15841,4,2011-09-28 12:15:00,26.043829787234042,73,0
15843,1,2011-02-09 10:19:00,14.86875,304,1
15844,1,2011-10-24 15:19:00,11.885454545454543,46,0
15845,8,2011-11-22 09:42:00,26.896884057971015,18,0
15847,2,2011-11-01 14:41:00,17.694090909090907,38,0
15850,2,2011-11-20 14:14:00,2.525591397849462,19,0
15852,2,2011-06-06 11:22:00,7.305000000000001,187,1
15853,1,2011-10-19 10:38:00,3.6933333333333334,52,0
15854,12,2011-12-05 13:39:00,21.51536231884058,4,0
15855,5,2011-07-26 10:20:00,8.903,137,1
15856,27,2011-12-05 17:09:00,25.706433121019106,4,0
15857,1,2011-11-21 12:18:00,21.214285714285715,19,0
15858,5,2011-11-24 12:48:00,7.59345744680851,16,0
15860,8,2011-10-30 11:25:00,6.943597122302158,41,0
15861,8,2011-11-27 15:59:00,5.82762962962963,12,0
15862,4,2011-12-01 13:28:00,5.665850340136054,8,0
15863,2,2011-11-14 12:49:00,3.8244444444444445,26,0
15864,6,2011-11-17 13:32:00,96.816,22,0
15865,3,2011-10-30 12:43:00,22.37825,41,0
15866,1,2011-08-30 14:09:00,4.927674418604651,101,1
15867,15,2011-12-04 13:32:00,8.300958605664487,5,0
15869,2,2011-03-07 17:23:00,9.975999999999999,277,1
15870,1,2011-11-07 10:58:00,4.749189189189189,33,0
15872,2,2011-11-25 11:55:00,2.928240740740741,15,0
15874,7,2011-10-07 12:31:00,36.71566666666667,64,0
15877,2,2011-12-08 11:53:00,3.8915079365079364,2,0
15880,1,2010-12-05 13:00:00,3.427395833333333,369,1
15881,5,2011-01-31 16:59:00,17.289310344827587,312,1
15882,4,2011-05-25 11:35:00,22.450434782608696,199,1
15883,2,2011-12-07 17:05:00,8.091428571428573,2,0
15885,3,2011-09-08 10:43:00,21.075000000000003,93,1
15886,1,2011-10-10 14:25:00,15.090833333333334,60,0
15888,1,2011-09-20 12:30:00,14.025833333333333,81,0
15889,2,2011-07-06 11:10:00,4.942,157,1
15891,1,2011-04-27 12:35:00,8.528,227,1
15894,2,2011-03-31 13:50:00,6.97972972972973,253,1
15895,1,2011-07-13 10:27:00,16.288181818181815,150,1
15897,2,2011-05-29 13:50:00,9.481363636363637,194,1
15898,5,2011-12-08 15:23:00,16.474166666666665,1,0
15899,1,2010-12-06 10:36:00,14.0625,369,1
15900,1,2011-11-16 12:19:00,7.176170212765958,24,0
15901,3,2011-11-23 12:43:00,3.168738738738739,17,0
15903,7,2011-11-30 08:08:00,69.28054054054054,10,0
15904,1,2011-12-01 14:50:00,5.489333333333334,8,0
15906,7,2011-11-20 12:24:00,10.451266666666667,20,0
15907,3,2011-12-06 12:21:00,3.905840707964602,4,0
15909,1,2011-06-19 10:38:00,27.419999999999998,174,1
15910,8,2011-12-09 10:51:00,4.6198496240601505,1,0
15912,2,2011-06-14 14:29:00,13.927368421052632,178,1
15916,8,2011-11-23 13:46:00,9.95271523178808,16,0
15917,1,2011-04-06 10:40:00,10.258333333333333,248,1
15918,2,2011-06-02 11:42:00,8.35575,191,1
15919,2,2011-11-20 11:28:00,4.308934426229508,20,0
15920,4,2011-07-08 15:31:00,2.7916666666666665,154,1
15921,1,2011-06-20 11:03:00,13.459583333333335,173,1
15922,1,2010-12-01 13:51:00,33.59090909090909,373,1
15923,1,2010-12-02 12:16:00,6.051428571428572,373,1
15925,1,2011-05-29 15:35:00,17.2625,194,1
15930,1,2011-10-03 14:52:00,20.315714285714286,67,0
15932,8,2011-12-05 17:13:00,21.703217391304346,4,0
15933,3,2011-11-18 13:14:00,14.965675675675676,21,0
15935,2,2011-04-14 13:27:00,34.73833333333334,239,1
15937,1,2011-10-06 15:48:00,20.764285714285716,64,0
15938,5,2011-08-19 12:56:00,22.47666666666667,112,1
15939,15,2011-09-11 11:30:00,80.46065789473684,90,0
15940,1,2011-02-01 16:18:00,35.8,311,1
15942,1,2011-07-29 09:01:00,24.102857142857143,134,1
15944,1,2011-03-08 10:33:00,54.18333333333334,277,1
15945,1,2010-12-09 13:14:00,90.5,365,1
15947,1,2011-09-18 10:46:00,58.9048275862069,83,0
15948,2,2011-12-01 15:32:00,15.920666666666667,8,0
15949,2,2011-11-23 09:09:00,19.19578947368421,17,0
15950,4,2011-11-08 11:09:00,17.986701030927836,32,0
15951,2,2011-12-01 08:34:00,17.273658536585366,9,0
15952,4,2011-11-06 11:18:00,9.30845238095238,34,0
15953,8,2011-11-24 15:32:00,17.085360824742267,15,0
15955,14,2011-11-15 14:15:00,24.13256830601093,24,0
15957,1,2011-11-08 12:14:00,10.211666666666666,32,0
15958,1,2011-09-26 13:41:00,14.907142857142857,74,0
15963,2,2011-11-20 11:33:00,16.812857142857144,20,0
15965,4,2011-11-22 16:44:00,7.287117117117117,17,0
15967,2,2011-11-16 15:41:00,4.971,23,0
15969,3,2011-12-07 11:06:00,33.305,3,0
15970,1,2011-02-09 12:08:00,28.55454545454545,304,1
15971,12,2011-11-22 12:50:00,119.9957142857143,18,0
15973,1,2010-12-08 11:42:00,76.95500000000001,367,1
15974,7,2011-10-31 13:13:00,19.557670454545455,39,0
15975,1,2011-09-16 13:33:00,15.45875,84,0
15976,2,2011-06-27 13:00:00,4.454583333333333,165,1
15977,2,2011-11-22 13:29:00,16.226615384615386,17,0
15978,1,2011-09-23 15:21:00,22.42408163265306,77,0
15980,3,2011-09-12 09:41:00,55.78744186046512,89,0
15981,8,2011-11-15 08:00:00,35.13896907216495,25,0
15983,4,2011-11-17 17:34:00,13.081428571428571,22,0
15984,10,2011-12-07 12:16:00,10.777635658914729,3,0
15985,2,2011-08-08 16:31:00,30.876216216216218,123,1
15986,1,2011-11-09 15:17:00,12.008571428571429,30,0
15987,7,2011-11-27 15:38:00,11.193515625,12,0
15988,1,2011-11-20 13:23:00,6.03,19,0
15990,2,2011-10-26 15:58:00,15.232884615384616,44,0
15992,1,2011-12-06 11:00:00,13.996666666666664,4,0
15993,7,2011-12-01 10:45:00,5.115414364640884,9,0
15994,1,2011-10-16 12:28:00,12.9459375,55,0
15996,6,2011-09-12 15:14:00,8.130551181102362,88,0
15998,5,2011-11-03 12:45:00,6.111547619047618,37,0
16000,3,2011-12-07 12:17:00,1377.0777777777778,3,0
16003,5,2011-11-10 09:57:00,26.556990291262135,30,0
16005,4,2011-11-27 13:47:00,2.8791542288557217,12,0
16006,1,2011-05-12 13:12:00,12.675,211,1
16007,4,2011-10-23 11:05:00,4.445695538057743,48,0
16008,3,2011-11-16 10:32:00,14.508484848484848,24,0
16009,4,2011-11-17 16:51:00,11.855,22,0
16010,3,2011-04-08 10:14:00,4.9670886075949365,246,1
16011,16,2011-12-01 16:31:00,15.966476190476191,8,0
16012,3,2011-11-04 13:25:00,15.05627659574468,35,0
16013,47,2011-12-06 10:36:00,267.126618705036,4,0
16014,3,2011-11-02 12:04:00,4.687173913043479,38,0
16015,3,2011-12-06 10:58:00,3.892541436464088,4,0
16016,8,2011-12-06 14:35:00,6.542455357142857,3,0
16017,1,2011-10-23 12:56:00,6.62125,47,0
16018,2,2011-10-31 14:13:00,14.603571428571428,39,0
16019,9,2011-10-24 11:51:00,23.663999999999998,47,0
16020,3,2011-11-23 11:18:00,18.500217391304346,17,0
16022,1,2011-03-24 13:16:00,8.48774647887324,260,1
16023,3,2011-10-24 16:34:00,7.126831683168317,46,0
16024,1,2011-11-27 13:26:00,3.9846031746031745,12,0
16025,1,2011-11-10 11:45:00,15.702142857142857,30,0
16026,1,2011-10-27 13:53:00,7.3778125,43,0
16027,6,2011-09-09 10:47:00,58.41375,92,1
16029,63,2011-11-01 10:27:00,335.4806639004149,39,0
16030,1,2011-02-03 11:28:00,11.422068965517242,310,1
16031,2,2011-09-08 13:07:00,5.590816326530612,92,1
16033,20,2011-12-04 12:44:00,7.782641843971631,6,0
16034,3,2011-05-27 16:17:00,19.895454545454548,196,1
16036,2,2011-09-13 14:53:00,13.798545454545456,87,0
16037,3,2011-03-15 09:13:00,21.923589743589744,270,1
16038,3,2011-12-02 12:40:00,18.145384615384614,8,0
16040,3,2011-10-05 13:47:00,20.20846153846154,65,0
16041,3,2011-11-09 12:25:00,527.7333333333333,31,0
16042,5,2011-11-17 17:50:00,16.821,22,0
16043,4,2011-11-02 12:50:00,19.845897435897434,38,0
16045,4,2011-08-12 12:41:00,16.15301204819277,120,1
16048,2,2010-12-01 15:28:00,32.055,373,1
16049,3,2011-10-30 13:19:00,3.5946822742474915,40,0
16050,1,2011-06-19 11:44:00,13.790000000000001,174,1
16052,1,2011-10-16 15:13:00,10.648823529411764,54,0
16053,2,2011-11-07 11:21:00,17.999404761904763,33,0
16054,1,2011-07-17 13:08:00,11.198571428571428,145,1
16055,1,2011-05-03 09:26:00,16.85,221,1
16056,1,2011-10-25 15:19:00,9.859848484848484,45,0
16057,7,2011-11-23 15:23:00,18.703471074380165,16,0
16059,6,2011-10-05 09:56:00,8.163820224719101,66,0
16062,4,2011-11-30 12:15:00,18.0253125,10,0
16063,1,2011-03-24 14:56:00,14.57913043478261,260,1
16065,1,2010-12-09 13:03:00,5.02931506849315,365,1
16066,5,2011-11-23 11:54:00,15.059801980198019,17,0
16070,2,2011-11-17 15:50:00,25.82272727272727,22,0
16071,1,2011-10-26 11:14:00,15.535238095238096,45,0
16072,1,2011-02-24 14:32:00,25.405217391304344,288,1
16073,1,2011-02-15 15:41:00,122.4,297,1
16076,10,2011-12-06 14:59:00,17.323488372093024,3,0
16078,1,2011-03-01 09:47:00,79.2,284,1
16079,3,2011-11-23 12:48:00,64.38095238095238,17,0
16080,2,2011-09-19 10:42:00,21.716,82,0
16081,5,2011-10-14 13:06:00,12.553452914798207,56,0
16083,2,2011-08-31 10:47:00,42.50387096774193,101,1
16084,1,2011-02-13 16:05:00,11.47842105263158,299,1
16085,5,2011-11-16 13:24:00,5.877305389221557,23,0
16086,5,2011-10-11 13:09:00,28.753589743589746,59,0
16091,2,2011-07-08 08:45:00,17.503333333333334,155,1
16092,3,2011-08-17 10:46:00,16.036470588235293,115,1
16093,1,2011-08-25 11:09:00,17.0,107,1
16094,4,2011-11-28 12:45:00,17.114761904761906,12,0
16096,1,2011-03-20 13:38:00,26.718333333333334,264,1
16097,1,2011-04-13 13:47:00,18.505,240,1
16098,7,2011-09-13 09:59:00,29.934776119402986,88,0
16099,3,2011-10-20 13:13:00,18.766666666666666,50,0
16101,1,2011-09-30 10:18:00,16.982894736842105,71,0
16102,3,2011-10-28 13:19:00,32.31824561403509,42,0
16103,6,2011-12-02 14:16:00,29.784166666666668,7,0
16104,1,2011-10-09 10:23:00,10.650357142857143,62,0
16105,1,2011-04-05 10:13:00,25.919999999999998,249,1
16106,1,2011-10-05 10:37:00,18.063333333333333,66,0
16107,7,2011-11-22 09:40:00,103.36000000000001,18,0
16108,1,2011-09-16 11:48:00,17.552083333333332,85,0
16109,2,2011-05-05 09:17:00,33.99333333333333,219,1
16110,3,2011-10-25 14:35:00,3.8624269005847953,45,0
16112,4,2011-07-19 14:28:00,12.23375,143,1
16113,1,2011-06-09 16:16:00,5.379333333333333,183,1
16114,1,2011-06-22 10:13:00,16.968750000000004,171,1
16115,8,2011-11-30 11:32:00,5.952974910394265,10,0
16116,1,2011-05-12 12:01:00,18.02294117647059,212,1
16117,1,2011-06-03 11:42:00,7.740333333333334,190,1
16119,2,2011-12-01 15:11:00,26.46,8,0
16120,4,2011-10-11 14:22:00,43.638000000000005,59,0
16121,2,2011-10-13 12:59:00,4.189509803921569,57,0
16122,4,2011-09-27 15:34:00,18.011052631578945,73,0
16123,1,2011-10-19 09:18:00,19.236250000000002,52,0
16124,1,2011-01-26 14:45:00,22.636363636363637,317,1
16125,1,2010-12-07 15:48:00,22.25769230769231,367,1
16126,4,2011-11-10 16:03:00,53.741623931623934,29,0
16127,1,2011-10-31 13:58:00,16.40625,39,0
16128,5,2011-11-22 11:14:00,21.126067415730336,18,0
16131,6,2011-10-19 11:53:00,44.95564102564102,52,0
16133,33,2011-12-06 11:24:00,43.16284023668639,4,0
16134,2,2011-11-18 10:05:00,17.659714285714287,22,0
16135,1,2011-03-22 12:30:00,24.645238095238092,263,1
16136,3,2011-10-11 09:10:00,19.172432432432434,60,0
16139,3,2011-11-21 08:37:00,20.49709677419355,19,0
16140,2,2011-10-05 12:15:00,20.719428571428573,66,0
16141,1,2011-09-12 13:11:00,20.68,88,0
16142,1,2011-04-04 10:16:00,14.46864864864865,250,1
16143,6,2011-12-06 14:13:00,20.725982905982907,3,0
16144,1,2011-04-07 10:09:00,175.2,247,1
16145,11,2011-12-01 10:33:00,16.96200892857143,9,0
16146,3,2011-07-05 14:20:00,25.314827586206896,157,1
16147,1,2011-07-29 09:57:00,17.045454545454547,134,1
16148,1,2011-02-16 14:01:00,76.32000000000001,296,1
16149,2,2011-12-05 11:29:00,15.584444444444443,5,0
16150,5,2011-10-28 12:39:00,17.547179487179488,43,0
16152,1,2011-03-16 09:47:00,63.070344827586204,269,1
16153,5,2011-10-21 10:50:00,20.496966292134832,50,0
16156,9,2011-12-01 12:42:00,24.1565625,9,0
16157,3,2011-11-24 11:41:00,36.482777777777784,16,0
16159,1,2011-03-03 12:27:00,24.87142857142857,282,1
16160,2,2011-10-05 14:19:00,51.272000000000006,65,0
16161,19,2011-12-08 12:10:00,11.748768577494692,2,0
16162,1,2011-04-01 15:03:00,18.7,252,1
16163,2,2011-04-21 15:15:00,142.76666666666668,232,1
16164,3,2011-11-22 15:04:00,24.19058823529412,17,0
16168,27,2011-11-29 12:45:00,38.648979591836735,11,0
16169,4,2011-12-01 15:28:00,21.44670588235294,8,0
16170,6,2011-10-20 08:21:00,15.0804,51,0
16171,1,2011-10-11 14:51:00,24.399999999999995,59,0
16172,5,2011-09-05 13:22:00,16.524782608695652,95,1
16173,6,2011-11-24 10:53:00,16.884761904761906,16,0
16174,3,2011-08-05 13:26:00,43.893478260869564,126,1
16175,4,2011-09-06 14:32:00,17.88948275862069,94,1
16177,1,2011-10-20 12:57:00,22.13,50,0
16178,1,2011-07-24 16:05:00,24.7375,138,1
16179,1,2011-10-10 09:41:00,19.62090909090909,61,0
16180,8,2011-08-31 16:28:00,63.29740740740741,100,1
16181,1,2011-09-27 13:38:00,27.776363636363637,73,0
16182,4,2011-09-28 13:23:00,236.34464285714284,72,0
16183,1,2011-10-03 14:59:00,22.58066666666667,67,0
16184,6,2011-10-06 17:43:00,25.750888888888888,64,0
16185,2,2011-11-23 09:41:00,17.07774193548387,17,0
16186,12,2011-11-17 12:43:00,18.38045871559633,23,0
16187,15,2011-11-08 09:50:00,23.428610169491527,32,0
16188,4,2011-10-26 12:19:00,14.654626865671641,45,0
16189,2,2011-11-24 11:47:00,19.58909090909091,16,0
16190,1,2011-10-30 15:59:00,35.84666666666667,40,0
16191,13,2011-12-07 11:26:00,38.66059701492538,3,0
16193,1,2011-04-17 11:45:00,16.55,237,1
16198,1,2011-09-25 14:58:00,26.71206666666667,75,0
16200,2,2011-12-05 14:40:00,6.21436046511628,4,0
16201,4,2011-12-06 16:02:00,16.78801801801802,3,0
16202,1,2010-12-14 10:43:00,20.292777777777776,361,1
16203,4,2011-10-12 12:31:00,16.939999999999998,59,0
16204,1,2011-11-16 13:40:00,7.6836,23,0
16205,4,2011-11-09 09:32:00,7.810618556701031,31,0
16206,4,2011-10-16 10:41:00,8.524761904761906,55,0
16207,1,2011-11-14 13:51:00,20.756842105263157,25,0
16208,2,2011-10-26 11:36:00,10.064545454545454,45,0
16209,5,2011-09-12 11:58:00,49.18739130434783,89,0
16210,18,2011-12-08 12:36:00,171.43333333333334,2,0
16211,1,2011-09-12 12:11:00,23.783478260869565,89,0
16212,2,2011-11-20 13:00:00,16.837560975609758,19,0
16213,1,2011-09-22 10:03:00,26.5,79,0
16214,3,2011-06-22 11:30:00,24.15340909090909,171,1
16215,1,2011-09-20 10:18:00,17.310714285714287,81,0
16216,1,2011-03-17 15:34:00,24.72783783783784,267,1
16217,2,2011-04-18 13:31:00,20.283333333333335,235,1
16218,7,2011-11-10 09:59:00,36.72238095238095,30,0
16221,3,2011-11-03 11:43:00,9.061684210526316,37,0
16222,1,2011-01-25 13:38:00,6.340573770491803,318,1
16224,4,2011-10-13 17:51:00,13.492708333333333,57,0
16225,5,2011-10-26 08:30:00,8.181492537313432,45,0
16226,3,2011-05-20 14:41:00,31.89,203,1
16227,1,2011-04-28 13:33:00,52.370000000000005,225,1
16229,2,2011-09-13 17:16:00,21.50212765957447,87,0
16230,2,2011-06-03 10:06:00,15.486571428571429,190,1
16232,4,2011-10-27 12:16:00,26.78054054054054,44,0
16233,3,2011-09-29 17:27:00,24.394545454545458,71,0
16235,5,2011-10-30 10:56:00,18.854565217391304,41,0
16236,1,2011-09-22 14:10:00,21.61,78,0
16239,2,2011-10-14 08:29:00,21.8,57,0
16240,2,2011-11-15 14:30:00,27.546666666666667,24,0
16241,13,2011-11-30 11:08:00,3.9546717557251907,10,0
16242,7,2011-12-01 15:12:00,12.259794520547945,8,0
16243,2,2011-11-06 12:32:00,8.02156862745098,34,0
16244,2,2011-05-12 10:18:00,16.733516483516482,212,1
16245,3,2011-11-16 10:14:00,15.707333333333334,24,0
16247,1,2011-06-22 14:23:00,7.16,170,1
16248,1,2011-10-09 11:32:00,21.84857142857143,62,0
16249,5,2011-10-18 10:07:00,26.08797101449275,53,0
16250,2,2011-03-23 15:07:00,16.226666666666667,261,1
16253,2,2011-10-04 09:09:00,29.95008130081301,67,0
16255,8,2011-11-23 12:40:00,9.70337037037037,17,0
16256,1,2011-03-18 12:18:00,57.87923076923077,267,1
16257,1,2011-06-16 10:11:00,23.475,177,1
16258,5,2011-10-25 13:30:00,38.54451851851852,45,0
16260,1,2011-10-20 09:40:00,57.525000000000006,51,0
16261,4,2011-11-22 17:23:00,6.122184873949579,17,0
16265,9,2011-11-30 16:41:00,21.112403100775193,9,0
16266,7,2011-09-27 12:08:00,14.129344262295081,74,0
16268,2,2011-09-29 18:30:00,14.836666666666666,71,0
16270,1,2010-12-21 14:26:00,21.134074074074075,353,1
16271,5,2011-12-07 12:45:00,10.804923076923078,3,0
16272,1,2011-08-15 10:54:00,16.468,117,1
16274,1,2010-12-01 15:35:00,5.411538461538462,373,1
16275,1,2011-05-27 12:41:00,16.965757575757575,197,1
16276,1,2011-06-16 09:34:00,135.1,177,1
16278,1,2011-08-31 17:12:00,24.625217391304346,100,1
16279,3,2011-11-18 15:00:00,14.177169811320754,21,0
16281,1,2011-09-28 14:57:00,121.29764705882353,72,0
16282,1,2011-01-04 11:42:00,15.3,340,1
16283,5,2011-12-04 12:08:00,9.462710843373493,6,0
16284,2,2011-11-08 16:12:00,7.89009708737864,31,0
16287,1,2011-06-23 09:08:00,17.8125,170,1
16292,1,2011-08-10 12:24:00,17.779411764705884,122,1
16293,10,2011-11-18 09:58:00,19.059237288135595,22,0
16295,4,2011-11-30 08:17:00,16.817088607594936,10,0
16297,1,2011-03-16 08:29:00,15.094999999999999,269,1
16298,3,2011-11-17 11:59:00,22.15555555555556,23,0
16302,1,2011-08-05 09:44:00,21.201818181818183,127,1
16303,3,2011-11-14 10:49:00,33.09030864197531,26,0
16305,1,2011-07-24 12:18:00,16.41909090909091,139,1
16306,6,2011-05-10 12:12:00,15.42121951219512,214,1
16308,4,2011-11-02 11:24:00,640.0,38,0
16309,2,2011-08-25 15:35:00,16.823095238095238,106,1
16311,2,2011-11-22 08:54:00,16.655675675675674,18,0
16313,2,2011-12-06 13:02:00,17.134375000000002,3,0
16315,1,2011-01-13 11:57:00,16.169285714285714,331,1
16316,8,2011-10-06 13:48:00,19.46298013245033,64,0
16317,3,2011-08-12 12:46:00,19.444202898550724,120,1
16318,1,2011-11-04 13:05:00,17.27105263157895,35,0
16319,1,2011-05-06 11:27:00,134.8,218,1
16320,2,2011-06-20 15:25:00,18.543928571428573,172,1
16321,5,2011-09-28 14:55:00,31.137500000000003,72,0
16322,2,2011-12-08 15:41:00,8.83108108108108,1,0
16323,1,2011-05-27 14:48:00,207.50000000000003,196,1
16324,3,2011-08-03 12:58:00,3.6809909909909915,128,1
16325,3,2011-10-24 08:48:00,33.013333333333335,47,0
16326,14,2011-12-04 10:11:00,10.130733333333334,6,0
16327,6,2011-11-25 13:23:00,12.051324921135647,14,0
16330,3,2011-11-22 12:24:00,6.4592307692307696,18,0
16332,7,2011-11-11 14:22:00,10.482119205298012,28,0
16333,22,2011-12-02 12:19:00,591.7066666666667,8,0
16337,1,2011-11-03 10:03:00,15.105,37,0
16338,1,2011-07-05 13:56:00,19.527272727272727,157,1
16339,1,2011-02-28 13:41:00,5.225,284,1
16340,1,2011-08-24 14:53:00,3.789432624113475,107,1
16341,4,2011-11-15 09:12:00,25.608701298701302,25,0
16342,4,2011-09-25 14:36:00,21.494000000000003,75,0
16343,2,2011-11-23 17:45:00,7.641395348837209,16,0
16344,1,2011-07-04 15:50:00,50.550000000000004,158,1
16345,1,2011-10-26 16:03:00,15.282702702702704,44,0
16347,2,2011-11-28 13:14:00,9.97,11,0
16348,7,2011-11-07 15:44:00,6.376801801801802,32,0
16349,1,2011-02-22 12:40:00,5.944444444444445,291,1
16350,4,2011-11-18 15:53:00,19.58719298245614,21,0
16351,1,2011-01-11 10:26:00,19.2375,333,1
16352,2,2011-11-22 10:32:00,17.658571428571427,18,0
16353,23,2011-12-06 12:23:00,71.0181914893617,4,0
16354,2,2011-10-07 14:28:00,10.148717948717948,63,0
16356,3,2011-05-26 11:51:00,6.831290322580646,198,1
16357,3,2011-11-06 16:04:00,19.378823529411765,33,0
16358,4,2011-12-08 15:09:00,18.60091743119266,1,0
16359,9,2011-12-02 17:04:00,26.52909090909091,7,0
16360,6,2011-12-05 12:16:00,5.425172955974842,5,0
16361,4,2011-11-30 12:32:00,8.569326923076924,10,0
16362,5,2011-11-07 13:01:00,9.220649350649351,32,0
16363,1,2011-10-17 14:14:00,21.872000000000003,53,0
16364,2,2011-11-28 11:27:00,13.572884615384615,12,0
16365,9,2011-11-22 11:24:00,30.2043137254902,18,0
16366,1,2011-11-21 08:19:00,18.183333333333334,19,0
16367,2,2011-11-02 13:13:00,6.304488188976378,37,0
16368,2,2011-12-07 13:12:00,6.955217391304348,2,0
16369,3,2011-11-21 16:25:00,13.20863247863248,18,0
16370,4,2011-09-18 15:55:00,5.890995475113122,82,0
16372,2,2011-11-06 13:08:00,3.866630434782609,33,0
16374,2,2011-10-04 15:21:00,4.281926605504587,66,0
16376,2,2011-12-01 11:38:00,7.991475409836066,9,0
16377,1,2011-03-17 15:41:00,135.24,267,1
16378,3,2011-04-06 15:07:00,15.780434782608696,247,1
16379,4,2011-12-05 15:38:00,19.975925925925928,4,0
16380,1,2011-10-09 15:40:00,56.23064516129032,61,0
16383,2,2011-09-26 12:45:00,6.568979591836735,75,0
16384,2,2011-09-11 11:19:00,17.71212121212121,90,0
16385,3,2011-10-10 13:12:00,9.734385964912281,60,0
16386,2,2011-11-11 12:28:00,3.735432098765432,29,0
16387,1,2011-01-21 11:34:00,23.59,323,1
16389,4,2011-10-17 14:41:00,40.64911764705883,53,0
16392,1,2011-03-15 12:11:00,5.0672093023255815,270,1
16393,13,2011-12-07 12:51:00,9.299571865443426,2,0
16394,5,2011-10-14 09:48:00,18.73903614457831,57,0
16395,5,2011-10-10 12:50:00,7.194466019417476,61,0
16398,2,2011-07-08 15:16:00,20.802439024390242,154,1
16399,2,2011-11-20 16:12:00,5.666944444444444,19,0
16400,1,2011-09-06 12:27:00,10.480344827586206,95,1
16401,12,2011-12-08 18:15:00,22.033978494623653,1,0
16402,2,2011-03-20 12:25:00,5.148245614035088,265,1
16403,1,2011-01-31 13:39:00,17.75,312,1
16404,1,2011-09-30 14:55:00,19.26304347826087,70,0
16405,2,2011-02-10 15:24:00,33.45,302,1
16406,1,2011-11-21 11:57:00,2.661206896551724,19,0
16407,10,2011-11-27 11:05:00,12.379047619047618,13,0
16409,5,2011-11-03 16:45:00,8.757489177489177,36,0
16411,2,2011-11-20 13:23:00,4.8113636363636365,19,0
16412,1,2011-10-17 12:35:00,4.533,54,0
16413,1,2011-10-14 12:08:00,8.458064516129031,57,0
16414,2,2011-11-18 09:42:00,18.035714285714285,22,0
16415,1,2011-10-26 13:35:00,4.2610638297872345,44,0
16416,3,2011-11-13 12:50:00,14.808450704225354,27,0
16418,3,2011-10-26 12:39:00,6.643368421052632,45,0
16419,6,2011-08-19 12:33:00,19.1742,113,1
16422,51,2011-11-22 14:00:00,93.99566395663958,17,0
16423,1,2011-11-15 09:21:00,19.22888888888889,25,0
16424,1,2011-06-01 13:40:00,26.712,191,1
16425,1,2011-02-10 14:30:00,14.414285714285715,302,1
16426,10,2011-12-07 14:01:00,5.279773371104816,2,0
16427,2,2011-03-21 17:10:00,26.784444444444446,263,1
16429,1,2011-08-25 13:54:00,142.275,106,1
16430,1,2011-10-13 14:47:00,50.14166666666667,57,0
16431,3,2011-05-10 14:09:00,8.201052631578946,213,1
16432,1,2011-10-06 13:59:00,35.925000000000004,64,0
16433,1,2011-11-11 14:09:00,10.838823529411764,28,0
16434,7,2011-11-10 14:28:00,14.128971962616822,29,0
16438,5,2011-12-04 10:51:00,6.04810606060606,6,0
16440,5,2011-12-02 12:02:00,12.91017730496454,8,0
16441,2,2011-10-03 17:48:00,15.883333333333333,67,0
16442,3,2011-12-08 11:43:00,3.563157894736842,2,0
16444,4,2011-10-24 13:50:00,7.793690476190475,46,0
16445,1,2011-11-06 12:32:00,3.658888888888889,34,0
16446,2,2011-12-09 09:15:00,56157.5,1,0
16447,1,2011-07-27 12:45:00,7.526764705882353,136,1
16448,1,2011-05-25 16:28:00,9.631052631578948,198,1
16449,2,2011-05-26 10:25:00,17.69225,198,1
16450,1,2011-07-13 11:47:00,28.35636363636364,150,1
16451,1,2011-09-13 09:17:00,19.069285714285716,88,0
16454,2,2011-10-26 11:40:00,3.45,45,0
16455,7,2011-10-07 12:17:00,18.59777777777778,64,0
16456,5,2011-09-01 13:50:00,19.61981818181818,99,1
16457,1,2011-05-05 13:19:00,23.151111111111113,218,1
16458,18,2011-12-07 09:34:00,17.241287128712873,3,0
16460,3,2011-11-11 13:46:00,6.145681818181818,28,0
16461,1,2011-06-15 12:07:00,4.46625,178,1
16462,3,2011-09-27 10:24:00,45.333333333333336,74,0
16463,4,2011-11-18 14:01:00,17.346341463414635,21,0
16464,3,2011-11-20 12:11:00,5.646347826086957,20,0
16466,7,2011-11-06 11:35:00,10.931232876712329,34,0
16468,1,2011-09-26 14:13:00,37.45,74,0
16469,4,2011-11-16 12:25:00,3.6574269005847952,24,0
16470,4,2011-10-19 12:11:00,4.590060975609756,52,0
16471,1,2011-03-10 09:41:00,17.22692307692308,275,1
16473,3,2011-06-28 09:10:00,17.561666666666667,165,1
16474,7,2011-12-02 13:02:00,5.372848664688427,7,0
16475,4,2011-09-12 14:37:00,19.439285714285713,88,0
16477,7,2011-10-07 09:44:00,17.085342465753424,64,0
16478,3,2011-11-14 15:51:00,19.470588235294116,25,0
16479,2,2011-11-29 13:40:00,8.595142857142857,10,0
16480,1,2011-09-25 11:40:00,14.514905660377357,76,0
16482,1,2011-11-24 12:33:00,12.256666666666668,16,0
16483,1,2011-05-31 13:08:00,7.334210526315789,192,1
16484,2,2011-06-19 12:06:00,16.172,174,1
16485,1,2011-09-23 15:50:00,8.658333333333333,77,0
16488,3,2011-11-06 13:42:00,17.2,33,0
16491,1,2011-10-24 10:18:00,18.756410256410255,47,0
16493,4,2011-09-21 11:10:00,24.13625,80,0
16494,1,2011-02-16 12:49:00,16.5306,297,1
16495,3,2011-12-06 13:20:00,7.366590909090909,3,0
16496,3,2011-12-01 10:31:00,16.837052631578945,9,0
16497,6,2011-10-21 10:55:00,21.80654411764706,50,0
16498,2,2011-07-01 15:07:00,6.731333333333334,161,1
16499,2,2010-12-14 13:31:00,19.23421052631579,360,1
16500,6,2011-12-05 12:04:00,36.441818181818185,5,0
16503,4,2011-08-25 11:46:00,17.046785714285715,107,1
16504,1,2011-11-14 15:18:00,5.613012048192771,25,0
16505,1,2011-11-08 12:14:00,194.4,32,0
16506,2,2011-11-20 12:17:00,30.100000000000005,20,0
16509,1,2011-02-16 09:25:00,27.97692307692308,297,1
16510,1,2010-12-02 13:39:00,19.084615384615383,372,1
16511,3,2011-11-18 10:41:00,5.7756603773584905,22,0
16513,4,2011-12-05 10:18:00,24.988285714285716,5,0
16515,5,2011-10-18 13:10:00,14.631891891891893,52,0
16516,1,2011-11-09 14:59:00,16.95,30,0
16517,1,2011-03-07 13:50:00,9.57058823529412,277,1
16518,2,2011-10-09 15:04:00,12.108,61,0
16519,2,2011-11-14 15:41:00,16.544615384615383,25,0
16520,3,2011-06-06 13:24:00,6.708782051282051,186,1
16523,21,2011-12-08 09:06:00,32.477482758620695,2,0
16525,26,2011-12-07 15:07:00,71.18825136612023,2,0
16526,1,2011-06-21 12:02:00,19.357333333333333,172,1
16527,1,2011-09-19 16:21:00,16.29,81,0
16528,1,2011-12-06 12:45:00,14.377058823529412,4,0
16529,1,2011-06-02 17:23:00,15.175,190,1
16531,7,2011-11-17 16:29:00,16.163506493506492,22,0
16532,3,2011-11-22 11:08:00,1687.2,18,0
16533,3,2011-11-20 13:08:00,6.1523295454545455,19,0
16535,1,2011-12-04 15:18:00,19.153225806451612,5,0
16536,1,2011-08-21 15:54:00,10.15037037037037,110,1
16539,4,2011-12-07 08:41:00,30.862444444444442,3,0
16542,1,2011-10-17 10:47:00,23.924,54,0
16545,1,2011-06-28 10:37:00,113.10000000000001,165,1
16546,2,2011-02-22 11:20:00,31.486,291,1
16549,10,2011-11-29 15:06:00,4.362054054054054,10,0
16550,5,2011-08-23 11:12:00,9.159243027888445,109,1
16551,3,2011-09-05 09:38:00,28.81625,96,1
16552,2,2011-04-11 10:04:00,22.337058823529414,243,1
16553,12,2011-06-29 15:42:00,68.09309523809523,163,1
16554,3,2011-10-28 14:51:00,16.098076923076924,42,0
16555,2,2011-11-04 14:31:00,16.81705882352941,35,0
16556,7,2011-10-04 11:36:00,16.008647342995168,67,0
16557,2,2011-11-15 14:04:00,25.622727272727275,24,0
16558,20,2011-12-09 10:20:00,18.127152173913043,1,0
16560,2,2011-11-13 10:35:00,15.02517857142857,27,0
16561,2,2011-12-04 11:50:00,16.48774193548387,6,0
16563,1,2011-10-17 11:51:00,56.72315789473684,54,0
16565,1,2010-12-10 15:21:00,57.9,364,1
16566,5,2011-11-24 16:34:00,34.147777777777776,15,0
16567,2,2011-05-29 13:57:00,24.731428571428573,194,1
16569,1,2011-12-06 15:32:00,24.84,3,0
16570,10,2011-11-24 17:02:00,29.66984126984127,15,0
16571,3,2011-11-13 11:46:00,16.34126436781609,27,0
16572,3,2011-08-04 16:34:00,17.712280701754388,127,1
16573,2,2011-09-16 09:13:00,15.800238095238095,85,0
16574,1,2011-09-29 13:39:00,16.122857142857143,71,0
16581,1,2011-06-10 10:05:00,11.76,183,1
16582,1,2011-08-18 17:02:00,52.27,113,1
16583,1,2010-12-01 12:03:00,16.675,374,1
16584,2,2011-09-20 13:45:00,33.431428571428576,80,0
16586,1,2011-04-05 09:32:00,57.99375,249,1
16587,1,2011-04-21 15:51:00,17.31923076923077,232,1
16589,3,2011-09-29 14:50:00,13.916363636363636,71,0
16591,1,2011-10-02 10:43:00,21.35,69,0
16592,16,2011-12-05 13:49:00,19.044814814814817,4,0
16593,3,2011-10-20 12:41:00,12.223333333333333,51,0
16594,1,2011-09-25 14:08:00,3.416792452830189,75,0
16595,1,2011-10-09 13:15:00,4.237176470588236,61,0
16596,2,2011-11-24 10:02:00,20.845833333333335,16,0
16597,1,2011-12-05 15:44:00,12.862857142857143,4,0
16598,1,2011-02-27 11:42:00,14.505,286,1
16600,6,2011-12-05 16:00:00,13.121290322580645,4,0
16601,1,2011-10-30 11:09:00,8.09,41,0
16602,1,2011-11-03 15:54:00,18.209655172413793,36,0
16603,2,2011-09-26 10:06:00,14.19029411764706,75,0
16607,14,2011-11-22 10:24:00,19.46343023255814,18,0
16609,7,2011-11-24 13:32:00,19.903840579710145,15,0
16610,1,2011-05-04 13:13:00,12.61,219,1
16611,1,2011-06-06 15:46:00,12.949000000000002,186,1
16612,4,2011-11-07 07:38:00,17.994848484848486,33,0
16613,1,2011-09-30 15:52:00,20.619666666666667,70,0
16614,1,2011-06-10 11:36:00,19.468846153846155,183,1
16616,2,2011-11-24 16:31:00,15.164242424242424,15,0
16617,1,2011-04-18 10:35:00,30.369999999999997,236,1
16618,5,2011-11-08 13:52:00,27.579062500000003,31,0
16619,1,2011-03-21 08:18:00,16.157857142857143,264,1
16620,2,2011-12-06 12:19:00,19.884444444444444,4,0
16621,4,2011-10-19 11:38:00,28.05103448275862,52,0
16623,1,2011-04-08 10:09:00,25.890000000000004,246,1
16624,2,2011-09-20 12:39:00,16.886875,81,0
16625,1,2011-03-10 12:50:00,14.481739130434782,275,1
16626,17,2011-12-09 11:56:00,24.65418994413408,1,0
16627,1,2011-09-21 14:38:00,16.14,79,0
16628,5,2011-11-10 12:45:00,18.701282051282053,30,0
16629,2,2011-09-27 10:34:00,6.8105,74,0
16633,6,2011-11-22 13:41:00,18.967763157894737,17,0
16634,2,2011-05-01 12:09:00,24.211111111111112,223,1
16637,4,2011-11-07 13:17:00,16.73144927536232,32,0
16638,10,2011-11-17 11:09:00,17.88,23,0
16639,3,2011-11-08 13:20:00,25.150199999999998,31,0
16641,1,2011-08-26 12:49:00,19.258333333333333,106,1
16642,2,2011-12-05 11:31:00,20.245,5,0
16643,1,2011-04-08 08:24:00,18.055925925925926,246,1
16644,2,2011-06-15 12:39:00,13.448064516129032,178,1
16647,2,2011-06-23 11:47:00,15.290000000000001,170,1
16648,1,2011-10-28 08:58:00,15.297894736842107,43,0
16650,1,2011-09-29 09:51:00,21.60083333333333,72,0
16652,7,2011-10-12 09:38:00,57.406525423728816,59,0
16653,2,2011-11-23 14:51:00,17.574782608695653,16,0
16654,4,2011-07-21 15:23:00,20.733448275862067,141,1
16655,6,2011-11-22 11:25:00,14.688062015503876,18,0
16656,15,2011-11-17 14:43:00,118.16164383561643,22,0
16657,4,2011-11-30 11:48:00,4.554322916666666,10,0
16658,1,2010-12-06 13:47:00,15.405,368,1
16659,1,2011-06-03 15:03:00,19.56,189,1
16660,4,2011-11-23 14:53:00,79.228125,16,0
16665,1,2010-12-12 14:03:00,15.044444444444444,362,1
16666,1,2011-11-20 14:01:00,3.718125,19,0
16667,2,2011-10-02 15:26:00,10.907307692307693,68,0
16668,6,2011-11-24 17:43:00,15.336000000000002,15,0
16669,3,2011-11-16 12:26:00,8.646666666666667,24,0
16670,11,2011-11-23 09:34:00,16.25357142857143,17,0
16671,3,2011-11-11 13:40:00,282.045,28,0
16672,20,2011-12-07 16:29:00,71.35912280701754,2,0
16674,2,2011-10-16 11:31:00,3.2713978494623657,55,0
16676,4,2011-11-06 12:01:00,17.888988764044942,34,0
16678,12,2011-12-07 12:17:00,19.07969325153374,3,0
16679,1,2010-12-08 13:51:00,43.25,366,1
16680,1,2011-10-27 17:35:00,18.369999999999997,43,0
16681,6,2011-09-28 11:11:00,40.23500000000001,73,0
16682,5,2011-12-05 12:13:00,34.266666666666666,5,0
16684,28,2011-12-05 14:06:00,240.6265703971119,4,0
16685,2,2011-10-09 13:58:00,5.2296774193548385,61,0
16686,7,2011-10-23 13:49:00,5.440955882352942,47,0
16688,4,2011-12-08 15:24:00,20.33645161290323,1,0
16689,2,2011-09-25 11:39:00,32.50769230769231,76,0
16690,2,2011-09-28 15:02:00,18.798333333333336,72,0
16692,2,2011-03-28 14:46:00,425.3333333333333,256,1
16693,2,2011-10-02 11:10:00,8.099322033898305,69,0
16696,4,2011-07-27 14:23:00,65.78999999999999,135,1
16697,1,2011-04-12 17:12:00,5.369047619047619,241,1
16698,2,2011-04-27 10:52:00,399.6,227,1
16700,13,2011-12-01 11:00:00,16.482305194805196,9,0
16701,13,2011-12-01 11:10:00,37.488194444444446,9,0
16705,20,2011-12-09 12:08:00,51.98144444444444,1,0
16706,3,2011-11-02 13:50:00,4.319918699186992,37,0
16708,1,2011-10-25 12:20:00,24.31962962962963,46,0
16709,5,2011-09-16 10:56:00,38.35278481012658,85,0
16710,10,2011-11-20 14:50:00,6.263934010152285,19,0
16711,5,2011-12-06 16:32:00,75.04681818181818,3,0
16712,11,2011-11-30 13:48:00,8.245,9,0
16713,15,2011-11-21 12:36:00,11.164426494345719,19,0
16714,3,2011-05-05 11:09:00,12.977701149425286,219,1
16715,1,2011-09-22 18:15:00,15.879999999999999,78,0
16716,2,2011-03-18 10:03:00,450.6,267,1
16717,6,2011-11-16 12:16:00,19.40949494949495,24,0
16718,1,2010-12-05 13:03:00,13.773863636363638,369,1
16719,7,2011-11-25 09:27:00,9.031734693877551,15,0
16720,1,2011-11-13 16:22:00,6.117999999999999,26,0
16721,1,2011-03-22 16:08:00,7.904594594594595,262,1
16722,13,2011-11-22 13:28:00,21.025822222222224,17,0
16723,2,2011-09-09 13:01:00,13.723809523809523,91,1
16725,7,2011-02-10 16:52:00,5.229448275862069,302,1
16726,5,2011-11-13 14:53:00,7.633370786516854,26,0
16727,1,2010-12-10 13:48:00,5.825454545454545,364,1
16728,4,2011-10-24 14:36:00,3.9858555133079845,46,0
16729,21,2011-11-01 14:29:00,10.983734756097562,38,0
16730,3,2011-10-18 14:11:00,9.062317073170732,52,0
16732,1,2011-11-08 09:54:00,21.5625,32,0
16734,3,2011-10-18 13:44:00,12.437692307692307,52,0
16735,5,2011-09-22 11:49:00,19.374224137931034,79,0
16737,1,2011-10-17 13:03:00,417.6,53,0
16738,1,2011-02-15 09:46:00,3.75,298,1
16739,1,2011-06-16 09:17:00,24.846153846153847,177,1
16742,1,2011-10-24 12:02:00,464.9,47,0
16743,7,2011-11-10 13:13:00,11.648052631578947,29,0
16744,7,2011-11-28 13:06:00,5.4741949152542375,11,0
16745,17,2011-09-14 11:58:00,20.227323943661972,87,0
16746,18,2011-12-05 12:33:00,15.045292792792791,5,0
16747,2,2011-11-02 11:37:00,19.906190476190478,38,0
16748,5,2011-11-22 10:17:00,21.969565217391306,18,0
16750,5,2011-10-26 12:48:00,6.567684210526315,45,0
16751,1,2011-11-09 10:48:00,70.5888,31,0
16752,1,2010-12-02 12:18:00,23.055555555555557,373,1
16753,1,2011-10-12 13:14:00,6.5858823529411765,58,0
16754,1,2010-12-02 17:38:00,1001.2,372,1
16755,3,2011-08-17 13:21:00,8.942,114,1
16756,1,2011-05-09 09:33:00,18.415384615384617,215,1
16757,1,2011-01-25 11:59:00,15.261428571428572,319,1
16758,1,2011-10-05 14:47:00,16.78818181818182,65,0
16759,3,2011-12-02 12:42:00,18.804523809523808,8,0
16761,1,2011-09-04 11:15:00,24.355384615384615,97,1
16762,3,2011-11-20 11:43:00,19.162539682539684,20,0
16763,1,2011-05-25 11:52:00,26.602173913043476,199,1
16764,13,2011-12-06 11:41:00,3.987071428571429,4,0
16765,1,2011-02-18 15:41:00,34.0,294,1
16766,2,2011-03-11 15:22:00,33.69411764705882,273,1
16767,11,2011-11-09 09:42:00,25.22877828054299,31,0
16768,3,2011-10-23 10:38:00,8.85351851851852,48,0
16769,1,2011-03-24 13:41:00,9.51421052631579,260,1
16770,5,2011-10-13 12:21:00,5.407857142857143,58,0
16771,5,2011-11-06 13:28:00,8.829173228346457,33,0
16773,1,2011-10-13 14:37:00,6.599615384615385,57,0
16774,4,2011-10-03 12:41:00,13.781666666666666,68,0
16775,11,2011-11-29 15:22:00,10.773949044585986,10,0
16776,1,2011-10-10 13:04:00,5.232957746478873,60,0
16777,2,2011-09-20 13:41:00,4.6379166666666665,80,0
16778,2,2011-09-26 13:48:00,15.37125,74,0
16779,22,2011-12-07 14:54:00,32.05957703927492,2,0
16780,2,2011-08-31 16:09:00,7.156610169491525,100,1
16781,1,2010-12-02 14:26:00,18.308823529411764,372,1
16782,13,2011-11-29 13:20:00,12.393169398907105,10,0
16784,1,2011-11-20 12:20:00,35.86666666666667,20,0
16788,2,2011-08-08 14:53:00,4.016148648648649,123,1
16789,1,2011-12-01 15:12:00,16.160000000000004,8,0
16790,6,2011-12-06 11:53:00,16.61956989247312,4,0
16791,7,2011-11-10 19:12:00,5.432420382165605,29,0
16792,2,2011-03-02 14:41:00,9.198333333333332,282,1
16793,1,2011-10-13 15:08:00,15.24,57,0
16794,10,2011-12-08 17:54:00,4.303956834532374,1,0
16795,1,2010-12-09 14:08:00,6.286060606060606,365,1
16796,1,2011-09-11 14:01:00,16.97888888888889,89,0
16800,1,2011-11-28 14:06:00,7.452884615384616,11,0
16801,4,2011-06-29 15:33:00,21.2564,163,1
16803,1,2011-10-05 14:28:00,13.845833333333333,65,0
16804,3,2011-11-16 16:43:00,8.949833333333334,23,0
16805,2,2011-06-19 11:23:00,4.699897959183674,174,1
16806,4,2011-08-28 15:27:00,8.195268817204301,103,1
16807,3,2011-07-20 12:00:00,16.740149253731342,143,1
16808,2,2011-09-01 19:34:00,12.540000000000001,99,1
16809,5,2011-11-16 15:45:00,6.138859060402685,23,0
16810,1,2011-05-31 15:32:00,20.636000000000003,192,1
16811,2,2011-12-05 11:39:00,19.538214285714286,5,0
16812,1,2010-12-14 12:35:00,31.956666666666667,361,1
16813,10,2011-12-01 14:03:00,3.878356807511737,8,0
16814,21,2011-11-25 13:27:00,20.115047021943575,14,0
16816,4,2011-08-28 14:16:00,14.895,103,1
16817,9,2011-12-07 11:03:00,18.65988372093023,3,0
16818,11,2011-11-29 10:41:00,17.81686170212766,11,0
16820,1,2011-09-05 12:06:00,19.138846153846153,96,1
16823,1,2011-04-26 15:00:00,9.431052631578947,227,1
16824,2,2011-11-24 12:38:00,17.716923076923077,16,0
16825,2,2011-11-01 11:51:00,27.685,39,0
16826,1,2011-10-19 14:05:00,15.531818181818181,51,0
16828,2,2011-09-07 15:10:00,16.0625,93,1
16829,1,2011-07-06 10:48:00,17.92909090909091,157,1
16830,1,2011-11-01 11:35:00,14.170000000000002,39,0
16832,3,2011-06-08 15:36:00,16.595833333333335,184,1
16833,4,2011-12-08 14:39:00,23.5431914893617,1,0
16834,1,2011-04-26 09:37:00,17.2275,228,1
16835,2,2011-08-03 13:50:00,18.085,128,1
16836,2,2011-10-31 10:05:00,22.89727272727273,40,0
16837,11,2011-11-08 14:27:00,19.218060606060607,31,0
16838,2,2011-05-26 13:13:00,23.554000000000002,197,1
16839,34,2011-12-01 09:03:00,62.38477443609022,9,0
16841,6,2011-11-03 11:51:00,16.119137931034484,37,0
16842,3,2011-08-31 10:42:00,20.066507936507936,101,1
16843,16,2011-10-28 09:06:00,26.97505291005291,43,0
16846,1,2011-10-20 13:55:00,19.483636363636364,50,0
16847,1,2011-10-27 13:29:00,16.12,43,0
16848,1,2011-10-18 08:42:00,20.101428571428574,53,0
16849,1,2011-06-06 09:16:00,15.57125,187,1
16850,1,2011-01-10 11:09:00,17.495263157894737,334,1
16851,3,2011-12-05 13:32:00,17.1225,4,0
16852,2,2011-11-29 13:22:00,16.10111111111111,10,0
16855,2,2011-11-16 12:03:00,17.284210526315793,24,0
16856,1,2011-11-25 08:59:00,17.700000000000003,15,0
16858,1,2010-12-06 09:52:00,37.569,369,1
16859,2,2011-07-18 12:19:00,14.380961538461538,145,1
16861,2,2011-10-11 09:05:00,28.959999999999997,60,0
16863,2,2011-11-08 15:26:00,19.338461538461537,31,0
16866,3,2011-07-22 10:06:00,18.885454545454547,141,1
16869,4,2011-11-17 12:02:00,6.434015748031496,23,0
16871,6,2011-11-17 19:27:00,20.528029197080293,22,0
16872,3,2011-09-23 16:05:00,97.14571428571428,77,0
16873,6,2011-12-05 12:05:00,25.53268817204301,5,0
16875,5,2011-10-03 13:39:00,18.710089285714286,67,0
16877,6,2011-11-27 13:47:00,5.427051282051282,12,0
16878,1,2011-09-16 17:39:00,4.433333333333334,84,0
16880,7,2011-11-09 11:33:00,8.571436781609195,31,0
16881,1,2011-10-04 10:33:00,432.0,67,0
16882,3,2011-10-04 10:42:00,18.080000000000002,67,0
16883,2,2011-06-05 12:51:00,7.364324324324325,187,1
16884,2,2011-11-02 11:52:00,16.53230769230769,38,0
16885,3,2011-11-24 13:40:00,4.691770833333334,15,0
16887,1,2011-11-04 14:07:00,5.342499999999999,35,0
16889,3,2011-05-29 11:05:00,11.693851851851852,195,1
16891,5,2011-12-08 11:15:00,3.991559139784946,2,0
16892,5,2011-12-08 13:18:00,5.3421649484536085,1,0
16893,1,2010-12-08 12:06:00,3.242888888888889,367,1
16895,1,2011-10-06 12:15:00,3.26241935483871,65,0
16897,2,2011-02-13 15:02:00,7.831891891891891,299,1
16898,3,2011-11-13 15:44:00,3.1912738853503186,26,0
16899,6,2011-12-02 12:03:00,10.333821138211382,8,0
16900,3,2011-11-23 10:32:00,11.229240506329115,17,0
16902,1,2011-08-15 14:17:00,38.79272727272728,116,1
16903,1,2011-11-10 15:32:00,6.485714285714286,29,0
16904,16,2011-12-05 13:10:00,5.4943609022556394,4,0
16905,7,2011-12-04 14:01:00,15.2643216080402,5,0
16906,4,2011-09-19 11:49:00,6.506860465116279,82,0
16907,5,2011-11-10 18:04:00,6.634,29,0
16909,1,2011-09-28 16:45:00,21.063333333333333,72,0
16910,8,2011-12-05 12:51:00,2.7687339449541284,4,0
16912,11,2011-11-11 12:18:00,25.555799999999998,29,0
16913,1,2011-02-22 12:56:00,14.18,290,1
16914,1,2011-11-03 15:27:00,6.125333333333333,36,0
16915,6,2011-11-30 16:39:00,10.906666666666668,9,0
16916,2,2011-11-16 12:08:00,4.135367647058823,24,0
16917,1,2011-03-08 11:55:00,43.50222222222222,277,1
16918,6,2011-10-21 12:50:00,8.35015625,50,0
16919,11,2011-07-06 13:35:00,7.951687116564417,156,1
16921,1,2011-10-09 16:22:00,2.8032727272727276,61,0
16923,19,2011-11-27 13:00:00,11.292460063897764,12,0
16924,3,2011-11-18 12:53:00,10.245555555555555,21,0
16926,1,2010-12-03 13:42:00,16.446428571428573,371,1
16927,3,2011-08-16 11:10:00,90.50833333333333,116,1
16928,17,2011-09-20 15:10:00,13.797549019607843,80,0
16929,7,2011-12-06 08:37:00,16.823246753246753,4,0
16930,3,2011-11-13 16:13:00,7.148867924528302,26,0
16931,21,2011-12-04 13:15:00,5.140936794582393,5,0
16932,1,2011-10-17 14:12:00,3.129791666666667,53,0
16933,2,2011-12-08 12:54:00,12.800681818181818,1,0
16934,2,2011-10-16 12:40:00,15.262786885245902,55,0
16936,1,2011-11-14 11:04:00,4.676785714285714,26,0
16938,4,2011-12-01 10:20:00,11.539063829787235,9,0
16940,3,2011-10-18 13:15:00,9.99960655737705,52,0
16942,9,2011-11-27 12:40:00,6.877220216606498,13,0
16943,3,2011-05-12 11:57:00,24.74939393939394,212,1
16945,19,2011-11-18 11:39:00,17.451807228915662,22,0
16947,1,2011-04-18 09:38:00,19.356190476190477,236,1
16948,3,2011-07-24 12:46:00,22.89578947368421,139,1
16949,6,2011-12-06 11:07:00,21.437833333333334,4,0
16950,3,2011-10-14 09:06:00,28.06095238095238,57,0
16951,3,2011-07-28 12:05:00,14.857558139534884,135,1
16952,2,2011-08-22 13:03:00,10.475625,109,1
16953,1,2011-11-09 15:54:00,20.8,30,0
16954,9,2011-12-09 09:46:00,38.61259259259259,1,0
16955,4,2011-06-08 10:36:00,20.746799999999997,185,1
16956,1,2011-11-22 08:56:00,19.29625,18,0
16957,2,2011-04-14 13:56:00,26.04,239,1
16959,1,2011-09-13 15:03:00,16.764285714285716,87,0
16960,3,2011-11-01 11:35:00,5.02029702970297,39,0
16961,1,2011-08-15 13:46:00,16.726428571428574,116,1
16963,1,2011-06-05 13:48:00,15.792857142857144,187,1
16965,1,2011-04-27 12:08:00,7.738076923076923,227,1
16966,7,2011-12-01 13:40:00,76.96321428571427,8,0
16967,1,2011-06-03 14:24:00,15.19142857142857,189,1
16968,2,2011-12-05 15:02:00,14.175161290322581,4,0
16969,3,2011-10-31 13:12:00,15.48595238095238,39,0
16971,1,2011-11-01 15:06:00,8.712439024390243,38,0
16976,1,2011-03-17 16:33:00,125.75999999999999,267,1
16978,1,2011-09-23 12:50:00,8.828974358974358,78,0
16979,6,2011-12-06 12:21:00,20.808988764044944,4,0
16980,2,2011-03-29 16:36:00,12.697037037037038,255,1
16982,1,2011-10-10 12:28:00,17.457272727272727,61,0
16983,7,2011-11-27 12:10:00,13.327762237762236,13,0
16984,2,2011-09-12 13:43:00,11.148800000000001,88,0
16985,10,2011-11-22 13:33:00,45.53433333333333,17,0
16986,2,2011-11-10 11:55:00,624.4,30,0
16987,7,2011-12-06 17:26:00,12.63125,3,0
16988,1,2011-12-04 16:02:00,18.017142857142858,5,0
16989,6,2011-12-02 16:39:00,94.4375,7,0
16990,1,2011-05-05 08:30:00,179.0,219,1
16992,5,2011-11-29 11:50:00,17.358172043010754,11,0
16996,6,2011-11-09 16:43:00,39.3772972972973,30,0
16997,3,2011-02-24 17:28:00,58.5,288,1
16998,4,2011-07-13 09:44:00,73.75,150,1
16999,2,2011-11-16 13:53:00,21.07913043478261,23,0
17001,11,2011-12-09 09:38:00,23.606923076923078,1,0
17002,3,2011-09-15 12:40:00,30.484285714285715,86,0
17004,2,2011-10-24 14:25:00,30.51488372093023,46,0
17006,4,2011-12-05 12:09:00,17.76772727272727,5,0
17007,6,2011-10-20 10:47:00,17.114038461538463,51,0
17010,1,2011-11-21 14:49:00,17.76,18,0
17011,1,2011-11-09 13:30:00,18.06,30,0
17014,3,2011-12-01 14:09:00,8.103194444444446,8,0
17015,3,2011-11-11 10:45:00,8.59163551401869,29,0
17017,20,2011-12-07 09:32:00,34.50103174603175,3,0
17018,2,2011-10-30 11:42:00,57.50625,41,0
17019,4,2011-11-28 13:06:00,5.517894736842105,11,0
17022,1,2011-11-08 17:09:00,10.142857142857142,31,0
17024,3,2011-10-25 13:47:00,31.95,45,0
17025,3,2011-10-10 09:06:00,39.75222222222222,61,0
17026,2,2011-06-07 14:28:00,38.7075,185,1
17027,6,2011-09-22 12:24:00,5.92945945945946,79,0
17029,2,2011-08-21 11:06:00,358.0,111,1
17030,1,2011-10-07 08:49:00,13.351818181818182,64,0
17031,2,2011-11-28 10:23:00,17.288636363636364,12,0
17033,3,2011-09-14 14:34:00,36.79071428571429,86,0
17034,3,2011-11-23 15:14:00,24.850666666666665,16,0
17035,2,2011-04-08 11:23:00,15.483214285714286,246,1
17037,1,2011-09-13 12:49:00,16.8976,88,0
17038,1,2011-11-09 13:50:00,5.109090909090909,30,0
17040,1,2011-07-25 10:19:00,29.982000000000003,138,1
17041,3,2011-11-13 11:21:00,15.528840579710145,27,0
17042,5,2011-12-07 12:26:00,10.686391752577318,3,0
17043,4,2011-11-07 15:33:00,17.01156862745098,32,0
17044,1,2011-11-14 14:28:00,158.08,25,0
17045,3,2011-08-18 17:09:00,15.42909090909091,113,1
17046,1,2011-07-05 14:24:00,29.182727272727274,157,1
17047,3,2011-09-15 13:27:00,16.93692307692308,85,0
17048,3,2011-08-14 11:49:00,21.519767441860466,118,1
17049,9,2011-12-07 10:48:00,17.839211356466876,3,0
17050,6,2011-09-04 13:48:00,10.342987012987013,96,1
17051,1,2011-05-29 14:13:00,5.73547619047619,194,1
17052,1,2011-11-11 14:50:00,4.808313253012048,28,0
17053,1,2011-08-01 10:23:00,38.34461538461539,131,1
17054,5,2011-11-11 12:56:00,16.34132530120482,28,0
17058,3,2011-09-19 10:13:00,19.030483870967743,82,0
17059,5,2011-11-10 12:27:00,5.9929766536964975,30,0
17060,1,2011-03-18 13:27:00,46.848,266,1
17061,11,2011-09-27 11:24:00,52.850808080808086,74,0
17062,4,2011-01-30 11:01:00,7.7294202898550735,314,1
17063,7,2011-11-18 16:19:00,18.732564102564105,21,0
17064,3,2011-10-12 10:18:00,14.02377049180328,59,0
17068,21,2011-11-27 13:14:00,15.378851351351353,12,0
17069,9,2011-11-11 17:13:00,18.948951048951052,28,0
17070,1,2011-08-17 17:01:00,4.9070967741935485,114,1
17071,9,2011-11-11 16:31:00,17.350214285714287,28,0
17073,4,2011-11-22 11:47:00,8.310862068965516,18,0
17075,4,2011-11-22 11:58:00,10.832727272727272,18,0
17076,3,2011-11-03 17:53:00,33.6432,36,0
17078,2,2011-11-03 19:17:00,13.507142857142856,36,0
17079,1,2011-09-22 15:34:00,59.400000000000006,78,0
17080,2,2011-11-17 12:59:00,35.9525,22,0
17081,2,2011-11-14 12:56:00,4.585873015873016,25,0
17082,2,2011-11-06 15:17:00,24.73888888888889,33,0
17083,3,2011-08-22 15:43:00,27.034230769230767,109,1
17084,2,2011-11-04 14:54:00,18.44288590604027,35,0
17085,5,2011-08-08 14:15:00,8.4,123,1
17086,6,2011-12-02 13:54:00,21.355,7,0
17088,4,2011-11-11 14:23:00,17.313130434782607,28,0
17090,7,2011-12-05 13:44:00,32.37131147540984,4,0
17091,9,2011-12-07 10:43:00,19.629538461538463,3,0
17092,4,2011-10-20 19:51:00,14.306693548387097,50,0
17094,1,2011-01-21 13:09:00,21.571428571428573,322,1
17095,3,2011-11-17 12:21:00,17.894054054054056,23,0
17096,4,2011-11-24 15:01:00,21.294375,15,0
17097,8,2011-12-07 17:05:00,4.523317535545024,2,0
17100,2,2011-11-21 16:36:00,14.949846153846154,18,0
17101,4,2011-11-29 13:57:00,38.61261904761905,10,0
17102,1,2011-03-23 10:08:00,25.5,262,1
17105,2,2011-07-03 15:53:00,7.397555555555555,159,1
17107,6,2011-11-06 14:14:00,25.955480769230768,33,0
17109,6,2011-11-10 16:59:00,7.597327586206896,29,0
17110,1,2011-06-27 12:58:00,13.608333333333333,165,1
17111,1,2011-10-23 15:59:00,7.986551724137931,47,0
17114,8,2011-12-04 12:17:00,6.5131707317073175,6,0
17115,3,2011-12-01 14:30:00,21.474358974358974,8,0
17117,1,2011-02-24 13:54:00,12.911111111111111,288,1
17118,1,2011-01-26 12:19:00,15.702000000000002,318,1
17119,2,2011-12-06 14:40:00,17.340285714285713,3,0
17120,1,2011-04-20 15:21:00,17.08111111111111,233,1
17122,1,2011-08-12 14:33:00,19.759999999999998,119,1
17123,1,2011-07-01 10:47:00,38.36666666666667,162,1
17124,1,2011-06-07 14:02:00,9.491612903225807,185,1
17125,1,2011-10-20 14:41:00,6.585714285714285,50,0
17126,5,2011-07-10 13:52:00,3.989717741935484,152,1
17128,1,2011-01-09 12:02:00,11.220714285714285,335,1
17131,5,2011-12-04 12:52:00,18.38186567164179,5,0
17133,7,2011-11-24 12:27:00,181.1940740740741,16,0
17134,2,2011-08-25 09:53:00,17.965217391304346,107,1
17135,7,2011-11-23 16:48:00,21.917884615384615,16,0
17138,1,2011-03-09 11:54:00,15.854166666666666,276,1
17139,12,2011-11-24 10:12:00,22.328658280922433,16,0
17140,1,2011-04-06 13:33:00,25.22888888888889,247,1
17142,1,2011-04-14 18:22:00,38.6,239,1
17144,2,2011-12-08 17:57:00,20.511875,1,0
17146,3,2011-08-26 12:44:00,21.422285714285714,106,1
17147,4,2011-11-17 12:32:00,21.167777777777776,23,0
17148,1,2011-10-19 09:59:00,13.875555555555556,52,0
17152,3,2011-05-29 12:19:00,120.67857142857143,195,1
17153,1,2011-11-15 13:42:00,15.27,24,0
17154,1,2011-09-25 13:42:00,14.319130434782608,75,0
17155,2,2011-11-22 12:38:00,12.584999999999999,18,0
17157,2,2011-12-02 09:10:00,24.53846153846154,8,0
17158,3,2011-11-07 15:15:00,18.91,32,0
17159,3,2011-11-18 10:52:00,15.236435643564358,22,0
17160,6,2011-11-08 14:05:00,15.362576419213974,31,0
17162,10,2011-11-11 11:34:00,16.494807692307692,29,0
17163,2,2011-11-18 08:57:00,58.620000000000005,22,0
17164,7,2011-11-07 09:14:00,17.134375,33,0
17165,1,2011-02-28 16:39:00,15.868,284,1
17166,2,2011-11-01 09:46:00,17.195,39,0
17169,2,2011-10-13 10:25:00,15.477407407407407,58,0
17171,1,2011-02-23 16:37:00,14.056875,289,1
17172,1,2011-09-22 09:36:00,21.184,79,0
17173,8,2011-12-04 14:40:00,43.79767441860465,5,0
17174,1,2011-05-06 11:47:00,14.975,218,1
17175,4,2011-10-26 15:31:00,22.915714285714287,44,0
17176,1,2011-05-22 12:41:00,20.408666666666665,202,1
17179,3,2011-06-14 16:48:00,8.897375,178,1
17180,4,2011-10-14 15:46:00,6.2717600000000004,56,0
17181,2,2011-10-13 14:48:00,10.431304347826087,57,0
17183,6,2011-12-02 10:07:00,45.85356164383562,8,0
17186,2,2011-10-24 10:20:00,72.0,47,0
17187,1,2011-04-27 12:39:00,20.395,227,1
17188,7,2011-11-28 13:53:00,29.455119047619046,11,0
17189,2,2011-08-25 19:39:00,6.395833333333333,106,1
17190,2,2011-10-12 11:33:00,23.40736842105263,59,0
17191,7,2011-11-11 16:58:00,8.871525423728812,28,0
17193,7,2011-11-04 12:47:00,53.103125,36,0
17194,2,2011-03-11 12:05:00,9.055862068965517,274,1
17197,1,2011-11-10 10:32:00,34.93137931034483,30,0
17198,3,2011-11-16 10:39:00,7.210625,24,0
17201,1,2011-10-17 11:55:00,7.625789473684211,54,0
17203,6,2011-11-04 12:27:00,24.054594594594594,36,0
17204,4,2011-06-17 14:46:00,27.448421052631577,175,1
17205,1,2011-10-17 12:46:00,29.544615384615383,54,0
17206,1,2011-10-17 13:25:00,29.177142857142858,53,0
17211,8,2011-11-13 12:03:00,10.982085308056874,27,0
17212,1,2011-03-31 19:42:00,56.7125,253,1
17213,7,2011-10-30 14:53:00,17.71484076433121,40,0
17214,6,2011-10-10 13:17:00,10.486336633663367,60,0
17217,1,2011-04-19 17:19:00,12.61111111111111,234,1
17218,10,2011-12-05 13:52:00,7.202841328413284,4,0
17219,1,2011-11-08 11:25:00,4.5692,32,0
17220,14,2011-11-15 13:47:00,6.8255888650963605,24,0
17221,2,2011-12-02 13:35:00,5.39483870967742,7,0
17222,1,2011-10-05 13:58:00,12.17222222222222,65,0
17223,2,2011-02-02 15:57:00,8.685208333333334,310,1
17226,1,2011-02-04 11:52:00,18.73761904761905,309,1
17227,6,2011-11-21 10:51:00,19.985531914893617,19,0
17228,8,2011-11-24 10:24:00,9.16389423076923,16,0
17229,2,2011-09-04 13:56:00,6.782127659574468,96,1
17230,8,2011-03-20 16:12:00,52.73057971014492,264,1
17231,10,2011-11-27 15:18:00,5.884595103578154,12,0
17232,2,2011-12-07 12:21:00,11.936285714285713,3,0
17233,1,2011-11-04 14:06:00,7.6352,35,0
17234,1,2011-06-10 11:20:00,10.706428571428571,183,1
17235,2,2011-11-14 15:51:00,18.967586206896552,25,0
17236,6,2011-11-27 12:00:00,8.725047619047618,13,0
17237,2,2011-11-28 15:02:00,16.562631578947368,11,0
17238,17,2011-12-07 11:35:00,6.701081081081081,3,0
17239,1,2011-01-31 09:41:00,25.5,313,1
17242,2,2011-08-23 14:55:00,28.375999999999998,108,1
17243,26,2011-12-08 13:26:00,22.067312661498708,1,0
17244,1,2011-10-17 15:19:00,30.80322580645161,53,0
17245,1,2011-05-19 10:43:00,19.05,205,1
17247,1,2011-11-24 15:21:00,5.186851851851852,15,0
17248,1,2011-08-11 13:34:00,4.618115942028985,120,1
17250,2,2011-12-06 12:15:00,6.820892857142858,4,0
17251,1,2010-12-12 11:06:00,7.2927027027027025,363,1
17252,2,2011-08-15 09:45:00,4.057093023255813,117,1
17253,1,2011-11-21 12:59:00,9.903333333333332,18,0
17254,2,2011-12-05 12:46:00,2.443153153153153,5,0
17255,2,2011-10-30 12:18:00,3.9389189189189193,41,0
17256,2,2011-08-24 13:30:00,15.0,107,1
17259,2,2011-07-14 15:01:00,5.010603448275862,148,1
17262,5,2011-10-18 12:56:00,104.44666666666667,52,0
17263,1,2011-05-15 14:32:00,2.7582608695652175,208,1
17265,2,2011-07-24 10:49:00,4.50827868852459,139,1
17266,3,2011-12-07 14:12:00,4.062739726027397,2,0
17267,2,2011-08-04 17:22:00,8.572972972972973,127,1
17268,4,2011-08-24 10:06:00,127.27333333333333,108,1
17272,4,2011-10-28 16:37:00,18.847631578947368,42,0
17274,1,2011-11-04 13:16:00,4.312799999999999,35,0
17277,2,2011-04-26 12:47:00,15.43985507246377,228,1
17278,1,2011-04-12 13:10:00,16.40266666666667,241,1
17279,1,2011-10-13 11:58:00,20.869999999999997,58,0
17282,3,2011-08-01 14:29:00,18.937752808988765,130,1
17284,6,2011-10-10 14:38:00,5.661443298969072,60,0
17286,1,2011-11-18 12:47:00,3.440227272727273,22,0
17287,7,2011-11-13 13:27:00,8.598852459016394,26,0
17288,7,2011-11-30 16:09:00,10.12592857142857,9,0
17289,3,2011-11-08 12:01:00,8.952115384615384,32,0
17290,2,2011-12-06 12:38:00,5.343854166666667,4,0
17291,1,2011-02-04 13:04:00,550.8000000000001,308,1
17293,9,2011-12-01 14:37:00,14.04590909090909,8,0
17295,3,2011-11-11 10:49:00,8.044117647058824,29,0
17297,1,2011-11-22 14:43:00,2.615918367346939,17,0
17298,2,2011-08-30 16:43:00,16.614,101,1
17299,4,2011-11-28 12:01:00,11.938363636363636,12,0
17301,1,2011-11-18 13:43:00,2.7667796610169493,21,0
17302,5,2011-11-25 09:36:00,14.375063291139242,15,0
17303,1,2010-12-13 13:32:00,4.717735849056604,361,1
17306,19,2011-11-29 12:14:00,130.77742424242425,11,0
17309,1,2011-09-05 15:20:00,6.895833333333333,95,1
17311,2,2011-09-22 14:11:00,25.179090909090906,78,0
17312,3,2011-07-24 11:52:00,46.021428571428565,139,1
17313,1,2011-11-08 15:45:00,97.03500000000001,31,0
17314,8,2011-11-15 09:41:00,19.297099236641223,25,0
17315,38,2011-12-08 12:15:00,13.335944798301487,2,0
17317,3,2011-10-24 17:19:00,288.9266666666667,46,0
17320,3,2011-08-31 13:31:00,16.446849315068494,100,1
17321,2,2011-12-01 13:41:00,6.637979797979797,8,0
17323,7,2011-11-24 17:29:00,4.648820512820513,15,0
17324,4,2011-11-22 10:34:00,20.132244897959183,18,0
17325,1,2011-03-04 13:09:00,16.133333333333333,280,1
17329,2,2011-11-25 14:24:00,15.851818181818182,14,0
17330,2,2011-11-17 08:56:00,60.65,23,0
17331,1,2011-08-08 11:55:00,175.2,124,1
17333,1,2011-09-15 10:11:00,17.651785714285715,86,0
17334,2,2011-02-10 14:59:00,27.910909090909094,302,1
17337,4,2011-07-11 14:55:00,3.802418426103647,151,1
17338,8,2011-11-22 14:23:00,9.00629680998613,17,0
17339,2,2011-09-06 13:29:00,27.040000000000003,94,1
17340,11,2011-11-10 10:45:00,30.352063882063884,30,0
17341,3,2011-07-06 12:33:00,4.3457961783439485,157,1
17343,1,2010-12-19 15:07:00,11.390588235294118,355,1
17344,1,2011-10-24 12:56:00,5.0845161290322585,46,0
17345,4,2011-11-24 15:03:00,6.261325301204819,15,0
17346,15,2011-12-06 12:18:00,5.430393374741201,4,0
17347,1,2011-09-14 13:12:00,228.96,86,0
17348,5,2011-11-25 11:25:00,5.430046948356807,15,0
17349,1,2011-06-13 14:29:00,12.28125,179,1
17350,4,2011-12-01 15:47:00,18.30457142857143,8,0
17351,3,2011-11-03 18:45:00,21.746296296296297,36,0
17353,2,2011-08-02 17:19:00,217.5,129,1
17354,1,2011-10-20 10:34:00,87.06625,51,0
17356,1,2011-02-01 11:07:00,9.38,312,1
17357,2,2011-11-15 16:30:00,8.736136363636364,24,0
17358,2,2011-02-09 16:57:00,6.220862068965517,303,1
17359,1,2011-11-28 14:37:00,8.524,11,0
17360,3,2011-11-22 13:11:00,4.54592,17,0
17361,3,2011-10-21 15:43:00,16.834482758620688,49,0
17362,2,2011-04-14 14:43:00,8.920857142857143,239,1
17364,11,2011-12-09 09:00:00,10.991822660098522,1,0
17365,8,2011-11-27 12:13:00,10.252387096774193,13,0
17367,1,2011-04-15 14:21:00,5.077272727272728,238,1
17368,8,2011-11-16 15:26:00,17.559532710280372,23,0
17370,4,2011-09-28 10:14:00,13.520606060606061,73,0
17371,3,2011-11-22 13:30:00,4.865116279069767,17,0
17372,8,2011-10-30 11:37:00,5.3274103585657375,41,0
17373,4,2011-10-30 15:28:00,11.349473684210526,40,0
17374,2,2011-05-05 09:05:00,17.706071428571427,219,1
17375,3,2011-05-24 15:45:00,5.798550724637681,199,1
17376,2,2011-09-30 12:36:00,8.466666666666667,71,0
17377,20,2011-11-16 11:17:00,10.045346534653465,24,0
17379,1,2011-11-28 13:56:00,4.996410256410256,11,0
17381,29,2011-12-01 11:59:00,186.01477064220185,9,0
17382,1,2011-10-05 13:05:00,32.7,65,0
17383,1,2011-12-05 17:36:00,3.946734693877551,4,0
17384,2,2011-11-20 15:48:00,22.426666666666666,19,0
17385,1,2011-11-25 11:02:00,5.691333333333334,15,0
17386,6,2011-12-02 11:28:00,95.94357142857143,8,0
17387,2,2011-11-20 11:00:00,9.826447368421052,20,0
17388,4,2011-09-23 10:31:00,83.97066666666666,78,0
17389,34,2011-12-09 09:38:00,149.45389671361502,1,0
17391,2,2011-06-29 09:58:00,169.6,164,1
17392,2,2011-02-06 12:48:00,7.45125,307,1
17394,1,2011-05-04 13:22:00,50.967499999999994,219,1
17396,8,2011-10-31 14:12:00,271.5111111111111,39,0
17397,2,2011-11-17 14:08:00,7.65629213483146,22,0
17398,3,2011-08-17 09:48:00,17.19421052631579,115,1
17400,5,2011-08-05 15:38:00,10.18368932038835,126,1
17402,13,2011-12-05 10:15:00,44.641525423728815,5,0
17403,1,2011-11-03 15:18:00,8.2475,36,0
17404,15,2011-12-05 16:26:00,161.14555555555555,4,0
17405,3,2011-12-08 17:12:00,12.578170731707319,1,0
17406,3,2011-01-10 15:07:00,19.67945945945946,333,1
17408,1,2011-06-29 12:53:00,16.325,163,1
17409,2,2011-06-08 10:36:00,59.37307692307692,185,1
17410,5,2011-11-23 15:46:00,18.98,16,0
17411,3,2011-11-27 14:25:00,18.998536585365855,12,0
17412,7,2011-12-07 11:36:00,19.061515151515152,3,0
17414,2,2011-10-27 12:13:00,129.66666666666666,44,0
17415,1,2011-09-21 12:50:00,36.27428571428571,80,0
17416,7,2011-11-10 12:47:00,25.626096654275095,30,0
17418,2,2011-10-28 13:00:00,15.448666666666668,42,0
17419,12,2011-11-28 13:47:00,20.517330097087378,11,0
17420,3,2011-10-20 14:52:00,19.961000000000002,50,0
17422,6,2011-11-23 13:27:00,16.917692307692306,16,0
17423,2,2011-10-24 13:36:00,26.861923076923077,46,0
17425,2,2011-11-20 15:30:00,17.65511627906977,19,0
17426,6,2011-12-01 18:07:00,18.58767527675277,8,0
17427,1,2011-09-29 11:29:00,50.4,72,0
17428,28,2011-12-09 09:45:00,52.61234756097561,1,0
17429,3,2011-08-03 13:22:00,13.459487179487182,128,1
17430,2,2011-11-07 09:24:00,18.982857142857142,33,0
17431,1,2011-01-30 14:36:00,9.37906976744186,313,1
17432,2,2011-11-21 17:33:00,7.62,18,0
17433,1,2011-09-12 14:24:00,5.614074074074074,88,0
17434,7,2011-12-07 13:16:00,17.715074626865672,2,0
17436,2,2011-12-08 12:30:00,24.033333333333335,2,0
17438,1,2011-03-31 10:26:00,22.85,254,1
17440,3,2011-07-06 11:54:00,37.284000000000006,157,1
17442,6,2011-11-03 09:17:00,16.656,37,0
17443,1,2011-05-04 10:47:00,534.24,220,1
17444,3,2011-07-15 12:05:00,21.778074074074073,148,1
17446,2,2011-06-16 10:42:00,13.433333333333332,177,1
17447,2,2011-10-30 14:18:00,15.042499999999999,40,0
17449,7,2011-12-07 16:56:00,9.127572463768116,2,0
17450,46,2011-12-01 13:29:00,578.5440178571429,8,0
17451,7,2011-12-08 15:02:00,17.214000000000002,1,0
17453,2,2011-11-22 09:42:00,25.61684210526316,18,0
17454,4,2011-05-31 13:58:00,8.484098360655738,192,1
17455,1,2011-05-20 12:31:00,16.4625,204,1
17456,1,2010-12-09 15:23:00,14.69764705882353,365,1
17457,5,2011-08-05 12:48:00,91.4578947368421,127,1
17458,1,2011-11-24 13:01:00,5.861111111111111,15,0
17459,2,2011-10-27 13:25:00,5.921621621621621,43,0
17460,6,2011-09-06 15:04:00,21.463103448275863,94,1
17461,3,2011-11-17 10:21:00,6.941698113207548,23,0
17462,2,2011-10-10 13:56:00,25.025555555555556,60,0
17463,5,2011-11-23 13:40:00,9.018557692307693,16,0
17464,1,2011-07-04 13:19:00,32.21777777777778,158,1
17466,2,2011-11-29 13:15:00,18.61658536585366,10,0
17468,2,2011-11-29 15:33:00,27.4,10,0
17469,5,2011-11-23 13:15:00,21.261022727272728,16,0
17470,5,2011-10-26 12:42:00,14.423974358974359,45,0
17472,3,2011-06-01 14:57:00,4.0088505747126435,191,1
17475,1,2011-09-21 14:55:00,13.883571428571429,79,0
17480,1,2011-09-23 11:39:00,17.64896551724138,78,0
17481,4,2011-12-06 12:28:00,15.312073170731706,4,0
17483,3,2011-10-05 13:10:00,19.716190476190476,65,0
17486,1,2011-03-23 14:00:00,16.53625,261,1
17489,2,2011-10-12 08:56:00,12.987586206896552,59,0
17490,7,2011-12-09 09:08:00,27.530526315789476,1,0
17491,10,2011-12-08 16:18:00,32.65018348623853,1,0
17492,1,2011-04-05 15:21:00,31.214166666666667,248,1
17495,2,2011-12-02 12:08:00,18.42814814814815,8,0
17496,1,2010-12-16 08:39:00,27.105,359,1
17498,1,2011-09-25 12:25:00,16.012941176470587,76,0
17499,1,2011-02-23 09:14:00,15.572,290,1
17500,3,2011-11-22 14:25:00,227.6,17,0
17501,2,2011-05-03 09:47:00,16.033333333333335,221,1
17502,4,2011-11-30 13:13:00,24.610714285714288,9,0
17503,2,2011-12-07 09:18:00,14.709473684210527,3,0
17504,9,2011-05-17 12:59:00,23.598661417322838,206,1
17505,2,2011-07-01 12:50:00,22.03538461538462,162,1
17506,1,2011-09-25 11:39:00,21.585714285714285,76,0
17507,2,2011-03-23 11:48:00,6.881590909090909,262,1
17508,1,2011-03-04 08:10:00,17.605,281,1
17509,8,2011-10-13 10:26:00,16.713296703296706,58,0
17510,1,2011-11-15 10:00:00,15.424000000000001,25,0
17511,31,2011-12-07 10:12:00,94.5611422637591,3,0
17512,10,2011-11-11 12:11:00,27.85704761904762,29,0
17513,1,2011-09-28 16:42:00,85.53333333333335,72,0
17514,1,2011-08-03 15:45:00,5.2162500000000005,128,1
17515,4,2011-11-08 14:04:00,7.345057471264368,31,0
17516,5,2011-11-24 16:51:00,5.665777777777778,15,0
17517,1,2011-02-04 11:48:00,13.994545454545454,309,1
17519,6,2011-11-22 16:43:00,22.488048780487805,17,0
17520,1,2011-10-17 12:04:00,18.226999999999997,54,0
17521,3,2011-11-10 11:22:00,16.071333333333335,30,0
17522,5,2011-12-08 12:31:00,14.667260273972603,2,0
17523,4,2011-11-28 13:20:00,19.78,11,0
17524,1,2010-12-13 14:32:00,24.166666666666668,361,1
17525,1,2010-12-15 12:05:00,46.96666666666667,360,1
17526,4,2011-12-05 11:05:00,62.942105263157885,5,0
17527,4,2011-10-17 12:32:00,19.98659574468085,54,0
17528,8,2011-12-08 13:27:00,14.34189723320158,1,0
17530,10,2011-12-08 18:42:00,6.069538461538461,1,0
17531,1,2011-06-02 19:17:00,21.192857142857143,190,1
17534,1,2011-10-17 12:47:00,24.817777777777778,54,0
17535,1,2011-03-04 15:20:00,12.646153846153847,280,1
17536,1,2011-06-15 13:23:00,25.5,177,1
17537,2,2011-11-10 10:56:00,11.995540540540542,30,0
17538,1,2011-11-14 12:12:00,10.935555555555556,26,0
17540,2,2011-11-15 11:56:00,23.156,25,0
17542,1,2011-03-15 11:45:00,6.83,270,1
17545,3,2011-10-27 14:04:00,4.555460992907801,43,0
17548,1,2011-04-20 12:01:00,20.66,234,1
17549,2,2011-11-16 09:59:00,24.810000000000002,24,0
17550,3,2011-05-26 14:09:00,6.360952380952382,197,1
17551,1,2010-12-15 14:12:00,7.444615384615384,359,1
17552,4,2011-10-10 17:00:00,18.987959183673468,60,0
17553,1,2011-08-02 10:00:00,743.8,130,1
17554,5,2011-12-08 14:15:00,22.18693181818182,1,0
17555,2,2011-11-20 12:22:00,4.574380952380952,20,0
17556,1,2011-05-18 10:48:00,26.316666666666666,206,1
17557,3,2011-11-25 12:57:00,15.92529411764706,14,0
17560,4,2011-09-06 09:18:00,32.88269230769231,95,1
17561,1,2011-11-20 12:53:00,3.6693333333333333,19,0
17562,7,2011-11-25 14:21:00,17.81555555555556,14,0
17564,3,2011-11-15 13:27:00,9.265510204081632,24,0
17566,2,2011-12-01 19:54:00,6.125140845070423,8,0
17567,8,2011-12-02 15:48:00,26.251393939393935,7,0
17569,1,2011-01-11 14:15:00,11.866896551724137,332,1
17571,4,2011-10-20 15:57:00,5.260774907749078,50,0
17572,4,2011-09-29 17:53:00,18.895833333333336,71,0
17573,3,2011-11-10 13:01:00,15.224,29,0
17574,1,2011-04-11 09:47:00,23.20625,243,1
17576,19,2011-12-01 17:56:00,8.86773631840796,8,0
17578,1,2011-05-05 18:38:00,28.691999999999997,218,1
17579,3,2011-12-05 12:28:00,8.978000000000002,5,0
17580,3,2011-04-01 12:41:00,4.793777777777778,253,1
17581,25,2011-12-09 12:21:00,25.114441913439634,1,0
17582,1,2011-04-17 13:18:00,6.043793103448277,236,1
17584,2,2011-12-02 17:12:00,35.494285714285716,7,0
17585,4,2011-08-22 13:30:00,5.368653846153847,109,1
17588,3,2011-08-31 13:37:00,53.92173913043479,100,1
17589,4,2011-10-10 16:58:00,9.502648221343874,60,0
17590,3,2011-12-07 12:55:00,7.489897959183673,2,0
17591,7,2011-09-27 13:42:00,14.03611464968153,73,0
17593,5,2011-12-06 10:30:00,18.50877358490566,4,0
17594,2,2011-09-15 16:34:00,19.8636,85,0
17595,2,2011-11-27 16:08:00,4.715731707317073,12,0
17596,7,2011-11-16 14:11:00,10.591283018867925,23,0
17597,1,2011-05-10 11:54:00,37.17036363636364,214,1
17600,1,2011-11-22 09:43:00,12.436153846153847,18,0
17601,1,2011-04-14 18:02:00,12.889999999999999,239,1
17602,6,2011-12-07 13:53:00,9.173176043557168,2,0
17603,1,2011-09-22 14:18:00,35.88363636363636,78,0
17604,2,2011-05-06 13:43:00,4.91047619047619,217,1
17608,2,2011-11-06 13:06:00,3.4283928571428572,33,0
17609,5,2011-10-30 12:28:00,4.745836909871245,41,0
17611,15,2011-12-02 13:29:00,6.986102292768959,7,0
17612,6,2011-10-17 14:59:00,15.173703703703703,53,0
17613,14,2011-11-17 10:51:00,14.851470588235294,23,0
17614,1,2011-10-13 16:01:00,3.9420408163265304,57,0
17615,3,2011-08-01 14:06:00,23.542857142857144,130,1
17616,3,2011-06-19 10:11:00,190.39999999999998,174,1
17618,3,2011-12-04 11:50:00,13.884776119402984,6,0
17619,1,2011-01-31 14:18:00,2.896891891891892,312,1
17620,1,2011-10-11 12:08:00,20.36,60,0
17621,3,2011-11-18 17:11:00,53.073076923076925,21,0
17623,1,2011-11-07 11:32:00,15.971212121212119,33,0
17624,2,2011-11-25 10:52:00,16.869600000000002,15,0
17625,4,2011-11-21 13:36:00,6.602614379084968,18,0
17628,1,2011-09-19 15:21:00,15.15,81,0
17629,8,2011-12-04 10:56:00,14.748943089430895,6,0
17630,2,2011-06-23 11:58:00,19.36923076923077,170,1
17631,3,2011-12-08 09:47:00,13.546923076923077,2,0
17633,4,2011-11-08 13:25:00,18.92628571428571,31,0
17634,9,2011-11-03 13:09:00,7.96820945945946,36,0
17636,1,2011-11-20 14:40:00,14.278,19,0
17637,2,2011-11-08 12:51:00,15.630285714285716,31,0
17639,1,2011-03-08 15:22:00,15.5,276,1
17640,1,2011-09-14 09:13:00,124.332,87,0
17642,2,2011-08-12 09:11:00,17.80725,120,1
17643,1,2010-12-01 14:38:00,12.69375,373,1
17644,11,2011-12-08 13:43:00,18.443566878980892,1,0
17646,3,2011-05-04 13:17:00,19.77235294117647,219,1
17647,1,2011-10-05 15:38:00,19.00857142857143,65,0
17648,4,2011-10-10 09:41:00,19.752747252747252,61,0
17649,1,2011-07-24 15:53:00,16.70173076923077,138,1
17650,1,2011-11-18 14:52:00,20.759999999999998,21,0
17651,10,2011-11-28 10:29:00,17.004310344827587,12,0
17652,12,2011-11-14 12:55:00,18.794285714285714,25,0
17653,4,2011-11-03 12:46:00,27.44454545454545,37,0
17654,1,2011-03-07 13:17:00,5.343181818181818,277,1
17655,7,2011-11-29 11:34:00,28.99934065934066,11,0
17656,5,2011-09-27 13:04:00,20.423048780487804,73,0
17658,2,2011-11-14 12:07:00,31.337894736842102,26,0
17659,12,2011-11-22 13:29:00,18.98392405063291,17,0
17660,1,2011-07-21 13:37:00,4.703947368421052,141,1
17663,7,2011-11-14 08:56:00,20.96406976744186,26,0
17664,2,2011-11-21 11:29:00,14.061395348837209,19,0
17666,2,2011-12-06 09:06:00,40.45333333333333,4,0
17667,5,2011-10-04 14:32:00,17.71991379310345,66,0
17668,2,2011-12-08 13:25:00,23.183333333333334,1,0
17669,7,2011-10-28 08:53:00,50.09882352941177,43,0
17670,1,2011-04-26 09:12:00,18.7,228,1
17671,4,2011-11-24 12:21:00,29.67377358490566,16,0
17672,2,2011-10-20 14:18:00,28.892454545454545,50,0
17673,6,2011-12-08 12:50:00,7.316376146788991,2,0
17674,2,2011-09-26 13:35:00,20.40888888888889,74,0
17675,31,2011-12-08 18:03:00,28.89968794326241,1,0
17676,6,2011-12-05 15:16:00,17.807532467532468,4,0
17677,30,2011-12-08 09:56:00,53.94514851485148,2,0
17678,1,2011-03-21 11:52:00,18.631875,264,1
17679,2,2011-10-18 07:43:00,66.40366666666667,53,0
17680,1,2011-11-16 12:42:00,16.763636363636365,24,0
17682,6,2011-11-29 15:59:00,20.968898305084746,10,0
17684,1,2011-10-27 11:10:00,15.960666666666667,44,0
17685,7,2011-11-23 11:36:00,24.849055118110236,17,0
17686,7,2011-12-02 15:39:00,20.06804195804196,7,0
17690,15,2011-11-09 15:17:00,18.757142857142856,30,0
17691,2,2010-12-16 17:20:00,15.28421052631579,358,1
17692,4,2011-08-04 14:01:00,16.10739130434783,127,1
17693,1,2011-07-25 15:48:00,12.529375,137,1
17694,1,2011-07-21 12:00:00,18.874666666666666,142,1
17695,2,2011-07-31 10:40:00,21.866857142857143,132,1
17696,8,2011-11-01 13:43:00,19.875739130434784,38,0
17697,1,2011-04-17 15:40:00,17.839473684210525,236,1
17698,1,2011-03-24 11:34:00,19.36875,261,1
17700,4,2011-11-23 11:51:00,17.84957746478873,17,0
17701,1,2011-04-01 12:25:00,17.414583333333333,253,1
17702,4,2011-11-09 16:03:00,24.653648648648648,30,0
17703,3,2011-11-04 15:51:00,14.522545454545455,35,0
17704,2,2011-06-24 09:40:00,28.554516129032258,169,1
17705,9,2011-12-06 13:45:00,17.70407766990291,3,0
17706,17,2011-12-05 13:34:00,27.498664921465966,4,0
17707,2,2011-06-07 15:03:00,30.48,185,1
17708,2,2011-06-05 10:12:00,7.744999999999999,188,1
17709,1,2011-06-23 11:55:00,19.635714285714283,170,1
17711,2,2011-11-29 11:40:00,16.743478260869566,11,0
17712,1,2011-10-26 12:28:00,18.031379310344825,45,0
17714,1,2011-01-23 10:32:00,15.3,321,1
17715,1,2011-05-23 12:32:00,326.4,201,1
17716,11,2011-11-17 12:00:00,23.085673469387753,23,0
17718,1,2011-04-21 13:39:00,23.224999999999998,232,1
17719,15,2011-11-02 10:36:00,19.693576642335767,38,0
17720,4,2011-11-13 15:04:00,23.9188,26,0
17722,4,2011-09-04 15:22:00,21.078608695652175,96,1
17723,6,2011-08-04 18:37:00,327.64000000000004,127,1
17724,3,2011-09-29 15:26:00,25.825,71,0
17725,11,2011-11-23 16:34:00,17.911875,16,0
17727,1,2011-11-24 17:06:00,16.064393939393938,15,0
17728,3,2011-12-06 08:52:00,17.430363636363637,4,0
17730,13,2011-12-06 15:43:00,24.304954128440368,3,0
17731,4,2011-09-21 15:02:00,18.509104477611938,79,0
17732,1,2010-12-02 09:29:00,16.887222222222224,373,1
17733,2,2011-11-01 08:16:00,19.776857142857143,39,0
17734,3,2011-10-17 12:33:00,16.293720930232556,54,0
17735,19,2011-12-07 16:47:00,19.000028985507246,2,0
17736,3,2011-11-30 15:36:00,15.0976,9,0
17737,2,2011-11-30 15:16:00,16.824,9,0
17738,4,2011-11-20 15:05:00,19.371649484536082,19,0
17739,7,2011-11-28 09:12:00,59.39042553191489,12,0
17742,2,2011-08-18 15:28:00,23.674,113,1
17744,6,2011-12-06 12:11:00,17.076470588235296,4,0
17746,1,2011-04-13 14:31:00,18.375,240,1
17747,1,2011-08-19 08:13:00,71.4,113,1
17749,2,2011-06-14 15:45:00,19.272,178,1
17750,9,2011-12-04 14:09:00,9.29592391304348,5,0
17752,1,2010-12-15 16:19:00,80.64,359,1
17754,5,2011-12-09 11:20:00,18.703932584269662,1,0
17757,30,2011-12-08 15:31:00,7.558635135135136,1,0
17758,8,2011-11-20 14:45:00,8.436138613861386,19,0
17759,3,2011-11-22 16:02:00,9.110666666666667,17,0
17760,2,2011-11-18 10:56:00,11.503599999999999,22,0
17761,1,2011-11-07 10:23:00,37.514736842105265,33,0
17763,1,2011-03-21 14:25:00,15.0,263,1
17764,2,2011-10-20 11:03:00,10.880985915492957,51,0
17765,3,2011-07-04 12:41:00,6.564821428571428,159,1
17767,1,2011-11-24 14:42:00,12.914285714285715,15,0
17768,3,2011-12-01 13:22:00,21.243877551020407,8,0
17769,10,2011-11-27 11:18:00,13.017861842105262,13,0
17770,5,2011-05-25 12:34:00,30.086052631578948,199,1
17771,2,2011-10-14 11:43:00,4.552037037037037,57,0
17772,2,2011-11-29 11:05:00,3.469,11,0
17774,4,2011-09-04 12:49:00,7.932875816993464,97,1
17775,1,2011-03-30 10:50:00,18.8,255,1
17777,3,2011-11-15 12:02:00,3.408210526315789,25,0
17779,3,2011-11-18 14:15:00,8.028641975308643,21,0
17781,2,2011-07-03 16:00:00,15.668333333333335,159,1
17783,2,2011-09-28 16:07:00,4.23089552238806,72,0
17785,1,2011-10-17 13:43:00,10.149230769230769,53,0
17786,2,2011-09-15 12:51:00,3.9242647058823534,85,0
17787,4,2011-07-10 11:24:00,14.19953125,153,1
17788,2,2011-09-27 10:09:00,223.58,74,0
17789,1,2011-03-03 13:14:00,16.135714285714286,281,1
17790,14,2011-11-13 11:30:00,10.393121693121692,27,0
17791,1,2011-11-10 12:09:00,10.61,30,0
17793,1,2011-11-14 14:24:00,5.77576923076923,25,0
17795,2,2011-06-13 12:36:00,7.618444444444444,180,1
17796,4,2011-10-30 15:38:00,8.518518518518519,40,0
17797,3,2011-11-17 13:21:00,7.0309009009009005,22,0
17799,10,2011-11-17 15:16:00,7.522698019801981,22,0
17800,9,2011-11-02 12:57:00,11.526310679611651,37,0
17802,3,2011-09-18 14:56:00,9.178857142857142,82,0
17805,1,2011-09-27 11:49:00,51.230999999999995,74,0
17806,1,2011-11-28 14:12:00,12.698604651162789,11,0
17809,12,2011-11-23 12:59:00,88.71983606557377,16,0
17811,39,2011-12-05 13:46:00,9.374178743961352,4,0
17812,4,2011-11-27 11:47:00,5.261729323308271,13,0
17813,5,2011-11-25 16:13:00,4.879511494252873,14,0
17816,4,2011-11-03 11:34:00,2.150588235294118,37,0
17817,3,2011-12-05 14:39:00,11.747878787878788,4,0
17819,7,2011-09-29 10:52:00,77.18479166666667,72,0
17824,1,2011-10-19 14:14:00,22.95384615384615,51,0
17827,5,2011-12-04 15:00:00,9.24339534883721,5,0
17828,4,2011-11-17 08:41:00,27.1655223880597,23,0
17829,1,2011-02-14 12:46:00,29.641333333333332,299,1
17830,3,2011-12-08 12:28:00,17.33478260869565,2,0
17831,1,2011-11-06 15:09:00,17.700000000000003,33,0
17832,1,2011-10-21 11:43:00,2.547049180327869,50,0
17835,3,2011-12-07 11:48:00,5.800677966101695,3,0
17836,1,2011-10-23 16:13:00,4.592083333333334,47,0
17837,8,2011-10-28 16:13:00,9.513765432098765,42,0
17838,5,2011-11-13 11:20:00,23.254700854700857,27,0
17839,1,2011-10-28 17:27:00,6.11826923076923,42,0
17841,124,2011-12-08 12:07:00,5.2787701928087545,2,0
17843,1,2011-02-09 15:33:00,5.553513513513513,303,1
17844,1,2011-08-25 11:27:00,10.312,107,1
17846,1,2011-09-15 15:20:00,2033.1,85,0
17848,9,2011-09-19 16:49:00,17.67058823529412,81,0
17849,4,2011-05-05 13:46:00,23.300000000000004,218,1
17850,34,2010-12-02 15:27:00,18.15222222222222,372,1
17852,2,2011-11-28 12:36:00,4.764166666666667,12,0
17854,2,2011-06-07 16:21:00,20.750666666666667,185,1
17855,1,2010-12-02 09:44:00,12.292352941176471,373,1
17856,4,2011-12-08 09:40:00,94.53533333333333,2,0
17857,23,2011-12-05 13:13:00,497.76,4,0
17858,12,2011-12-04 11:56:00,26.09472081218274,6,0
17859,1,2011-02-08 10:32:00,6.170434782608695,305,1
17860,1,2010-12-06 12:41:00,4.354807692307693,369,1
17861,8,2011-12-06 16:21:00,9.579360730593608,3,0
17862,1,2011-01-20 12:23:00,30.08181818181818,324,1
17863,6,2011-10-11 13:45:00,21.35135135135135,59,0
17864,3,2011-11-27 11:15:00,6.165,13,0
17865,20,2011-11-09 12:08:00,28.449513513513512,31,0
17866,1,2011-07-20 11:07:00,36.62777777777778,143,1
17867,6,2011-11-09 14:15:00,17.027500000000003,30,0
17869,5,2011-08-24 16:16:00,10.7045,107,1
17870,12,2011-12-07 15:07:00,6.910703703703703,2,0
17871,1,2011-05-19 11:32:00,15.59,205,1
17873,5,2011-09-20 16:41:00,42.99906976744186,80,0
17874,6,2011-06-07 12:54:00,14.857826086956523,185,1
17877,1,2011-06-22 13:00:00,19.800833333333333,170,1
17878,1,2011-10-27 11:24:00,14.59423076923077,44,0
17879,1,2011-06-19 12:36:00,29.753333333333334,174,1
17880,1,2010-12-10 10:21:00,17.65076923076923,365,1
17881,1,2011-02-08 17:16:00,16.66875,304,1
17883,4,2011-12-06 17:49:00,4.6784507042253525,3,0
17884,4,2011-12-06 11:33:00,6.151061946902655,4,0
17885,1,2011-11-27 14:40:00,2.949811320754717,12,0
17886,3,2011-11-08 10:09:00,8.52235294117647,32,0
17887,1,2011-08-02 17:29:00,11.135,129,1
17888,8,2011-11-18 13:45:00,11.015384615384615,21,0
17889,2,2011-05-11 16:26:00,10.0685,212,1
17890,2,2011-01-21 11:19:00,6.449340659340659,323,1
17891,1,2011-06-30 20:08:00,5.995882352941176,162,1
17892,3,2011-10-14 16:49:00,8.717857142857143,56,0
17893,1,2011-04-28 13:50:00,7.147333333333333,225,1
17894,8,2011-09-29 09:23:00,5.827916666666667,72,0
17895,1,2011-10-26 17:00:00,6.363333333333333,44,0
17896,1,2011-11-16 13:59:00,128.16,23,0
17897,3,2011-06-20 11:23:00,5.016759259259259,173,1
17898,2,2011-09-15 14:56:00,5.430714285714286,85,0
17899,1,2011-07-03 14:58:00,4.985483870967743,159,1
17900,2,2011-06-02 14:38:00,18.7,190,1
17901,1,2011-11-10 17:29:00,5.809473684210526,29,0
17904,1,2011-11-18 12:57:00,5.325588235294117,21,0
17905,4,2011-09-29 17:33:00,24.21181818181818,71,0
17906,1,2011-04-06 17:25:00,6.075,247,1
17908,1,2010-12-01 11:45:00,4.2968518518518515,374,1
17911,1,2011-11-30 14:52:00,9.390512820512821,9,0
17912,5,2011-02-02 14:25:00,8.38,310,1
17913,2,2011-10-12 10:45:00,7.0456896551724135,59,0
17914,1,2011-12-06 11:58:00,4.391466666666667,4,0
17917,3,2011-10-25 13:20:00,3.6416304347826083,45,0
17919,1,2011-09-12 13:41:00,56.697391304347825,88,0
17920,17,2011-12-05 14:29:00,6.1947368421052635,4,0
17921,4,2011-10-06 18:56:00,5.776267605633803,64,0
17923,1,2011-03-02 15:15:00,207.50000000000003,282,1
17924,7,2011-11-28 09:11:00,95.56451612903226,12,0
17925,1,2010-12-02 10:10:00,244.08,373,1
17926,2,2011-07-29 14:39:00,18.91857142857143,133,1
17928,2,2011-10-25 13:52:00,9.240869565217391,45,0
17929,4,2011-11-28 16:01:00,168.6,11,0
17930,5,2011-11-04 10:23:00,44.62769230769231,36,0
17931,2,2011-07-28 18:33:00,6.282461538461539,134,1
17932,3,2011-11-10 19:49:00,14.795222222222222,29,0
17934,2,2011-10-19 11:16:00,33.535714285714285,52,0
17935,2,2011-07-24 13:18:00,5.027241379310345,138,1
17936,1,2011-12-04 13:32:00,5.279583333333333,5,0
17937,7,2011-12-01 11:45:00,100.02837209302326,9,0
17939,1,2011-07-03 12:27:00,8.261666666666667,160,1
17940,10,2011-10-21 13:27:00,223.33555555555554,49,0
17941,1,2011-08-01 08:30:00,152.28,131,1
17942,1,2011-12-02 10:45:00,38.75000000000001,8,0
17946,2,2011-04-20 17:00:00,7.478999999999999,233,1
17947,1,2011-11-02 13:05:00,19.63111111111111,37,0
17948,1,2011-07-15 12:58:00,358.56000000000006,147,1
17949,45,2011-12-08 18:46:00,835.864,1,0
17950,3,2011-09-28 15:18:00,6.791549295774648,72,0
17951,3,2011-10-31 12:30:00,50.42700000000001,40,0
17954,12,2011-12-04 14:15:00,4.851425576519916,5,0
17955,4,2011-05-25 12:00:00,29.331578947368417,199,1
17956,1,2011-04-04 13:47:00,12.75,249,1
17957,1,2011-10-04 14:58:00,3.6025806451612907,66,0
17958,1,2011-08-15 12:19:00,72.63714285714286,117,1
17960,1,2011-06-21 14:15:00,2.8376923076923077,171,1
17961,39,2011-11-18 16:55:00,5.206586345381527,21,0
17962,1,2011-07-20 14:16:00,3.0120588235294115,142,1
17964,2,2011-11-08 10:44:00,4.726632653061224,32,0
17965,14,2011-11-02 09:31:00,7.997507692307693,38,0
17966,5,2011-11-02 10:26:00,16.15338235294118,38,0
17967,1,2010-12-03 11:19:00,2.673095238095238,372,1
17968,1,2010-12-01 12:23:00,3.27283950617284,374,1
17969,2,2011-06-26 13:00:00,16.3,166,1
17970,1,2011-05-12 20:03:00,19.40655172413793,211,1
17972,1,2011-04-12 12:16:00,4.506333333333333,242,1
17973,1,2011-10-19 10:34:00,22.469333333333335,52,0
17974,3,2011-11-15 11:37:00,4.266606060606061,25,0
17975,13,2011-11-24 13:27:00,15.301228668941981,15,0
17976,1,2010-12-02 13:49:00,5.645438596491228,372,1
17977,1,2011-11-10 13:28:00,13.72095238095238,29,0
17978,1,2010-12-09 14:05:00,25.076666666666664,365,1
17979,4,2011-11-04 12:05:00,5.30731884057971,36,0
17980,3,2011-06-27 12:01:00,27.048333333333336,166,1
17984,1,2011-07-17 15:59:00,3.1808333333333336,145,1
17985,1,2011-11-17 14:24:00,30.064285714285717,22,0
17986,1,2011-10-14 14:22:00,20.8,56,0
17987,1,2011-06-07 14:22:00,15.274615384615384,185,1
17988,7,2011-11-28 11:00:00,5.292631578947368,12,0
17990,3,2011-04-17 11:44:00,21.753103448275862,237,1
17991,2,2011-04-28 15:58:00,18.669999999999998,225,1
17994,4,2011-08-10 11:41:00,8.542911392405063,122,1
17995,1,2011-03-03 12:30:00,38.05,282,1
17997,8,2011-09-26 16:13:00,11.966219512195122,74,0
17999,2,2011-11-02 15:56:00,4.18010989010989,37,0
18001,2,2011-11-27 16:02:00,7.282982456140351,12,0
18004,1,2010-12-12 13:47:00,4.268108108108108,362,1
18005,2,2011-12-06 11:51:00,4.273018867924528,4,0
18006,1,2011-11-16 16:52:00,20.212727272727275,23,0
18008,9,2011-09-30 15:17:00,70.53966666666666,70,0
18009,1,2011-04-18 13:36:00,7.9803225806451605,235,1
18010,1,2011-03-28 12:27:00,12.485714285714286,257,1
18011,1,2010-12-01 17:35:00,3.671071428571428,373,1
18013,2,2011-07-07 14:11:00,6.041612903225806,155,1
18014,1,2011-11-11 15:28:00,5.407333333333333,28,0
18015,1,2011-12-05 14:49:00,2.6093478260869567,4,0
18016,5,2011-11-07 13:25:00,12.111967213114754,32,0
18017,3,2011-09-19 16:15:00,174.33333333333334,81,0
18018,2,2011-08-23 17:37:00,4.211724137931035,108,1
18019,1,2011-10-19 12:10:00,7.69,52,0
18022,1,2011-11-04 12:45:00,3.73609756097561,36,0
18024,2,2011-07-10 12:40:00,18.56095238095238,153,1
18027,1,2011-09-02 10:38:00,5.490952380952381,99,1
18030,2,2011-12-05 16:37:00,25.627777777777776,4,0
18032,1,2011-01-09 15:32:00,14.7,334,1
18033,1,2011-10-05 17:28:00,2.8430303030303032,65,0
18034,2,2011-11-18 12:22:00,3.8061818181818183,22,0
18035,3,2011-11-04 12:39:00,14.569183673469388,36,0
18036,3,2011-11-07 14:40:00,4.288510638297873,32,0
18037,6,2011-07-08 13:39:00,3.685263157894737,154,1
18040,2,2011-11-20 14:20:00,18.8,19,0
18041,21,2011-11-28 11:39:00,8.94622270742358,12,0
18042,1,2011-10-17 11:49:00,23.578571428571426,54,0
18043,3,2011-11-15 12:48:00,4.6025217391304345,25,0
18044,10,2011-12-05 14:26:00,16.445669291338582,4,0
18045,1,2011-10-25 13:07:00,4.147441860465117,45,0
18048,2,2011-05-20 14:58:00,24.612857142857145,203,1
18050,1,2010-12-15 14:25:00,14.88,359,1
18053,1,2011-09-30 09:05:00,15.001,71,0
18055,10,2011-12-02 14:25:00,18.88642458100559,7,0
18056,1,2011-02-24 14:27:00,19.139473684210525,288,1
18058,1,2011-11-30 08:38:00,56.72,10,0
18059,3,2011-11-16 16:49:00,17.025555555555556,23,0
18061,10,2011-11-18 11:20:00,46.0741304347826,22,0
18062,3,2011-06-19 14:47:00,26.685925925925925,173,1
18064,2,2011-07-29 16:39:00,116.28571428571429,133,1
18065,14,2011-12-04 10:30:00,17.465912408759124,6,0
18066,1,2011-09-25 15:30:00,31.8,75,0
18067,1,2011-10-30 15:58:00,10.711621621621621,40,0
18068,1,2011-02-23 14:50:00,101.7,289,1
18069,5,2011-11-13 16:03:00,4.396586433260394,26,0
18071,2,2011-03-27 11:59:00,18.12,258,1
18072,1,2011-06-07 10:44:00,13.746666666666666,186,1
18073,12,2011-08-17 14:02:00,53.60861111111112,114,1
18074,1,2010-12-01 09:53:00,37.66153846153846,374,1
18075,10,2011-11-16 15:21:00,18.392605633802816,23,0
18077,11,2011-12-01 13:32:00,11.589282511210762,8,0
18078,2,2011-05-06 14:32:00,11.590689655172413,217,1
18079,4,2011-10-25 15:27:00,29.37520325203252,45,0
18080,2,2011-11-21 08:02:00,615.75,19,0
18081,3,2011-11-03 16:30:00,20.20294117647059,36,0
18082,1,2011-11-14 12:45:00,9.726285714285714,26,0
18084,1,2011-11-23 13:57:00,90.48,16,0
18085,2,2011-01-13 15:17:00,23.79137931034483,330,1
18086,1,2011-03-10 13:34:00,14.477142857142857,274,1
18087,2,2011-09-02 15:12:00,2027.8600000000001,98,1
18088,1,2011-10-09 13:41:00,4.487297297297298,61,0
18092,11,2011-12-07 13:14:00,101.89056179775281,2,0
18093,4,2011-09-07 15:43:00,58.51444444444444,93,1
18094,7,2011-09-19 09:28:00,43.104285714285716,82,0
18095,2,2011-01-31 12:50:00,27.62142857142857,313,1
18096,3,2011-11-28 12:44:00,4.331938775510204,12,0
18097,6,2011-12-02 11:16:00,25.116981132075473,8,0
18099,1,2011-08-04 15:52:00,8.858421052631579,127,1
18101,2,2011-11-28 13:37:00,5.5600000000000005,11,0
18102,60,2011-12-09 11:50:00,602.45313225058,1,0
18104,1,2011-11-02 14:07:00,19.858947368421052,37,0
18105,1,2011-11-02 12:04:00,6.304444444444446,38,0
18106,1,2011-01-14 12:23:00,11.402702702702703,330,1
18108,1,2011-03-30 13:56:00,15.941176470588236,254,1
18109,26,2011-12-08 11:36:00,18.151746031746033,2,0
18110,1,2011-11-20 12:34:00,5.372972972972973,20,0
18112,2,2011-11-27 14:43:00,13.565,12,0
18113,1,2010-12-06 12:31:00,76.32000000000001,369,1
18114,1,2011-02-22 13:20:00,7.860714285714286,290,1
18116,8,2011-10-03 11:00:00,3.781967654986523,68,0
18117,1,2011-11-14 12:47:00,4.384027777777778,26,0
18118,26,2011-11-29 11:32:00,4.453745051464766,11,0
18119,1,2010-12-07 11:59:00,6.23103448275862,368,1
18120,1,2011-05-09 13:45:00,6.538235294117648,214,1
18121,2,2011-07-13 12:53:00,21.0741935483871,149,1
18122,6,2011-12-01 13:08:00,5.022577030812325,8,0
18123,2,2011-11-15 14:23:00,16.895294117647058,24,0
18125,4,2011-11-10 12:29:00,5.89453125,30,0
18126,1,2011-10-10 12:19:00,3.8638461538461537,61,0
18127,3,2011-11-20 14:05:00,7.545217391304347,19,0
18129,1,2011-04-10 14:16:00,8.039285714285715,243,1
18130,3,2011-11-24 14:40:00,15.134142857142859,15,0
18133,1,2011-05-11 14:14:00,931.5,212,1
18135,5,2011-11-10 19:32:00,34.0955,29,0
18136,3,2011-10-07 15:40:00,20.640263157894736,63,0
18138,1,2011-02-17 14:51:00,19.08125,295,1
18139,6,2011-11-22 10:44:00,53.07132075471698,18,0
18142,2,2011-07-05 13:19:00,67.968,157,1
18143,2,2011-08-15 12:07:00,16.396065573770493,117,1
18144,12,2011-12-02 12:46:00,67.18023255813954,8,0
18145,4,2011-11-27 11:22:00,12.94819004524887,13,0
18146,2,2011-07-22 12:08:00,16.035,141,1
18147,2,2011-10-25 11:46:00,25.62,46,0
18149,3,2011-10-20 12:04:00,38.254999999999995,51,0
18150,3,2011-11-07 16:49:00,15.312972972972974,32,0
18151,2,2011-07-28 11:35:00,17.193421052631578,135,1
18154,2,2011-12-06 16:41:00,19.009047619047617,3,0
18155,3,2011-09-25 13:32:00,14.8648,75,0
18156,2,2011-11-27 12:24:00,5.538032786885246,13,0
18158,2,2011-11-30 16:19:00,13.335294117647058,9,0
18159,1,2011-02-11 14:26:00,23.05,301,1
18160,2,2011-10-13 15:50:00,16.36051282051282,57,0
18161,5,2011-11-24 16:40:00,20.233625,15,0
18164,1,2011-11-02 12:56:00,16.652083333333334,37,0
18165,1,2011-06-15 13:23:00,30.246,177,1
18167,3,2011-11-16 15:56:00,37.428648648648654,23,0
18168,6,2011-06-16 19:21:00,8.923384615384615,176,1
18169,1,2011-10-10 12:18:00,22.516666666666666,61,0
18170,3,2011-11-06 14:35:00,25.79763157894737,33,0
18171,5,2011-10-12 09:13:00,22.802037037037035,59,0
18172,20,2011-11-25 11:12:00,40.00888888888889,15,0
18173,4,2011-09-14 11:26:00,67.9625806451613,87,0
18174,1,2011-12-02 16:56:00,104.0,7,0
18176,1,2010-12-16 15:45:00,15.878333333333334,358,1
18177,6,2011-11-08 14:44:00,18.368082191780825,31,0
18178,4,2011-08-03 09:30:00,16.400103092783503,129,1
18179,6,2011-11-30 16:23:00,19.924111111111113,9,0
18180,6,2011-12-05 08:39:00,15.493697478991596,5,0
18181,1,2011-11-15 15:08:00,8.947560975609756,24,0
18183,2,2011-04-26 15:26:00,17.082972972972975,227,1
18184,1,2011-11-24 15:28:00,49.8,15,0
18185,1,2011-04-04 13:42:00,17.897058823529413,249,1
18188,3,2011-11-24 16:46:00,28.183661971830986,15,0
18189,2,2011-09-23 12:40:00,16.032941176470587,78,0
18190,2,2011-05-31 14:48:00,18.964000000000002,192,1
18191,1,2011-03-23 12:08:00,29.685714285714287,262,1
18192,1,2011-09-29 09:53:00,21.288222222222224,72,0
18193,1,2011-06-27 13:58:00,15.235,165,1
18194,1,2011-09-18 13:29:00,139.12,82,0
18196,2,2011-09-05 16:22:00,4.93978417266187,95,1
18198,17,2011-12-05 14:49:00,34.12301886792453,4,0
18200,1,2011-08-25 18:45:00,5.011666666666667,106,1
18202,3,2011-05-24 12:12:00,20.543970588235293,200,1
18203,1,2011-07-05 13:07:00,8.443157894736842,157,1
18204,3,2011-09-29 16:44:00,10.28828125,71,0
18205,2,2011-11-03 13:22:00,16.1675,36,0
18209,1,2011-11-11 12:07:00,17.387500000000003,29,0
18210,6,2011-12-08 11:02:00,19.562537313432838,2,0
18211,5,2011-11-14 08:10:00,14.287380952380953,26,0
18212,1,2011-01-17 16:14:00,6.3549999999999995,326,1
18213,1,2011-04-17 10:21:00,15.498666666666669,237,1
18215,1,2011-09-11 16:05:00,23.02615384615385,89,0
18216,1,2011-11-08 16:55:00,18.528846153846153,31,0
18217,2,2011-11-10 13:18:00,20.056451612903224,29,0
18218,2,2011-05-12 12:53:00,32.096,211,1
18219,10,2011-12-07 11:43:00,18.155877192982455,3,0
18220,1,2011-04-27 09:03:00,152.64,227,1
18221,5,2011-11-17 14:40:00,16.27515625,22,0
18222,1,2011-09-08 10:45:00,23.31578947368421,93,1
18223,14,2011-12-05 09:11:00,23.840220588235294,5,0
18224,1,2011-03-21 10:30:00,15.895000000000001,264,1
18225,12,2011-12-06 13:27:00,20.46453531598513,3,0
18226,11,2011-10-26 13:36:00,21.603512396694217,44,0
18227,1,2011-05-06 12:23:00,18.75,218,1
18228,2,2011-10-14 09:21:00,25.996666666666666,57,0
18229,20,2011-11-28 09:48:00,44.37134146341463,12,0
18230,7,2011-11-30 13:22:00,32.67674418604651,9,0
18231,5,2011-05-31 14:18:00,16.843658536585366,192,1
18232,4,2011-09-19 11:49:00,16.026216216216216,82,0
18233,1,2011-01-18 08:44:00,440.0,326,1
18235,3,2011-09-29 08:27:00,17.273846153846154,72,0
18236,6,2011-11-10 08:06:00,18.004897959183673,30,0
18237,5,2011-12-07 12:49:00,16.181967213114753,3,0
18239,5,2011-05-05 12:38:00,17.745568181818182,219,1
18240,1,2011-10-24 13:06:00,70.42999999999999,46,0
18241,17,2011-11-30 12:10:00,19.933557692307694,10,0
18242,4,2011-09-28 13:43:00,28.62166666666667,72,0
18245,7,2011-12-02 14:48:00,14.668914285714285,7,0
18246,2,2011-11-16 11:49:00,149.025,24,0
18248,2,2011-08-09 10:19:00,17.1068085106383,123,1
18249,1,2011-11-22 15:07:00,11.9175,17,0
18250,1,2011-02-02 13:16:00,16.63190476190476,310,1
18251,1,2011-09-13 15:03:00,269.67,87,0
18252,2,2011-10-20 12:43:00,5.5135106382978725,51,0
18255,1,2011-09-11 13:16:00,17.21666666666667,89,0
18257,8,2011-10-31 14:48:00,19.81042372881356,39,0
18259,3,2011-11-15 12:34:00,55.68095238095238,25,0
18260,6,2011-06-20 12:37:00,19.76203007518797,173,1
18261,2,2011-10-27 15:36:00,15.440000000000001,43,0
18262,1,2011-07-22 16:04:00,11.498461538461537,140,1
18263,3,2011-11-14 09:00:00,19.887868852459018,26,0
18265,2,2011-09-28 14:10:00,17.424130434782608,72,0
18268,1,2011-07-28 19:13:00,25.5,134,1
18269,1,2010-12-08 13:53:00,24.08571428571429,366,1
18270,2,2011-11-01 13:57:00,25.740909090909096,38,0
18272,6,2011-12-07 12:43:00,18.54566265060241,3,0
18273,3,2011-12-07 13:16:00,68.0,2,0
18274,1,2011-11-09 17:03:00,15.992727272727272,30,0
18276,1,2011-10-27 10:54:00,23.990000000000002,44,0
18277,1,2011-10-12 15:22:00,13.7975,58,0
18278,1,2011-09-27 11:58:00,19.322222222222223,74,0
18280,1,2011-03-07 09:52:00,18.060000000000002,278,1
18281,1,2011-06-12 10:53:00,11.545714285714284,181,1
18282,2,2011-12-02 11:43:00,14.8375,8,0
18283,16,2011-12-06 12:02:00,2.8370735090152563,4,0
18287,3,2011-10-28 09:29:00,26.24685714285714,43,0
